TimeQuest Timing Analyzer report for Integrador
Wed Jul 30 19:01:52 2025
Quartus II 64-Bit Version 13.1.0 Build 162 10/23/2013 SJ Web Edition


---------------------
; Table of Contents ;
---------------------
  1. Legal Notice
  2. TimeQuest Timing Analyzer Summary
  3. Parallel Compilation
  4. Clocks
  5. Slow 1200mV 85C Model Fmax Summary
  6. Timing Closure Recommendations
  7. Slow 1200mV 85C Model Setup Summary
  8. Slow 1200mV 85C Model Hold Summary
  9. Slow 1200mV 85C Model Recovery Summary
 10. Slow 1200mV 85C Model Removal Summary
 11. Slow 1200mV 85C Model Minimum Pulse Width Summary
 12. Slow 1200mV 85C Model Setup: 'CLOCK'
 13. Slow 1200mV 85C Model Hold: 'CLOCK'
 14. Slow 1200mV 85C Model Minimum Pulse Width: 'CLOCK'
 15. Slow 1200mV 85C Model Minimum Pulse Width: 'LOADF'
 16. Slow 1200mV 85C Model Minimum Pulse Width: 'LOADI'
 17. Setup Times
 18. Hold Times
 19. Clock to Output Times
 20. Minimum Clock to Output Times
 21. Propagation Delay
 22. Minimum Propagation Delay
 23. Output Enable Times
 24. Minimum Output Enable Times
 25. Output Disable Times
 26. Minimum Output Disable Times
 27. Slow 1200mV 85C Model Metastability Report
 28. Slow 1200mV 0C Model Fmax Summary
 29. Slow 1200mV 0C Model Setup Summary
 30. Slow 1200mV 0C Model Hold Summary
 31. Slow 1200mV 0C Model Recovery Summary
 32. Slow 1200mV 0C Model Removal Summary
 33. Slow 1200mV 0C Model Minimum Pulse Width Summary
 34. Slow 1200mV 0C Model Setup: 'CLOCK'
 35. Slow 1200mV 0C Model Hold: 'CLOCK'
 36. Slow 1200mV 0C Model Minimum Pulse Width: 'CLOCK'
 37. Slow 1200mV 0C Model Minimum Pulse Width: 'LOADF'
 38. Slow 1200mV 0C Model Minimum Pulse Width: 'LOADI'
 39. Setup Times
 40. Hold Times
 41. Clock to Output Times
 42. Minimum Clock to Output Times
 43. Propagation Delay
 44. Minimum Propagation Delay
 45. Output Enable Times
 46. Minimum Output Enable Times
 47. Output Disable Times
 48. Minimum Output Disable Times
 49. Slow 1200mV 0C Model Metastability Report
 50. Fast 1200mV 0C Model Setup Summary
 51. Fast 1200mV 0C Model Hold Summary
 52. Fast 1200mV 0C Model Recovery Summary
 53. Fast 1200mV 0C Model Removal Summary
 54. Fast 1200mV 0C Model Minimum Pulse Width Summary
 55. Fast 1200mV 0C Model Setup: 'CLOCK'
 56. Fast 1200mV 0C Model Hold: 'CLOCK'
 57. Fast 1200mV 0C Model Minimum Pulse Width: 'CLOCK'
 58. Fast 1200mV 0C Model Minimum Pulse Width: 'LOADF'
 59. Fast 1200mV 0C Model Minimum Pulse Width: 'LOADI'
 60. Setup Times
 61. Hold Times
 62. Clock to Output Times
 63. Minimum Clock to Output Times
 64. Propagation Delay
 65. Minimum Propagation Delay
 66. Output Enable Times
 67. Minimum Output Enable Times
 68. Output Disable Times
 69. Minimum Output Disable Times
 70. Fast 1200mV 0C Model Metastability Report
 71. Multicorner Timing Analysis Summary
 72. Setup Times
 73. Hold Times
 74. Clock to Output Times
 75. Minimum Clock to Output Times
 76. Propagation Delay
 77. Minimum Propagation Delay
 78. Board Trace Model Assignments
 79. Input Transition Times
 80. Signal Integrity Metrics (Slow 1200mv 0c Model)
 81. Signal Integrity Metrics (Slow 1200mv 85c Model)
 82. Signal Integrity Metrics (Fast 1200mv 0c Model)
 83. Setup Transfers
 84. Hold Transfers
 85. Report TCCS
 86. Report RSKM
 87. Unconstrained Paths
 88. TimeQuest Timing Analyzer Messages



----------------
; Legal Notice ;
----------------
Copyright (C) 1991-2013 Altera Corporation
Your use of Altera Corporation's design tools, logic functions 
and other software and tools, and its AMPP partner logic 
functions, and any output files from any of the foregoing 
(including device programming or simulation files), and any 
associated documentation or information are expressly subject 
to the terms and conditions of the Altera Program License 
Subscription Agreement, Altera MegaCore Function License 
Agreement, or other applicable license agreement, including, 
without limitation, that your use is for the sole purpose of 
programming logic devices manufactured by Altera and sold by 
Altera or its authorized distributors.  Please refer to the 
applicable agreement for further details.



+-------------------------------------------------------------------------+
; TimeQuest Timing Analyzer Summary                                       ;
+--------------------+----------------------------------------------------+
; Quartus II Version ; Version 13.1.0 Build 162 10/23/2013 SJ Web Edition ;
; Revision Name      ; Integrador                                         ;
; Device Family      ; Cyclone IV GX                                      ;
; Device Name        ; EP4CGX22CF19C6                                     ;
; Timing Models      ; Final                                              ;
; Delay Model        ; Combined                                           ;
; Rise/Fall Delays   ; Enabled                                            ;
+--------------------+----------------------------------------------------+


+------------------------------------------+
; Parallel Compilation                     ;
+----------------------------+-------------+
; Processors                 ; Number      ;
+----------------------------+-------------+
; Number detected on machine ; 8           ;
; Maximum allowed            ; 4           ;
;                            ;             ;
; Average used               ; 1.00        ;
; Maximum used               ; 4           ;
;                            ;             ;
; Usage by Processor         ; % Time Used ;
;     Processor 1            ; 100.0%      ;
;     Processors 2-4         ; < 0.1%      ;
;     Processors 5-8         ;   0.0%      ;
+----------------------------+-------------+


+-----------------------------------------------------------------------------------------------------------------------------------------------------------------------------------+
; Clocks                                                                                                                                                                            ;
+------------+------+--------+------------+-------+-------+------------+-----------+-------------+-------+--------+-----------+------------+----------+--------+--------+-----------+
; Clock Name ; Type ; Period ; Frequency  ; Rise  ; Fall  ; Duty Cycle ; Divide by ; Multiply by ; Phase ; Offset ; Edge List ; Edge Shift ; Inverted ; Master ; Source ; Targets   ;
+------------+------+--------+------------+-------+-------+------------+-----------+-------------+-------+--------+-----------+------------+----------+--------+--------+-----------+
; CLOCK      ; Base ; 1.000  ; 1000.0 MHz ; 0.000 ; 0.500 ;            ;           ;             ;       ;        ;           ;            ;          ;        ;        ; { CLOCK } ;
; LOADF      ; Base ; 1.000  ; 1000.0 MHz ; 0.000 ; 0.500 ;            ;           ;             ;       ;        ;           ;            ;          ;        ;        ; { LOADF } ;
; LOADI      ; Base ; 1.000  ; 1000.0 MHz ; 0.000 ; 0.500 ;            ;           ;             ;       ;        ;           ;            ;          ;        ;        ; { LOADI } ;
+------------+------+--------+------------+-------+-------+------------+-----------+-------------+-------+--------+-----------+------------+----------+--------+--------+-----------+


+-----------------------------------------------------------------------------------------------------------+
; Slow 1200mV 85C Model Fmax Summary                                                                        ;
+------------+-----------------+------------+---------------------------------------------------------------+
; Fmax       ; Restricted Fmax ; Clock Name ; Note                                                          ;
+------------+-----------------+------------+---------------------------------------------------------------+
; 264.62 MHz ; 250.0 MHz       ; CLOCK      ; limit due to minimum period restriction (max I/O toggle rate) ;
+------------+-----------------+------------+---------------------------------------------------------------+
This panel reports FMAX for every clock in the design, regardless of the user-specified clock periods.  FMAX is only computed for paths where the source and destination registers or ports are driven by the same clock.  Paths of different clocks, including generated clocks, are ignored.  For paths between a clock and its inversion, FMAX is computed as if the rising and falling edges are scaled along with FMAX, such that the duty cycle (in terms of a percentage) is maintained. Altera recommends that you always use clock constraints and other slack reports for sign-off analysis.


----------------------------------
; Timing Closure Recommendations ;
----------------------------------
HTML report is unavailable in plain text report export.


+-------------------------------------+
; Slow 1200mV 85C Model Setup Summary ;
+-------+--------+--------------------+
; Clock ; Slack  ; End Point TNS      ;
+-------+--------+--------------------+
; CLOCK ; -5.387 ; -59.600            ;
+-------+--------+--------------------+


+------------------------------------+
; Slow 1200mV 85C Model Hold Summary ;
+-------+-------+--------------------+
; Clock ; Slack ; End Point TNS      ;
+-------+-------+--------------------+
; CLOCK ; 0.047 ; 0.000              ;
+-------+-------+--------------------+


------------------------------------------
; Slow 1200mV 85C Model Recovery Summary ;
------------------------------------------
No paths to report.


-----------------------------------------
; Slow 1200mV 85C Model Removal Summary ;
-----------------------------------------
No paths to report.


+---------------------------------------------------+
; Slow 1200mV 85C Model Minimum Pulse Width Summary ;
+-------+--------+----------------------------------+
; Clock ; Slack  ; End Point TNS                    ;
+-------+--------+----------------------------------+
; CLOCK ; -3.000 ; -18.000                          ;
; LOADF ; -3.000 ; -15.000                          ;
; LOADI ; -3.000 ; -15.000                          ;
+-------+--------+----------------------------------+


+----------------------------------------------------------------------------------------------------------------------------------------+
; Slow 1200mV 85C Model Setup: 'CLOCK'                                                                                                   ;
+--------+-------------------------------+-------------------------+--------------+-------------+--------------+------------+------------+
; Slack  ; From Node                     ; To Node                 ; Launch Clock ; Latch Clock ; Relationship ; Clock Skew ; Data Delay ;
+--------+-------------------------------+-------------------------+--------------+-------------+--------------+------------+------------+
; -5.387 ; registros:valorFinal|inst11   ; maquina:inst6|inst23    ; LOADF        ; CLOCK       ; 1.000        ; -2.681     ; 3.681      ;
; -5.296 ; registros:valorFinal|inst14   ; maquina:inst6|inst23    ; LOADF        ; CLOCK       ; 1.000        ; -2.683     ; 3.588      ;
; -5.276 ; registros:valorFinal|inst6    ; maquina:inst6|inst23    ; LOADF        ; CLOCK       ; 1.000        ; -2.681     ; 3.570      ;
; -5.272 ; registros:valorFinal|inst6    ; maquina:inst6|inst24    ; LOADF        ; CLOCK       ; 1.000        ; -2.681     ; 3.566      ;
; -5.247 ; registros:valorFinal|inst15   ; maquina:inst6|inst23    ; LOADF        ; CLOCK       ; 1.000        ; -2.681     ; 3.541      ;
; -5.245 ; registros:valorFinal|inst11   ; maquina:inst6|inst22    ; LOADF        ; CLOCK       ; 1.000        ; -2.681     ; 3.539      ;
; -5.230 ; registros:valorFinal|inst6    ; maquina:inst6|inst22    ; LOADF        ; CLOCK       ; 1.000        ; -2.681     ; 3.524      ;
; -5.180 ; registros:valorFinal|inst13   ; maquina:inst6|inst23    ; LOADF        ; CLOCK       ; 1.000        ; -2.681     ; 3.474      ;
; -5.154 ; registros:valorFinal|inst14   ; maquina:inst6|inst22    ; LOADF        ; CLOCK       ; 1.000        ; -2.683     ; 3.446      ;
; -5.144 ; registros:valorFinal|inst1    ; maquina:inst6|inst23    ; LOADF        ; CLOCK       ; 1.000        ; -2.681     ; 3.438      ;
; -5.140 ; registros:valorFinal|inst1    ; maquina:inst6|inst24    ; LOADF        ; CLOCK       ; 1.000        ; -2.681     ; 3.434      ;
; -5.105 ; registros:valorFinal|inst15   ; maquina:inst6|inst22    ; LOADF        ; CLOCK       ; 1.000        ; -2.681     ; 3.399      ;
; -5.098 ; registros:valorFinal|inst1    ; maquina:inst6|inst22    ; LOADF        ; CLOCK       ; 1.000        ; -2.681     ; 3.392      ;
; -5.087 ; registros:valorFinal|inst16   ; maquina:inst6|inst23    ; LOADF        ; CLOCK       ; 1.000        ; -2.683     ; 3.379      ;
; -5.083 ; registros:valorFinal|inst16   ; maquina:inst6|inst24    ; LOADF        ; CLOCK       ; 1.000        ; -2.683     ; 3.375      ;
; -5.073 ; registros:valorFinal|inst12   ; maquina:inst6|inst23    ; LOADF        ; CLOCK       ; 1.000        ; -2.683     ; 3.365      ;
; -5.048 ; registros:valorFinal|inst5    ; maquina:inst6|inst23    ; LOADF        ; CLOCK       ; 1.000        ; -2.681     ; 3.342      ;
; -5.044 ; registros:valorFinal|inst5    ; maquina:inst6|inst24    ; LOADF        ; CLOCK       ; 1.000        ; -2.681     ; 3.338      ;
; -5.041 ; registros:valorFinal|inst16   ; maquina:inst6|inst22    ; LOADF        ; CLOCK       ; 1.000        ; -2.683     ; 3.333      ;
; -5.038 ; registros:valorFinal|inst13   ; maquina:inst6|inst22    ; LOADF        ; CLOCK       ; 1.000        ; -2.681     ; 3.332      ;
; -5.029 ; registros:valorFinal|inst2    ; maquina:inst6|inst23    ; LOADF        ; CLOCK       ; 1.000        ; -2.681     ; 3.323      ;
; -5.026 ; registros:valorFinal|inst17   ; maquina:inst6|inst23    ; LOADF        ; CLOCK       ; 1.000        ; -2.681     ; 3.320      ;
; -5.022 ; registros:valorFinal|inst17   ; maquina:inst6|inst24    ; LOADF        ; CLOCK       ; 1.000        ; -2.681     ; 3.316      ;
; -5.002 ; registros:valorFinal|inst5    ; maquina:inst6|inst22    ; LOADF        ; CLOCK       ; 1.000        ; -2.681     ; 3.296      ;
; -5.000 ; registros:valorFinal|inst     ; maquina:inst6|inst23    ; LOADF        ; CLOCK       ; 1.000        ; -2.681     ; 3.294      ;
; -4.980 ; registros:valorFinal|inst17   ; maquina:inst6|inst22    ; LOADF        ; CLOCK       ; 1.000        ; -2.681     ; 3.274      ;
; -4.935 ; registros:valorFinal|inst     ; maquina:inst6|inst24    ; LOADF        ; CLOCK       ; 1.000        ; -2.681     ; 3.229      ;
; -4.931 ; registros:valorFinal|inst12   ; maquina:inst6|inst22    ; LOADF        ; CLOCK       ; 1.000        ; -2.683     ; 3.223      ;
; -4.893 ; registros:valorFinal|inst     ; maquina:inst6|inst22    ; LOADF        ; CLOCK       ; 1.000        ; -2.681     ; 3.187      ;
; -4.887 ; registros:valorFinal|inst2    ; maquina:inst6|inst22    ; LOADF        ; CLOCK       ; 1.000        ; -2.681     ; 3.181      ;
; -4.886 ; registros:valorFinal|inst15   ; maquina:inst6|inst24    ; LOADF        ; CLOCK       ; 1.000        ; -2.681     ; 3.180      ;
; -4.870 ; registros:valorFinal|inst2    ; maquina:inst6|inst24    ; LOADF        ; CLOCK       ; 1.000        ; -2.681     ; 3.164      ;
; -4.854 ; registros:valorFinal|inst12   ; maquina:inst6|inst24    ; LOADF        ; CLOCK       ; 1.000        ; -2.683     ; 3.146      ;
; -4.790 ; registros:valorFinal|inst14   ; maquina:inst6|inst24    ; LOADF        ; CLOCK       ; 1.000        ; -2.683     ; 3.082      ;
; -4.788 ; registros:valorFinal|inst13   ; maquina:inst6|inst24    ; LOADF        ; CLOCK       ; 1.000        ; -2.681     ; 3.082      ;
; -4.688 ; registros:valorFinal|inst11   ; maquina:inst6|inst24    ; LOADF        ; CLOCK       ; 1.000        ; -2.681     ; 2.982      ;
; -4.360 ; registros:valorInicial|inst5  ; maquina:inst6|inst23    ; LOADI        ; CLOCK       ; 1.000        ; -2.218     ; 3.117      ;
; -4.356 ; registros:valorInicial|inst5  ; maquina:inst6|inst24    ; LOADI        ; CLOCK       ; 1.000        ; -2.218     ; 3.113      ;
; -4.346 ; registros:valorInicial|inst6  ; maquina:inst6|inst23    ; LOADI        ; CLOCK       ; 1.000        ; -2.218     ; 3.103      ;
; -4.342 ; registros:valorInicial|inst6  ; maquina:inst6|inst24    ; LOADI        ; CLOCK       ; 1.000        ; -2.218     ; 3.099      ;
; -4.300 ; registros:valorInicial|inst6  ; maquina:inst6|inst22    ; LOADI        ; CLOCK       ; 1.000        ; -2.218     ; 3.057      ;
; -4.300 ; registros:valorInicial|inst1  ; registros:inst11|inst1  ; LOADI        ; CLOCK       ; 1.000        ; -2.949     ; 2.326      ;
; -4.300 ; registros:valorInicial|inst5  ; maquina:inst6|inst22    ; LOADI        ; CLOCK       ; 1.000        ; -2.218     ; 3.057      ;
; -4.292 ; registros:valorInicial|inst1  ; maquina:inst6|inst23    ; LOADI        ; CLOCK       ; 1.000        ; -2.218     ; 3.049      ;
; -4.288 ; registros:valorInicial|inst1  ; maquina:inst6|inst24    ; LOADI        ; CLOCK       ; 1.000        ; -2.218     ; 3.045      ;
; -4.235 ; registros:valorInicial|inst17 ; maquina:inst6|inst22    ; LOADI        ; CLOCK       ; 1.000        ; -2.218     ; 2.992      ;
; -4.217 ; registros:valorInicial|inst   ; maquina:inst6|inst23    ; LOADI        ; CLOCK       ; 1.000        ; -2.218     ; 2.974      ;
; -4.213 ; registros:valorInicial|inst   ; maquina:inst6|inst24    ; LOADI        ; CLOCK       ; 1.000        ; -2.218     ; 2.970      ;
; -4.203 ; registros:valorInicial|inst1  ; maquina:inst6|inst22    ; LOADI        ; CLOCK       ; 1.000        ; -2.218     ; 2.960      ;
; -4.157 ; registros:valorInicial|inst   ; maquina:inst6|inst22    ; LOADI        ; CLOCK       ; 1.000        ; -2.218     ; 2.914      ;
; -4.127 ; registros:valorInicial|inst14 ; maquina:inst6|inst22    ; LOADI        ; CLOCK       ; 1.000        ; -2.218     ; 2.884      ;
; -4.116 ; registros:valorInicial|inst17 ; maquina:inst6|inst23    ; LOADI        ; CLOCK       ; 1.000        ; -2.218     ; 2.873      ;
; -4.112 ; registros:valorInicial|inst17 ; maquina:inst6|inst24    ; LOADI        ; CLOCK       ; 1.000        ; -2.218     ; 2.869      ;
; -4.105 ; registros:valorInicial|inst12 ; maquina:inst6|inst22    ; LOADI        ; CLOCK       ; 1.000        ; -2.218     ; 2.862      ;
; -4.102 ; registros:valorInicial|inst16 ; maquina:inst6|inst23    ; LOADI        ; CLOCK       ; 1.000        ; -2.218     ; 2.859      ;
; -4.098 ; registros:valorInicial|inst16 ; maquina:inst6|inst24    ; LOADI        ; CLOCK       ; 1.000        ; -2.218     ; 2.855      ;
; -4.053 ; registros:valorInicial|inst11 ; maquina:inst6|inst22    ; LOADI        ; CLOCK       ; 1.000        ; -2.218     ; 2.810      ;
; -4.042 ; registros:valorInicial|inst16 ; maquina:inst6|inst22    ; LOADI        ; CLOCK       ; 1.000        ; -2.218     ; 2.799      ;
; -4.000 ; registros:valorInicial|inst15 ; maquina:inst6|inst23    ; LOADI        ; CLOCK       ; 1.000        ; -2.218     ; 2.757      ;
; -3.996 ; registros:valorInicial|inst15 ; maquina:inst6|inst24    ; LOADI        ; CLOCK       ; 1.000        ; -2.218     ; 2.753      ;
; -3.994 ; registros:valorInicial|inst14 ; maquina:inst6|inst23    ; LOADI        ; CLOCK       ; 1.000        ; -2.218     ; 2.751      ;
; -3.990 ; registros:valorInicial|inst14 ; maquina:inst6|inst24    ; LOADI        ; CLOCK       ; 1.000        ; -2.218     ; 2.747      ;
; -3.977 ; registros:valorInicial|inst12 ; maquina:inst6|inst23    ; LOADI        ; CLOCK       ; 1.000        ; -2.218     ; 2.734      ;
; -3.973 ; registros:valorInicial|inst12 ; maquina:inst6|inst24    ; LOADI        ; CLOCK       ; 1.000        ; -2.218     ; 2.730      ;
; -3.966 ; registros:valorInicial|inst6  ; registros:inst11|inst6  ; LOADI        ; CLOCK       ; 1.000        ; -2.949     ; 1.992      ;
; -3.954 ; registros:valorInicial|inst15 ; maquina:inst6|inst22    ; LOADI        ; CLOCK       ; 1.000        ; -2.218     ; 2.711      ;
; -3.896 ; registros:valorInicial|inst11 ; maquina:inst6|inst23    ; LOADI        ; CLOCK       ; 1.000        ; -2.218     ; 2.653      ;
; -3.892 ; registros:valorInicial|inst11 ; maquina:inst6|inst24    ; LOADI        ; CLOCK       ; 1.000        ; -2.218     ; 2.649      ;
; -3.885 ; registros:valorInicial|inst13 ; maquina:inst6|inst23    ; LOADI        ; CLOCK       ; 1.000        ; -2.218     ; 2.642      ;
; -3.881 ; registros:valorInicial|inst13 ; maquina:inst6|inst24    ; LOADI        ; CLOCK       ; 1.000        ; -2.218     ; 2.638      ;
; -3.839 ; registros:valorInicial|inst13 ; maquina:inst6|inst22    ; LOADI        ; CLOCK       ; 1.000        ; -2.218     ; 2.596      ;
; -3.817 ; registros:valorInicial|inst2  ; registros:inst11|inst2  ; LOADI        ; CLOCK       ; 1.000        ; -2.596     ; 2.196      ;
; -3.791 ; registros:valorInicial|inst5  ; registros:inst11|inst5  ; LOADI        ; CLOCK       ; 1.000        ; -2.949     ; 1.817      ;
; -3.770 ; registros:valorInicial|inst2  ; maquina:inst6|inst23    ; LOADI        ; CLOCK       ; 1.000        ; -2.218     ; 2.527      ;
; -3.766 ; registros:valorInicial|inst2  ; maquina:inst6|inst24    ; LOADI        ; CLOCK       ; 1.000        ; -2.218     ; 2.523      ;
; -3.724 ; registros:valorInicial|inst2  ; maquina:inst6|inst22    ; LOADI        ; CLOCK       ; 1.000        ; -2.218     ; 2.481      ;
; -3.638 ; registros:valorInicial|inst14 ; registros:inst11|inst14 ; LOADI        ; CLOCK       ; 1.000        ; -2.624     ; 1.989      ;
; -3.621 ; registros:valorInicial|inst16 ; registros:inst11|inst16 ; LOADI        ; CLOCK       ; 1.000        ; -2.624     ; 1.972      ;
; -3.609 ; registros:valorInicial|inst13 ; registros:inst11|inst13 ; LOADI        ; CLOCK       ; 1.000        ; -2.624     ; 1.960      ;
; -3.593 ; registros:valorInicial|inst11 ; registros:inst11|inst11 ; LOADI        ; CLOCK       ; 1.000        ; -2.596     ; 1.972      ;
; -3.486 ; registros:valorInicial|inst   ; registros:inst11|inst   ; LOADI        ; CLOCK       ; 1.000        ; -2.597     ; 1.864      ;
; -3.472 ; registros:valorInicial|inst12 ; registros:inst11|inst12 ; LOADI        ; CLOCK       ; 1.000        ; -2.596     ; 1.851      ;
; -3.205 ; registros:valorInicial|inst15 ; registros:inst11|inst15 ; LOADI        ; CLOCK       ; 1.000        ; -2.624     ; 1.556      ;
; -3.198 ; registros:valorInicial|inst17 ; registros:inst11|inst17 ; LOADI        ; CLOCK       ; 1.000        ; -2.949     ; 1.224      ;
; -2.779 ; registros:inst11|inst11       ; maquina:inst6|inst23    ; CLOCK        ; CLOCK       ; 1.000        ; 0.265      ; 4.039      ;
; -2.738 ; registros:inst11|inst6        ; registros:inst11|inst11 ; CLOCK        ; CLOCK       ; 1.000        ; 0.288      ; 4.021      ;
; -2.663 ; registros:inst11|inst2        ; maquina:inst6|inst23    ; CLOCK        ; CLOCK       ; 1.000        ; 0.265      ; 3.923      ;
; -2.637 ; registros:inst11|inst11       ; maquina:inst6|inst22    ; CLOCK        ; CLOCK       ; 1.000        ; 0.265      ; 3.897      ;
; -2.554 ; registros:inst11|inst5        ; registros:inst11|inst11 ; CLOCK        ; CLOCK       ; 1.000        ; 0.288      ; 3.837      ;
; -2.531 ; maquina:inst6|inst22          ; registros:inst11|inst1  ; CLOCK        ; CLOCK       ; 1.000        ; -0.860     ; 2.666      ;
; -2.521 ; registros:inst11|inst2        ; maquina:inst6|inst22    ; CLOCK        ; CLOCK       ; 1.000        ; 0.265      ; 3.781      ;
; -2.472 ; maquina:inst6|inst22          ; registros:inst11|inst   ; CLOCK        ; CLOCK       ; 1.000        ; -0.508     ; 2.959      ;
; -2.452 ; maquina:inst6|inst23          ; registros:inst11|inst1  ; CLOCK        ; CLOCK       ; 1.000        ; -0.860     ; 2.587      ;
; -2.439 ; registros:inst11|inst16       ; maquina:inst6|inst23    ; CLOCK        ; CLOCK       ; 1.000        ; 0.294      ; 3.728      ;
; -2.436 ; registros:inst11|inst12       ; maquina:inst6|inst23    ; CLOCK        ; CLOCK       ; 1.000        ; 0.265      ; 3.696      ;
; -2.423 ; maquina:inst6|inst23          ; registros:inst11|inst   ; CLOCK        ; CLOCK       ; 1.000        ; -0.508     ; 2.910      ;
; -2.422 ; maquina:inst6|inst22          ; registros:inst11|inst6  ; CLOCK        ; CLOCK       ; 1.000        ; -0.860     ; 2.557      ;
; -2.418 ; maquina:inst6|inst22          ; registros:inst11|inst5  ; CLOCK        ; CLOCK       ; 1.000        ; -0.860     ; 2.553      ;
; -2.398 ; registros:inst11|inst1        ; registros:inst11|inst11 ; CLOCK        ; CLOCK       ; 1.000        ; 0.288      ; 3.681      ;
; -2.334 ; maquina:inst6|inst23          ; registros:inst11|inst6  ; CLOCK        ; CLOCK       ; 1.000        ; -0.860     ; 2.469      ;
+--------+-------------------------------+-------------------------+--------------+-------------+--------------+------------+------------+


+---------------------------------------------------------------------------------------------------------------------------------+
; Slow 1200mV 85C Model Hold: 'CLOCK'                                                                                             ;
+-------+-------------------------+-------------------------+--------------+-------------+--------------+------------+------------+
; Slack ; From Node               ; To Node                 ; Launch Clock ; Latch Clock ; Relationship ; Clock Skew ; Data Delay ;
+-------+-------------------------+-------------------------+--------------+-------------+--------------+------------+------------+
; 0.047 ; LOADI                   ; maquina:inst6|inst24    ; LOADI        ; CLOCK       ; 0.000        ; 3.292      ; 3.536      ;
; 0.051 ; LOADF                   ; maquina:inst6|inst23    ; LOADF        ; CLOCK       ; 0.000        ; 3.292      ; 3.540      ;
; 0.134 ; LOADF                   ; maquina:inst6|inst24    ; LOADF        ; CLOCK       ; 0.000        ; 3.292      ; 3.623      ;
; 0.632 ; registros:inst11|inst14 ; registros:inst11|inst13 ; CLOCK        ; CLOCK       ; 0.000        ; 0.078      ; 0.867      ;
; 0.804 ; registros:inst11|inst13 ; registros:inst11|inst13 ; CLOCK        ; CLOCK       ; 0.000        ; 0.078      ; 1.039      ;
; 0.818 ; registros:inst11|inst16 ; registros:inst11|inst15 ; CLOCK        ; CLOCK       ; 0.000        ; 0.078      ; 1.053      ;
; 0.844 ; LOADF                   ; maquina:inst6|inst23    ; LOADF        ; CLOCK       ; -0.500       ; 3.292      ; 3.833      ;
; 0.874 ; maquina:inst6|inst23    ; maquina:inst6|inst22    ; CLOCK        ; CLOCK       ; 0.000        ; 0.045      ; 1.076      ;
; 0.879 ; LOADF                   ; maquina:inst6|inst24    ; LOADF        ; CLOCK       ; -0.500       ; 3.292      ; 3.868      ;
; 0.883 ; LOADI                   ; maquina:inst6|inst24    ; LOADI        ; CLOCK       ; -0.500       ; 3.292      ; 3.872      ;
; 0.943 ; maquina:inst6|inst24    ; maquina:inst6|inst22    ; CLOCK        ; CLOCK       ; 0.000        ; 0.045      ; 1.145      ;
; 0.975 ; maquina:inst6|inst23    ; maquina:inst6|inst24    ; CLOCK        ; CLOCK       ; 0.000        ; 0.045      ; 1.177      ;
; 0.978 ; maquina:inst6|inst23    ; maquina:inst6|inst23    ; CLOCK        ; CLOCK       ; 0.000        ; 0.045      ; 1.180      ;
; 1.053 ; registros:inst11|inst15 ; registros:inst11|inst15 ; CLOCK        ; CLOCK       ; 0.000        ; 0.078      ; 1.288      ;
; 1.179 ; registros:inst11|inst17 ; registros:inst11|inst15 ; CLOCK        ; CLOCK       ; 0.000        ; 0.403      ; 1.739      ;
; 1.181 ; registros:inst11|inst6  ; registros:inst11|inst6  ; CLOCK        ; CLOCK       ; 0.000        ; 0.065      ; 1.403      ;
; 1.184 ; registros:inst11|inst17 ; registros:inst11|inst17 ; CLOCK        ; CLOCK       ; 0.000        ; 0.065      ; 1.406      ;
; 1.288 ; registros:inst11|inst11 ; maquina:inst6|inst22    ; CLOCK        ; CLOCK       ; 0.000        ; 0.507      ; 1.952      ;
; 1.303 ; maquina:inst6|inst22    ; maquina:inst6|inst22    ; CLOCK        ; CLOCK       ; 0.000        ; 0.045      ; 1.505      ;
; 1.310 ; registros:inst11|inst   ; registros:inst11|inst17 ; CLOCK        ; CLOCK       ; 0.000        ; -0.287     ; 1.180      ;
; 1.311 ; registros:inst11|inst11 ; registros:inst11|inst11 ; CLOCK        ; CLOCK       ; 0.000        ; 0.079      ; 1.547      ;
; 1.356 ; registros:inst11|inst   ; registros:inst11|inst   ; CLOCK        ; CLOCK       ; 0.000        ; 0.079      ; 1.592      ;
; 1.358 ; maquina:inst6|inst24    ; maquina:inst6|inst23    ; CLOCK        ; CLOCK       ; 0.000        ; 0.045      ; 1.560      ;
; 1.366 ; maquina:inst6|inst22    ; maquina:inst6|inst24    ; CLOCK        ; CLOCK       ; 0.000        ; 0.045      ; 1.568      ;
; 1.367 ; registros:inst11|inst15 ; registros:inst11|inst13 ; CLOCK        ; CLOCK       ; 0.000        ; 0.078      ; 1.602      ;
; 1.381 ; maquina:inst6|inst22    ; maquina:inst6|inst23    ; CLOCK        ; CLOCK       ; 0.000        ; 0.045      ; 1.583      ;
; 1.443 ; registros:inst11|inst   ; registros:inst11|inst15 ; CLOCK        ; CLOCK       ; 0.000        ; 0.051      ; 1.651      ;
; 1.460 ; registros:inst11|inst11 ; maquina:inst6|inst23    ; CLOCK        ; CLOCK       ; 0.000        ; 0.507      ; 2.124      ;
; 1.461 ; maquina:inst6|inst24    ; registros:inst11|inst15 ; CLOCK        ; CLOCK       ; 0.000        ; -0.294     ; 1.324      ;
; 1.462 ; registros:inst11|inst14 ; registros:inst11|inst14 ; CLOCK        ; CLOCK       ; 0.000        ; 0.078      ; 1.697      ;
; 1.466 ; registros:inst11|inst1  ; registros:inst11|inst15 ; CLOCK        ; CLOCK       ; 0.000        ; 0.403      ; 2.026      ;
; 1.486 ; registros:inst11|inst1  ; registros:inst11|inst17 ; CLOCK        ; CLOCK       ; 0.000        ; 0.065      ; 1.708      ;
; 1.487 ; registros:inst11|inst17 ; registros:inst11|inst13 ; CLOCK        ; CLOCK       ; 0.000        ; 0.403      ; 2.047      ;
; 1.498 ; registros:inst11|inst12 ; registros:inst11|inst12 ; CLOCK        ; CLOCK       ; 0.000        ; 0.079      ; 1.734      ;
; 1.506 ; registros:inst11|inst12 ; registros:inst11|inst2  ; CLOCK        ; CLOCK       ; 0.000        ; 0.079      ; 1.742      ;
; 1.547 ; registros:inst11|inst1  ; registros:inst11|inst1  ; CLOCK        ; CLOCK       ; 0.000        ; 0.065      ; 1.769      ;
; 1.564 ; registros:inst11|inst1  ; registros:inst11|inst   ; CLOCK        ; CLOCK       ; 0.000        ; 0.431      ; 2.152      ;
; 1.605 ; maquina:inst6|inst24    ; maquina:inst6|inst24    ; CLOCK        ; CLOCK       ; 0.000        ; 0.045      ; 1.807      ;
; 1.615 ; registros:inst11|inst16 ; registros:inst11|inst13 ; CLOCK        ; CLOCK       ; 0.000        ; 0.078      ; 1.850      ;
; 1.639 ; maquina:inst6|inst23    ; registros:inst11|inst15 ; CLOCK        ; CLOCK       ; 0.000        ; -0.294     ; 1.502      ;
; 1.649 ; maquina:inst6|inst24    ; registros:inst11|inst13 ; CLOCK        ; CLOCK       ; 0.000        ; -0.294     ; 1.512      ;
; 1.652 ; registros:inst11|inst17 ; registros:inst11|inst16 ; CLOCK        ; CLOCK       ; 0.000        ; 0.403      ; 2.212      ;
; 1.668 ; registros:inst11|inst16 ; registros:inst11|inst16 ; CLOCK        ; CLOCK       ; 0.000        ; 0.078      ; 1.903      ;
; 1.691 ; registros:inst11|inst5  ; registros:inst11|inst15 ; CLOCK        ; CLOCK       ; 0.000        ; 0.403      ; 2.251      ;
; 1.700 ; registros:inst11|inst1  ; maquina:inst6|inst22    ; CLOCK        ; CLOCK       ; 0.000        ; 0.860      ; 2.717      ;
; 1.704 ; registros:inst11|inst13 ; registros:inst11|inst2  ; CLOCK        ; CLOCK       ; 0.000        ; 0.107      ; 1.968      ;
; 1.705 ; registros:inst11|inst13 ; registros:inst11|inst12 ; CLOCK        ; CLOCK       ; 0.000        ; 0.107      ; 1.969      ;
; 1.711 ; registros:inst11|inst5  ; registros:inst11|inst17 ; CLOCK        ; CLOCK       ; 0.000        ; 0.065      ; 1.933      ;
; 1.716 ; registros:inst11|inst14 ; registros:inst11|inst2  ; CLOCK        ; CLOCK       ; 0.000        ; 0.107      ; 1.980      ;
; 1.717 ; registros:inst11|inst14 ; registros:inst11|inst12 ; CLOCK        ; CLOCK       ; 0.000        ; 0.107      ; 1.981      ;
; 1.729 ; maquina:inst6|inst22    ; registros:inst11|inst15 ; CLOCK        ; CLOCK       ; 0.000        ; -0.294     ; 1.592      ;
; 1.751 ; registros:inst11|inst   ; registros:inst11|inst13 ; CLOCK        ; CLOCK       ; 0.000        ; 0.051      ; 1.959      ;
; 1.761 ; registros:inst11|inst6  ; maquina:inst6|inst22    ; CLOCK        ; CLOCK       ; 0.000        ; 0.860      ; 2.778      ;
; 1.774 ; registros:inst11|inst1  ; registros:inst11|inst13 ; CLOCK        ; CLOCK       ; 0.000        ; 0.403      ; 2.334      ;
; 1.789 ; registros:inst11|inst5  ; registros:inst11|inst   ; CLOCK        ; CLOCK       ; 0.000        ; 0.431      ; 2.377      ;
; 1.827 ; maquina:inst6|inst23    ; registros:inst11|inst13 ; CLOCK        ; CLOCK       ; 0.000        ; -0.294     ; 1.690      ;
; 1.829 ; registros:inst11|inst15 ; registros:inst11|inst14 ; CLOCK        ; CLOCK       ; 0.000        ; 0.078      ; 2.064      ;
; 1.852 ; registros:inst11|inst13 ; maquina:inst6|inst22    ; CLOCK        ; CLOCK       ; 0.000        ; 0.535      ; 2.544      ;
; 1.867 ; registros:inst11|inst14 ; maquina:inst6|inst22    ; CLOCK        ; CLOCK       ; 0.000        ; 0.535      ; 2.559      ;
; 1.872 ; registros:inst11|inst1  ; maquina:inst6|inst23    ; CLOCK        ; CLOCK       ; 0.000        ; 0.860      ; 2.889      ;
; 1.883 ; registros:inst11|inst6  ; registros:inst11|inst15 ; CLOCK        ; CLOCK       ; 0.000        ; 0.403      ; 2.443      ;
; 1.897 ; registros:inst11|inst15 ; registros:inst11|inst2  ; CLOCK        ; CLOCK       ; 0.000        ; 0.107      ; 2.161      ;
; 1.898 ; registros:inst11|inst15 ; registros:inst11|inst12 ; CLOCK        ; CLOCK       ; 0.000        ; 0.107      ; 2.162      ;
; 1.903 ; registros:inst11|inst6  ; registros:inst11|inst17 ; CLOCK        ; CLOCK       ; 0.000        ; 0.065      ; 2.125      ;
; 1.905 ; registros:inst11|inst5  ; maquina:inst6|inst22    ; CLOCK        ; CLOCK       ; 0.000        ; 0.860      ; 2.922      ;
; 1.912 ; registros:inst11|inst2  ; registros:inst11|inst2  ; CLOCK        ; CLOCK       ; 0.000        ; 0.079      ; 2.148      ;
; 1.916 ; registros:inst11|inst   ; registros:inst11|inst16 ; CLOCK        ; CLOCK       ; 0.000        ; 0.051      ; 2.124      ;
; 1.933 ; registros:inst11|inst6  ; maquina:inst6|inst23    ; CLOCK        ; CLOCK       ; 0.000        ; 0.860      ; 2.950      ;
; 1.939 ; registros:inst11|inst1  ; registros:inst11|inst16 ; CLOCK        ; CLOCK       ; 0.000        ; 0.403      ; 2.499      ;
; 1.941 ; maquina:inst6|inst22    ; registros:inst11|inst13 ; CLOCK        ; CLOCK       ; 0.000        ; -0.294     ; 1.804      ;
; 1.949 ; registros:inst11|inst17 ; registros:inst11|inst14 ; CLOCK        ; CLOCK       ; 0.000        ; 0.403      ; 2.509      ;
; 1.953 ; registros:inst11|inst12 ; registros:inst11|inst11 ; CLOCK        ; CLOCK       ; 0.000        ; 0.079      ; 2.189      ;
; 1.957 ; registros:inst11|inst17 ; maquina:inst6|inst22    ; CLOCK        ; CLOCK       ; 0.000        ; 0.860      ; 2.974      ;
; 1.974 ; registros:inst11|inst2  ; maquina:inst6|inst22    ; CLOCK        ; CLOCK       ; 0.000        ; 0.507      ; 2.638      ;
; 1.981 ; registros:inst11|inst6  ; registros:inst11|inst   ; CLOCK        ; CLOCK       ; 0.000        ; 0.431      ; 2.569      ;
; 1.981 ; registros:inst11|inst12 ; maquina:inst6|inst22    ; CLOCK        ; CLOCK       ; 0.000        ; 0.507      ; 2.645      ;
; 1.995 ; maquina:inst6|inst24    ; registros:inst11|inst12 ; CLOCK        ; CLOCK       ; 0.000        ; -0.265     ; 1.887      ;
; 1.995 ; maquina:inst6|inst24    ; registros:inst11|inst2  ; CLOCK        ; CLOCK       ; 0.000        ; -0.265     ; 1.887      ;
; 1.999 ; registros:inst11|inst5  ; registros:inst11|inst13 ; CLOCK        ; CLOCK       ; 0.000        ; 0.403      ; 2.559      ;
; 2.010 ; registros:inst11|inst15 ; maquina:inst6|inst22    ; CLOCK        ; CLOCK       ; 0.000        ; 0.535      ; 2.702      ;
; 2.017 ; registros:inst11|inst17 ; registros:inst11|inst2  ; CLOCK        ; CLOCK       ; 0.000        ; 0.432      ; 2.606      ;
; 2.018 ; registros:inst11|inst17 ; registros:inst11|inst12 ; CLOCK        ; CLOCK       ; 0.000        ; 0.432      ; 2.607      ;
; 2.024 ; registros:inst11|inst13 ; maquina:inst6|inst23    ; CLOCK        ; CLOCK       ; 0.000        ; 0.535      ; 2.716      ;
; 2.039 ; registros:inst11|inst5  ; registros:inst11|inst5  ; CLOCK        ; CLOCK       ; 0.000        ; 0.065      ; 2.261      ;
; 2.039 ; registros:inst11|inst14 ; maquina:inst6|inst23    ; CLOCK        ; CLOCK       ; 0.000        ; 0.535      ; 2.731      ;
; 2.057 ; registros:inst11|inst   ; maquina:inst6|inst22    ; CLOCK        ; CLOCK       ; 0.000        ; 0.508      ; 2.722      ;
; 2.077 ; registros:inst11|inst16 ; registros:inst11|inst14 ; CLOCK        ; CLOCK       ; 0.000        ; 0.078      ; 2.312      ;
; 2.077 ; registros:inst11|inst5  ; maquina:inst6|inst23    ; CLOCK        ; CLOCK       ; 0.000        ; 0.860      ; 3.094      ;
; 2.129 ; registros:inst11|inst17 ; maquina:inst6|inst23    ; CLOCK        ; CLOCK       ; 0.000        ; 0.860      ; 3.146      ;
; 2.145 ; registros:inst11|inst16 ; registros:inst11|inst2  ; CLOCK        ; CLOCK       ; 0.000        ; 0.107      ; 2.409      ;
; 2.146 ; registros:inst11|inst16 ; registros:inst11|inst12 ; CLOCK        ; CLOCK       ; 0.000        ; 0.107      ; 2.410      ;
; 2.146 ; registros:inst11|inst2  ; maquina:inst6|inst23    ; CLOCK        ; CLOCK       ; 0.000        ; 0.507      ; 2.810      ;
; 2.153 ; maquina:inst6|inst24    ; registros:inst11|inst17 ; CLOCK        ; CLOCK       ; 0.000        ; -0.632     ; 1.678      ;
; 2.153 ; registros:inst11|inst12 ; maquina:inst6|inst23    ; CLOCK        ; CLOCK       ; 0.000        ; 0.507      ; 2.817      ;
; 2.155 ; maquina:inst6|inst24    ; registros:inst11|inst11 ; CLOCK        ; CLOCK       ; 0.000        ; -0.265     ; 2.047      ;
; 2.163 ; registros:inst11|inst13 ; registros:inst11|inst11 ; CLOCK        ; CLOCK       ; 0.000        ; 0.107      ; 2.427      ;
; 2.164 ; registros:inst11|inst5  ; registros:inst11|inst16 ; CLOCK        ; CLOCK       ; 0.000        ; 0.403      ; 2.724      ;
; 2.173 ; maquina:inst6|inst23    ; registros:inst11|inst12 ; CLOCK        ; CLOCK       ; 0.000        ; -0.265     ; 2.065      ;
; 2.173 ; maquina:inst6|inst23    ; registros:inst11|inst2  ; CLOCK        ; CLOCK       ; 0.000        ; -0.265     ; 2.065      ;
; 2.175 ; registros:inst11|inst14 ; registros:inst11|inst11 ; CLOCK        ; CLOCK       ; 0.000        ; 0.107      ; 2.439      ;
+-------+-------------------------+-------------------------+--------------+-------------+--------------+------------+------------+


+--------------------------------------------------------------------------------------------------------------+
; Slow 1200mV 85C Model Minimum Pulse Width: 'CLOCK'                                                           ;
+--------+--------------+----------------+------------------+-------+------------+-----------------------------+
; Slack  ; Actual Width ; Required Width ; Type             ; Clock ; Clock Edge ; Target                      ;
+--------+--------------+----------------+------------------+-------+------------+-----------------------------+
; -3.000 ; 1.000        ; 4.000          ; Port Rate        ; CLOCK ; Rise       ; CLOCK                       ;
; -1.000 ; 1.000        ; 2.000          ; Min Period       ; CLOCK ; Rise       ; maquina:inst6|inst22        ;
; -1.000 ; 1.000        ; 2.000          ; Min Period       ; CLOCK ; Rise       ; maquina:inst6|inst23        ;
; -1.000 ; 1.000        ; 2.000          ; Min Period       ; CLOCK ; Rise       ; maquina:inst6|inst24        ;
; -1.000 ; 1.000        ; 2.000          ; Min Period       ; CLOCK ; Rise       ; registros:inst11|inst       ;
; -1.000 ; 1.000        ; 2.000          ; Min Period       ; CLOCK ; Rise       ; registros:inst11|inst1      ;
; -1.000 ; 1.000        ; 2.000          ; Min Period       ; CLOCK ; Rise       ; registros:inst11|inst11     ;
; -1.000 ; 1.000        ; 2.000          ; Min Period       ; CLOCK ; Rise       ; registros:inst11|inst12     ;
; -1.000 ; 1.000        ; 2.000          ; Min Period       ; CLOCK ; Rise       ; registros:inst11|inst13     ;
; -1.000 ; 1.000        ; 2.000          ; Min Period       ; CLOCK ; Rise       ; registros:inst11|inst14     ;
; -1.000 ; 1.000        ; 2.000          ; Min Period       ; CLOCK ; Rise       ; registros:inst11|inst15     ;
; -1.000 ; 1.000        ; 2.000          ; Min Period       ; CLOCK ; Rise       ; registros:inst11|inst16     ;
; -1.000 ; 1.000        ; 2.000          ; Min Period       ; CLOCK ; Rise       ; registros:inst11|inst17     ;
; -1.000 ; 1.000        ; 2.000          ; Min Period       ; CLOCK ; Rise       ; registros:inst11|inst2      ;
; -1.000 ; 1.000        ; 2.000          ; Min Period       ; CLOCK ; Rise       ; registros:inst11|inst5      ;
; -1.000 ; 1.000        ; 2.000          ; Min Period       ; CLOCK ; Rise       ; registros:inst11|inst6      ;
; 0.202  ; 0.386        ; 0.184          ; Low Pulse Width  ; CLOCK ; Rise       ; registros:inst11|inst       ;
; 0.202  ; 0.386        ; 0.184          ; Low Pulse Width  ; CLOCK ; Rise       ; registros:inst11|inst11     ;
; 0.202  ; 0.386        ; 0.184          ; Low Pulse Width  ; CLOCK ; Rise       ; registros:inst11|inst12     ;
; 0.202  ; 0.386        ; 0.184          ; Low Pulse Width  ; CLOCK ; Rise       ; registros:inst11|inst2      ;
; 0.214  ; 0.398        ; 0.184          ; Low Pulse Width  ; CLOCK ; Rise       ; registros:inst11|inst1      ;
; 0.214  ; 0.398        ; 0.184          ; Low Pulse Width  ; CLOCK ; Rise       ; registros:inst11|inst17     ;
; 0.214  ; 0.398        ; 0.184          ; Low Pulse Width  ; CLOCK ; Rise       ; registros:inst11|inst5      ;
; 0.214  ; 0.398        ; 0.184          ; Low Pulse Width  ; CLOCK ; Rise       ; registros:inst11|inst6      ;
; 0.216  ; 0.400        ; 0.184          ; Low Pulse Width  ; CLOCK ; Rise       ; registros:inst11|inst13     ;
; 0.216  ; 0.400        ; 0.184          ; Low Pulse Width  ; CLOCK ; Rise       ; registros:inst11|inst14     ;
; 0.216  ; 0.400        ; 0.184          ; Low Pulse Width  ; CLOCK ; Rise       ; registros:inst11|inst15     ;
; 0.216  ; 0.400        ; 0.184          ; Low Pulse Width  ; CLOCK ; Rise       ; registros:inst11|inst16     ;
; 0.286  ; 0.502        ; 0.216          ; High Pulse Width ; CLOCK ; Rise       ; maquina:inst6|inst22        ;
; 0.286  ; 0.502        ; 0.216          ; High Pulse Width ; CLOCK ; Rise       ; maquina:inst6|inst23        ;
; 0.286  ; 0.502        ; 0.216          ; High Pulse Width ; CLOCK ; Rise       ; maquina:inst6|inst24        ;
; 0.311  ; 0.495        ; 0.184          ; Low Pulse Width  ; CLOCK ; Rise       ; maquina:inst6|inst22        ;
; 0.311  ; 0.495        ; 0.184          ; Low Pulse Width  ; CLOCK ; Rise       ; maquina:inst6|inst23        ;
; 0.311  ; 0.495        ; 0.184          ; Low Pulse Width  ; CLOCK ; Rise       ; maquina:inst6|inst24        ;
; 0.326  ; 0.326        ; 0.000          ; Low Pulse Width  ; CLOCK ; Rise       ; CLOCK~input|o               ;
; 0.339  ; 0.339        ; 0.000          ; Low Pulse Width  ; CLOCK ; Rise       ; CLOCK~inputclkctrl|inclk[0] ;
; 0.339  ; 0.339        ; 0.000          ; Low Pulse Width  ; CLOCK ; Rise       ; CLOCK~inputclkctrl|outclk   ;
; 0.363  ; 0.363        ; 0.000          ; Low Pulse Width  ; CLOCK ; Rise       ; inst11|inst11|clk           ;
; 0.363  ; 0.363        ; 0.000          ; Low Pulse Width  ; CLOCK ; Rise       ; inst11|inst12|clk           ;
; 0.363  ; 0.363        ; 0.000          ; Low Pulse Width  ; CLOCK ; Rise       ; inst11|inst2|clk            ;
; 0.363  ; 0.363        ; 0.000          ; Low Pulse Width  ; CLOCK ; Rise       ; inst11|inst|clk             ;
; 0.374  ; 0.374        ; 0.000          ; Low Pulse Width  ; CLOCK ; Rise       ; inst11|inst17|clk           ;
; 0.374  ; 0.374        ; 0.000          ; Low Pulse Width  ; CLOCK ; Rise       ; inst11|inst1|clk            ;
; 0.374  ; 0.374        ; 0.000          ; Low Pulse Width  ; CLOCK ; Rise       ; inst11|inst5|clk            ;
; 0.374  ; 0.374        ; 0.000          ; Low Pulse Width  ; CLOCK ; Rise       ; inst11|inst6|clk            ;
; 0.376  ; 0.376        ; 0.000          ; Low Pulse Width  ; CLOCK ; Rise       ; inst11|inst13|clk           ;
; 0.376  ; 0.376        ; 0.000          ; Low Pulse Width  ; CLOCK ; Rise       ; inst11|inst14|clk           ;
; 0.376  ; 0.376        ; 0.000          ; Low Pulse Width  ; CLOCK ; Rise       ; inst11|inst15|clk           ;
; 0.376  ; 0.376        ; 0.000          ; Low Pulse Width  ; CLOCK ; Rise       ; inst11|inst16|clk           ;
; 0.384  ; 0.600        ; 0.216          ; High Pulse Width ; CLOCK ; Rise       ; registros:inst11|inst13     ;
; 0.384  ; 0.600        ; 0.216          ; High Pulse Width ; CLOCK ; Rise       ; registros:inst11|inst14     ;
; 0.384  ; 0.600        ; 0.216          ; High Pulse Width ; CLOCK ; Rise       ; registros:inst11|inst15     ;
; 0.384  ; 0.600        ; 0.216          ; High Pulse Width ; CLOCK ; Rise       ; registros:inst11|inst16     ;
; 0.386  ; 0.602        ; 0.216          ; High Pulse Width ; CLOCK ; Rise       ; registros:inst11|inst1      ;
; 0.386  ; 0.602        ; 0.216          ; High Pulse Width ; CLOCK ; Rise       ; registros:inst11|inst17     ;
; 0.386  ; 0.602        ; 0.216          ; High Pulse Width ; CLOCK ; Rise       ; registros:inst11|inst5      ;
; 0.386  ; 0.602        ; 0.216          ; High Pulse Width ; CLOCK ; Rise       ; registros:inst11|inst6      ;
; 0.397  ; 0.613        ; 0.216          ; High Pulse Width ; CLOCK ; Rise       ; registros:inst11|inst       ;
; 0.397  ; 0.613        ; 0.216          ; High Pulse Width ; CLOCK ; Rise       ; registros:inst11|inst11     ;
; 0.397  ; 0.613        ; 0.216          ; High Pulse Width ; CLOCK ; Rise       ; registros:inst11|inst12     ;
; 0.397  ; 0.613        ; 0.216          ; High Pulse Width ; CLOCK ; Rise       ; registros:inst11|inst2      ;
; 0.471  ; 0.471        ; 0.000          ; Low Pulse Width  ; CLOCK ; Rise       ; inst6|inst22|clk            ;
; 0.471  ; 0.471        ; 0.000          ; Low Pulse Width  ; CLOCK ; Rise       ; inst6|inst23|clk            ;
; 0.471  ; 0.471        ; 0.000          ; Low Pulse Width  ; CLOCK ; Rise       ; inst6|inst24|clk            ;
; 0.500  ; 0.500        ; 0.000          ; High Pulse Width ; CLOCK ; Rise       ; CLOCK~input|i               ;
; 0.500  ; 0.500        ; 0.000          ; Low Pulse Width  ; CLOCK ; Rise       ; CLOCK~input|i               ;
; 0.524  ; 0.524        ; 0.000          ; High Pulse Width ; CLOCK ; Rise       ; inst6|inst22|clk            ;
; 0.524  ; 0.524        ; 0.000          ; High Pulse Width ; CLOCK ; Rise       ; inst6|inst23|clk            ;
; 0.524  ; 0.524        ; 0.000          ; High Pulse Width ; CLOCK ; Rise       ; inst6|inst24|clk            ;
; 0.622  ; 0.622        ; 0.000          ; High Pulse Width ; CLOCK ; Rise       ; inst11|inst13|clk           ;
; 0.622  ; 0.622        ; 0.000          ; High Pulse Width ; CLOCK ; Rise       ; inst11|inst14|clk           ;
; 0.622  ; 0.622        ; 0.000          ; High Pulse Width ; CLOCK ; Rise       ; inst11|inst15|clk           ;
; 0.622  ; 0.622        ; 0.000          ; High Pulse Width ; CLOCK ; Rise       ; inst11|inst16|clk           ;
; 0.624  ; 0.624        ; 0.000          ; High Pulse Width ; CLOCK ; Rise       ; inst11|inst17|clk           ;
; 0.624  ; 0.624        ; 0.000          ; High Pulse Width ; CLOCK ; Rise       ; inst11|inst1|clk            ;
; 0.624  ; 0.624        ; 0.000          ; High Pulse Width ; CLOCK ; Rise       ; inst11|inst5|clk            ;
; 0.624  ; 0.624        ; 0.000          ; High Pulse Width ; CLOCK ; Rise       ; inst11|inst6|clk            ;
; 0.636  ; 0.636        ; 0.000          ; High Pulse Width ; CLOCK ; Rise       ; inst11|inst11|clk           ;
; 0.636  ; 0.636        ; 0.000          ; High Pulse Width ; CLOCK ; Rise       ; inst11|inst12|clk           ;
; 0.636  ; 0.636        ; 0.000          ; High Pulse Width ; CLOCK ; Rise       ; inst11|inst2|clk            ;
; 0.636  ; 0.636        ; 0.000          ; High Pulse Width ; CLOCK ; Rise       ; inst11|inst|clk             ;
; 0.661  ; 0.661        ; 0.000          ; High Pulse Width ; CLOCK ; Rise       ; CLOCK~inputclkctrl|inclk[0] ;
; 0.661  ; 0.661        ; 0.000          ; High Pulse Width ; CLOCK ; Rise       ; CLOCK~inputclkctrl|outclk   ;
; 0.674  ; 0.674        ; 0.000          ; High Pulse Width ; CLOCK ; Rise       ; CLOCK~input|o               ;
+--------+--------------+----------------+------------------+-------+------------+-----------------------------+


+--------------------------------------------------------------------------------------------------------------+
; Slow 1200mV 85C Model Minimum Pulse Width: 'LOADF'                                                           ;
+--------+--------------+----------------+------------------+-------+------------+-----------------------------+
; Slack  ; Actual Width ; Required Width ; Type             ; Clock ; Clock Edge ; Target                      ;
+--------+--------------+----------------+------------------+-------+------------+-----------------------------+
; -3.000 ; 1.000        ; 4.000          ; Port Rate        ; LOADF ; Rise       ; LOADF                       ;
; -1.000 ; 1.000        ; 2.000          ; Min Period       ; LOADF ; Rise       ; registros:valorFinal|inst   ;
; -1.000 ; 1.000        ; 2.000          ; Min Period       ; LOADF ; Rise       ; registros:valorFinal|inst1  ;
; -1.000 ; 1.000        ; 2.000          ; Min Period       ; LOADF ; Rise       ; registros:valorFinal|inst11 ;
; -1.000 ; 1.000        ; 2.000          ; Min Period       ; LOADF ; Rise       ; registros:valorFinal|inst12 ;
; -1.000 ; 1.000        ; 2.000          ; Min Period       ; LOADF ; Rise       ; registros:valorFinal|inst13 ;
; -1.000 ; 1.000        ; 2.000          ; Min Period       ; LOADF ; Rise       ; registros:valorFinal|inst14 ;
; -1.000 ; 1.000        ; 2.000          ; Min Period       ; LOADF ; Rise       ; registros:valorFinal|inst15 ;
; -1.000 ; 1.000        ; 2.000          ; Min Period       ; LOADF ; Rise       ; registros:valorFinal|inst16 ;
; -1.000 ; 1.000        ; 2.000          ; Min Period       ; LOADF ; Rise       ; registros:valorFinal|inst17 ;
; -1.000 ; 1.000        ; 2.000          ; Min Period       ; LOADF ; Rise       ; registros:valorFinal|inst2  ;
; -1.000 ; 1.000        ; 2.000          ; Min Period       ; LOADF ; Rise       ; registros:valorFinal|inst5  ;
; -1.000 ; 1.000        ; 2.000          ; Min Period       ; LOADF ; Rise       ; registros:valorFinal|inst6  ;
; 0.069  ; 0.253        ; 0.184          ; Low Pulse Width  ; LOADF ; Rise       ; registros:valorFinal|inst   ;
; 0.069  ; 0.253        ; 0.184          ; Low Pulse Width  ; LOADF ; Rise       ; registros:valorFinal|inst1  ;
; 0.069  ; 0.253        ; 0.184          ; Low Pulse Width  ; LOADF ; Rise       ; registros:valorFinal|inst11 ;
; 0.069  ; 0.253        ; 0.184          ; Low Pulse Width  ; LOADF ; Rise       ; registros:valorFinal|inst12 ;
; 0.069  ; 0.253        ; 0.184          ; Low Pulse Width  ; LOADF ; Rise       ; registros:valorFinal|inst13 ;
; 0.069  ; 0.253        ; 0.184          ; Low Pulse Width  ; LOADF ; Rise       ; registros:valorFinal|inst14 ;
; 0.069  ; 0.253        ; 0.184          ; Low Pulse Width  ; LOADF ; Rise       ; registros:valorFinal|inst15 ;
; 0.069  ; 0.253        ; 0.184          ; Low Pulse Width  ; LOADF ; Rise       ; registros:valorFinal|inst16 ;
; 0.069  ; 0.253        ; 0.184          ; Low Pulse Width  ; LOADF ; Rise       ; registros:valorFinal|inst17 ;
; 0.069  ; 0.253        ; 0.184          ; Low Pulse Width  ; LOADF ; Rise       ; registros:valorFinal|inst2  ;
; 0.069  ; 0.253        ; 0.184          ; Low Pulse Width  ; LOADF ; Rise       ; registros:valorFinal|inst5  ;
; 0.069  ; 0.253        ; 0.184          ; Low Pulse Width  ; LOADF ; Rise       ; registros:valorFinal|inst6  ;
; 0.189  ; 0.189        ; 0.000          ; Low Pulse Width  ; LOADF ; Rise       ; inst8|datab                 ;
; 0.201  ; 0.201        ; 0.000          ; Low Pulse Width  ; LOADF ; Rise       ; inst8~clkctrl|inclk[0]      ;
; 0.201  ; 0.201        ; 0.000          ; Low Pulse Width  ; LOADF ; Rise       ; inst8~clkctrl|outclk        ;
; 0.208  ; 0.208        ; 0.000          ; Low Pulse Width  ; LOADF ; Rise       ; inst8|combout               ;
; 0.231  ; 0.231        ; 0.000          ; Low Pulse Width  ; LOADF ; Rise       ; valorFinal|inst11|clk       ;
; 0.231  ; 0.231        ; 0.000          ; Low Pulse Width  ; LOADF ; Rise       ; valorFinal|inst12|clk       ;
; 0.231  ; 0.231        ; 0.000          ; Low Pulse Width  ; LOADF ; Rise       ; valorFinal|inst13|clk       ;
; 0.231  ; 0.231        ; 0.000          ; Low Pulse Width  ; LOADF ; Rise       ; valorFinal|inst14|clk       ;
; 0.231  ; 0.231        ; 0.000          ; Low Pulse Width  ; LOADF ; Rise       ; valorFinal|inst15|clk       ;
; 0.231  ; 0.231        ; 0.000          ; Low Pulse Width  ; LOADF ; Rise       ; valorFinal|inst16|clk       ;
; 0.231  ; 0.231        ; 0.000          ; Low Pulse Width  ; LOADF ; Rise       ; valorFinal|inst17|clk       ;
; 0.231  ; 0.231        ; 0.000          ; Low Pulse Width  ; LOADF ; Rise       ; valorFinal|inst1|clk        ;
; 0.231  ; 0.231        ; 0.000          ; Low Pulse Width  ; LOADF ; Rise       ; valorFinal|inst2|clk        ;
; 0.231  ; 0.231        ; 0.000          ; Low Pulse Width  ; LOADF ; Rise       ; valorFinal|inst5|clk        ;
; 0.231  ; 0.231        ; 0.000          ; Low Pulse Width  ; LOADF ; Rise       ; valorFinal|inst6|clk        ;
; 0.231  ; 0.231        ; 0.000          ; Low Pulse Width  ; LOADF ; Rise       ; valorFinal|inst|clk         ;
; 0.326  ; 0.326        ; 0.000          ; Low Pulse Width  ; LOADF ; Rise       ; LOADF~input|o               ;
; 0.500  ; 0.500        ; 0.000          ; High Pulse Width ; LOADF ; Rise       ; LOADF~input|i               ;
; 0.500  ; 0.500        ; 0.000          ; Low Pulse Width  ; LOADF ; Rise       ; LOADF~input|i               ;
; 0.525  ; 0.741        ; 0.216          ; High Pulse Width ; LOADF ; Rise       ; registros:valorFinal|inst   ;
; 0.525  ; 0.741        ; 0.216          ; High Pulse Width ; LOADF ; Rise       ; registros:valorFinal|inst1  ;
; 0.525  ; 0.741        ; 0.216          ; High Pulse Width ; LOADF ; Rise       ; registros:valorFinal|inst11 ;
; 0.525  ; 0.741        ; 0.216          ; High Pulse Width ; LOADF ; Rise       ; registros:valorFinal|inst12 ;
; 0.525  ; 0.741        ; 0.216          ; High Pulse Width ; LOADF ; Rise       ; registros:valorFinal|inst13 ;
; 0.525  ; 0.741        ; 0.216          ; High Pulse Width ; LOADF ; Rise       ; registros:valorFinal|inst14 ;
; 0.525  ; 0.741        ; 0.216          ; High Pulse Width ; LOADF ; Rise       ; registros:valorFinal|inst15 ;
; 0.525  ; 0.741        ; 0.216          ; High Pulse Width ; LOADF ; Rise       ; registros:valorFinal|inst16 ;
; 0.525  ; 0.741        ; 0.216          ; High Pulse Width ; LOADF ; Rise       ; registros:valorFinal|inst17 ;
; 0.525  ; 0.741        ; 0.216          ; High Pulse Width ; LOADF ; Rise       ; registros:valorFinal|inst2  ;
; 0.525  ; 0.741        ; 0.216          ; High Pulse Width ; LOADF ; Rise       ; registros:valorFinal|inst5  ;
; 0.525  ; 0.741        ; 0.216          ; High Pulse Width ; LOADF ; Rise       ; registros:valorFinal|inst6  ;
; 0.674  ; 0.674        ; 0.000          ; High Pulse Width ; LOADF ; Rise       ; LOADF~input|o               ;
; 0.765  ; 0.765        ; 0.000          ; High Pulse Width ; LOADF ; Rise       ; valorFinal|inst11|clk       ;
; 0.765  ; 0.765        ; 0.000          ; High Pulse Width ; LOADF ; Rise       ; valorFinal|inst12|clk       ;
; 0.765  ; 0.765        ; 0.000          ; High Pulse Width ; LOADF ; Rise       ; valorFinal|inst13|clk       ;
; 0.765  ; 0.765        ; 0.000          ; High Pulse Width ; LOADF ; Rise       ; valorFinal|inst14|clk       ;
; 0.765  ; 0.765        ; 0.000          ; High Pulse Width ; LOADF ; Rise       ; valorFinal|inst15|clk       ;
; 0.765  ; 0.765        ; 0.000          ; High Pulse Width ; LOADF ; Rise       ; valorFinal|inst16|clk       ;
; 0.765  ; 0.765        ; 0.000          ; High Pulse Width ; LOADF ; Rise       ; valorFinal|inst17|clk       ;
; 0.765  ; 0.765        ; 0.000          ; High Pulse Width ; LOADF ; Rise       ; valorFinal|inst1|clk        ;
; 0.765  ; 0.765        ; 0.000          ; High Pulse Width ; LOADF ; Rise       ; valorFinal|inst2|clk        ;
; 0.765  ; 0.765        ; 0.000          ; High Pulse Width ; LOADF ; Rise       ; valorFinal|inst5|clk        ;
; 0.765  ; 0.765        ; 0.000          ; High Pulse Width ; LOADF ; Rise       ; valorFinal|inst6|clk        ;
; 0.765  ; 0.765        ; 0.000          ; High Pulse Width ; LOADF ; Rise       ; valorFinal|inst|clk         ;
; 0.788  ; 0.788        ; 0.000          ; High Pulse Width ; LOADF ; Rise       ; inst8|combout               ;
; 0.794  ; 0.794        ; 0.000          ; High Pulse Width ; LOADF ; Rise       ; inst8~clkctrl|inclk[0]      ;
; 0.794  ; 0.794        ; 0.000          ; High Pulse Width ; LOADF ; Rise       ; inst8~clkctrl|outclk        ;
; 0.805  ; 0.805        ; 0.000          ; High Pulse Width ; LOADF ; Rise       ; inst8|datab                 ;
+--------+--------------+----------------+------------------+-------+------------+-----------------------------+


+----------------------------------------------------------------------------------------------------------------+
; Slow 1200mV 85C Model Minimum Pulse Width: 'LOADI'                                                             ;
+--------+--------------+----------------+------------------+-------+------------+-------------------------------+
; Slack  ; Actual Width ; Required Width ; Type             ; Clock ; Clock Edge ; Target                        ;
+--------+--------------+----------------+------------------+-------+------------+-------------------------------+
; -3.000 ; 1.000        ; 4.000          ; Port Rate        ; LOADI ; Rise       ; LOADI                         ;
; -1.000 ; 1.000        ; 2.000          ; Min Period       ; LOADI ; Rise       ; registros:valorInicial|inst   ;
; -1.000 ; 1.000        ; 2.000          ; Min Period       ; LOADI ; Rise       ; registros:valorInicial|inst1  ;
; -1.000 ; 1.000        ; 2.000          ; Min Period       ; LOADI ; Rise       ; registros:valorInicial|inst11 ;
; -1.000 ; 1.000        ; 2.000          ; Min Period       ; LOADI ; Rise       ; registros:valorInicial|inst12 ;
; -1.000 ; 1.000        ; 2.000          ; Min Period       ; LOADI ; Rise       ; registros:valorInicial|inst13 ;
; -1.000 ; 1.000        ; 2.000          ; Min Period       ; LOADI ; Rise       ; registros:valorInicial|inst14 ;
; -1.000 ; 1.000        ; 2.000          ; Min Period       ; LOADI ; Rise       ; registros:valorInicial|inst15 ;
; -1.000 ; 1.000        ; 2.000          ; Min Period       ; LOADI ; Rise       ; registros:valorInicial|inst16 ;
; -1.000 ; 1.000        ; 2.000          ; Min Period       ; LOADI ; Rise       ; registros:valorInicial|inst17 ;
; -1.000 ; 1.000        ; 2.000          ; Min Period       ; LOADI ; Rise       ; registros:valorInicial|inst2  ;
; -1.000 ; 1.000        ; 2.000          ; Min Period       ; LOADI ; Rise       ; registros:valorInicial|inst5  ;
; -1.000 ; 1.000        ; 2.000          ; Min Period       ; LOADI ; Rise       ; registros:valorInicial|inst6  ;
; 0.182  ; 0.366        ; 0.184          ; Low Pulse Width  ; LOADI ; Rise       ; registros:valorInicial|inst   ;
; 0.182  ; 0.366        ; 0.184          ; Low Pulse Width  ; LOADI ; Rise       ; registros:valorInicial|inst1  ;
; 0.182  ; 0.366        ; 0.184          ; Low Pulse Width  ; LOADI ; Rise       ; registros:valorInicial|inst11 ;
; 0.182  ; 0.366        ; 0.184          ; Low Pulse Width  ; LOADI ; Rise       ; registros:valorInicial|inst12 ;
; 0.182  ; 0.366        ; 0.184          ; Low Pulse Width  ; LOADI ; Rise       ; registros:valorInicial|inst13 ;
; 0.182  ; 0.366        ; 0.184          ; Low Pulse Width  ; LOADI ; Rise       ; registros:valorInicial|inst14 ;
; 0.182  ; 0.366        ; 0.184          ; Low Pulse Width  ; LOADI ; Rise       ; registros:valorInicial|inst15 ;
; 0.182  ; 0.366        ; 0.184          ; Low Pulse Width  ; LOADI ; Rise       ; registros:valorInicial|inst16 ;
; 0.182  ; 0.366        ; 0.184          ; Low Pulse Width  ; LOADI ; Rise       ; registros:valorInicial|inst17 ;
; 0.182  ; 0.366        ; 0.184          ; Low Pulse Width  ; LOADI ; Rise       ; registros:valorInicial|inst2  ;
; 0.182  ; 0.366        ; 0.184          ; Low Pulse Width  ; LOADI ; Rise       ; registros:valorInicial|inst5  ;
; 0.182  ; 0.366        ; 0.184          ; Low Pulse Width  ; LOADI ; Rise       ; registros:valorInicial|inst6  ;
; 0.301  ; 0.301        ; 0.000          ; Low Pulse Width  ; LOADI ; Rise       ; inst11s|datab                 ;
; 0.303  ; 0.303        ; 0.000          ; Low Pulse Width  ; LOADI ; Rise       ; inst11s~clkctrl|inclk[0]      ;
; 0.303  ; 0.303        ; 0.000          ; Low Pulse Width  ; LOADI ; Rise       ; inst11s~clkctrl|outclk        ;
; 0.307  ; 0.307        ; 0.000          ; Low Pulse Width  ; LOADI ; Rise       ; inst11s|combout               ;
; 0.326  ; 0.326        ; 0.000          ; Low Pulse Width  ; LOADI ; Rise       ; LOADI~input|o                 ;
; 0.342  ; 0.342        ; 0.000          ; Low Pulse Width  ; LOADI ; Rise       ; valorInicial|inst11|clk       ;
; 0.342  ; 0.342        ; 0.000          ; Low Pulse Width  ; LOADI ; Rise       ; valorInicial|inst12|clk       ;
; 0.342  ; 0.342        ; 0.000          ; Low Pulse Width  ; LOADI ; Rise       ; valorInicial|inst13|clk       ;
; 0.342  ; 0.342        ; 0.000          ; Low Pulse Width  ; LOADI ; Rise       ; valorInicial|inst14|clk       ;
; 0.342  ; 0.342        ; 0.000          ; Low Pulse Width  ; LOADI ; Rise       ; valorInicial|inst15|clk       ;
; 0.342  ; 0.342        ; 0.000          ; Low Pulse Width  ; LOADI ; Rise       ; valorInicial|inst16|clk       ;
; 0.342  ; 0.342        ; 0.000          ; Low Pulse Width  ; LOADI ; Rise       ; valorInicial|inst17|clk       ;
; 0.342  ; 0.342        ; 0.000          ; Low Pulse Width  ; LOADI ; Rise       ; valorInicial|inst1|clk        ;
; 0.342  ; 0.342        ; 0.000          ; Low Pulse Width  ; LOADI ; Rise       ; valorInicial|inst2|clk        ;
; 0.342  ; 0.342        ; 0.000          ; Low Pulse Width  ; LOADI ; Rise       ; valorInicial|inst5|clk        ;
; 0.342  ; 0.342        ; 0.000          ; Low Pulse Width  ; LOADI ; Rise       ; valorInicial|inst6|clk        ;
; 0.342  ; 0.342        ; 0.000          ; Low Pulse Width  ; LOADI ; Rise       ; valorInicial|inst|clk         ;
; 0.418  ; 0.634        ; 0.216          ; High Pulse Width ; LOADI ; Rise       ; registros:valorInicial|inst   ;
; 0.418  ; 0.634        ; 0.216          ; High Pulse Width ; LOADI ; Rise       ; registros:valorInicial|inst1  ;
; 0.418  ; 0.634        ; 0.216          ; High Pulse Width ; LOADI ; Rise       ; registros:valorInicial|inst11 ;
; 0.418  ; 0.634        ; 0.216          ; High Pulse Width ; LOADI ; Rise       ; registros:valorInicial|inst12 ;
; 0.418  ; 0.634        ; 0.216          ; High Pulse Width ; LOADI ; Rise       ; registros:valorInicial|inst13 ;
; 0.418  ; 0.634        ; 0.216          ; High Pulse Width ; LOADI ; Rise       ; registros:valorInicial|inst14 ;
; 0.418  ; 0.634        ; 0.216          ; High Pulse Width ; LOADI ; Rise       ; registros:valorInicial|inst15 ;
; 0.418  ; 0.634        ; 0.216          ; High Pulse Width ; LOADI ; Rise       ; registros:valorInicial|inst16 ;
; 0.418  ; 0.634        ; 0.216          ; High Pulse Width ; LOADI ; Rise       ; registros:valorInicial|inst17 ;
; 0.418  ; 0.634        ; 0.216          ; High Pulse Width ; LOADI ; Rise       ; registros:valorInicial|inst2  ;
; 0.418  ; 0.634        ; 0.216          ; High Pulse Width ; LOADI ; Rise       ; registros:valorInicial|inst5  ;
; 0.418  ; 0.634        ; 0.216          ; High Pulse Width ; LOADI ; Rise       ; registros:valorInicial|inst6  ;
; 0.500  ; 0.500        ; 0.000          ; High Pulse Width ; LOADI ; Rise       ; LOADI~input|i                 ;
; 0.500  ; 0.500        ; 0.000          ; Low Pulse Width  ; LOADI ; Rise       ; LOADI~input|i                 ;
; 0.656  ; 0.656        ; 0.000          ; High Pulse Width ; LOADI ; Rise       ; valorInicial|inst11|clk       ;
; 0.656  ; 0.656        ; 0.000          ; High Pulse Width ; LOADI ; Rise       ; valorInicial|inst12|clk       ;
; 0.656  ; 0.656        ; 0.000          ; High Pulse Width ; LOADI ; Rise       ; valorInicial|inst13|clk       ;
; 0.656  ; 0.656        ; 0.000          ; High Pulse Width ; LOADI ; Rise       ; valorInicial|inst14|clk       ;
; 0.656  ; 0.656        ; 0.000          ; High Pulse Width ; LOADI ; Rise       ; valorInicial|inst15|clk       ;
; 0.656  ; 0.656        ; 0.000          ; High Pulse Width ; LOADI ; Rise       ; valorInicial|inst16|clk       ;
; 0.656  ; 0.656        ; 0.000          ; High Pulse Width ; LOADI ; Rise       ; valorInicial|inst17|clk       ;
; 0.656  ; 0.656        ; 0.000          ; High Pulse Width ; LOADI ; Rise       ; valorInicial|inst1|clk        ;
; 0.656  ; 0.656        ; 0.000          ; High Pulse Width ; LOADI ; Rise       ; valorInicial|inst2|clk        ;
; 0.656  ; 0.656        ; 0.000          ; High Pulse Width ; LOADI ; Rise       ; valorInicial|inst5|clk        ;
; 0.656  ; 0.656        ; 0.000          ; High Pulse Width ; LOADI ; Rise       ; valorInicial|inst6|clk        ;
; 0.656  ; 0.656        ; 0.000          ; High Pulse Width ; LOADI ; Rise       ; valorInicial|inst|clk         ;
; 0.674  ; 0.674        ; 0.000          ; High Pulse Width ; LOADI ; Rise       ; LOADI~input|o                 ;
; 0.692  ; 0.692        ; 0.000          ; High Pulse Width ; LOADI ; Rise       ; inst11s|combout               ;
; 0.696  ; 0.696        ; 0.000          ; High Pulse Width ; LOADI ; Rise       ; inst11s~clkctrl|inclk[0]      ;
; 0.696  ; 0.696        ; 0.000          ; High Pulse Width ; LOADI ; Rise       ; inst11s~clkctrl|outclk        ;
; 0.698  ; 0.698        ; 0.000          ; High Pulse Width ; LOADI ; Rise       ; inst11s|datab                 ;
+--------+--------------+----------------+------------------+-------+------------+-------------------------------+


+-------------------------------------------------------------------------+
; Setup Times                                                             ;
+-----------+------------+--------+--------+------------+-----------------+
; Data Port ; Clock Port ; Rise   ; Fall   ; Clock Edge ; Clock Reference ;
+-----------+------------+--------+--------+------------+-----------------+
; CONTINUAR ; CLOCK      ; 3.455  ; 3.969  ; Rise       ; CLOCK           ;
; LOADF     ; CLOCK      ; 0.651  ; 0.885  ; Rise       ; CLOCK           ;
; LOADI     ; CLOCK      ; 0.518  ; 0.906  ; Rise       ; CLOCK           ;
; RECARGAR  ; CLOCK      ; 1.456  ; 1.935  ; Rise       ; CLOCK           ;
; START     ; CLOCK      ; 1.687  ; 2.191  ; Rise       ; CLOCK           ;
; UP_DOWN   ; CLOCK      ; 4.896  ; 5.411  ; Rise       ; CLOCK           ;
; b0        ; CLOCK      ; 4.996  ; 5.489  ; Rise       ; CLOCK           ;
; b1        ; CLOCK      ; 4.919  ; 5.350  ; Rise       ; CLOCK           ;
; b2        ; CLOCK      ; 4.972  ; 5.514  ; Rise       ; CLOCK           ;
; DATA[*]   ; LOADF      ; -1.107 ; -0.637 ; Rise       ; LOADF           ;
;  DATA[0]  ; LOADF      ; -1.407 ; -0.960 ; Rise       ; LOADF           ;
;  DATA[1]  ; LOADF      ; -1.684 ; -1.248 ; Rise       ; LOADF           ;
;  DATA[2]  ; LOADF      ; -1.150 ; -0.723 ; Rise       ; LOADF           ;
;  DATA[3]  ; LOADF      ; -1.151 ; -0.696 ; Rise       ; LOADF           ;
;  DATA[4]  ; LOADF      ; -1.307 ; -0.850 ; Rise       ; LOADF           ;
;  DATA[5]  ; LOADF      ; -1.374 ; -0.941 ; Rise       ; LOADF           ;
;  DATA[6]  ; LOADF      ; -1.131 ; -0.646 ; Rise       ; LOADF           ;
;  DATA[7]  ; LOADF      ; -1.358 ; -0.883 ; Rise       ; LOADF           ;
;  DATA[8]  ; LOADF      ; -1.107 ; -0.637 ; Rise       ; LOADF           ;
;  DATA[9]  ; LOADF      ; -1.233 ; -0.770 ; Rise       ; LOADF           ;
;  DATA[10] ; LOADF      ; -1.121 ; -0.665 ; Rise       ; LOADF           ;
;  DATA[11] ; LOADF      ; -1.145 ; -0.638 ; Rise       ; LOADF           ;
; DATA[*]   ; LOADI      ; -0.487 ; 0.015  ; Rise       ; LOADI           ;
;  DATA[0]  ; LOADI      ; -1.067 ; -0.630 ; Rise       ; LOADI           ;
;  DATA[1]  ; LOADI      ; -1.055 ; -0.612 ; Rise       ; LOADI           ;
;  DATA[2]  ; LOADI      ; -0.968 ; -0.501 ; Rise       ; LOADI           ;
;  DATA[3]  ; LOADI      ; -0.641 ; -0.178 ; Rise       ; LOADI           ;
;  DATA[4]  ; LOADI      ; -0.863 ; -0.407 ; Rise       ; LOADI           ;
;  DATA[5]  ; LOADI      ; -0.701 ; -0.194 ; Rise       ; LOADI           ;
;  DATA[6]  ; LOADI      ; -0.773 ; -0.354 ; Rise       ; LOADI           ;
;  DATA[7]  ; LOADI      ; -0.792 ; -0.351 ; Rise       ; LOADI           ;
;  DATA[8]  ; LOADI      ; -0.665 ; -0.199 ; Rise       ; LOADI           ;
;  DATA[9]  ; LOADI      ; -1.023 ; -0.554 ; Rise       ; LOADI           ;
;  DATA[10] ; LOADI      ; -0.893 ; -0.414 ; Rise       ; LOADI           ;
;  DATA[11] ; LOADI      ; -0.487 ; 0.015  ; Rise       ; LOADI           ;
+-----------+------------+--------+--------+------------+-----------------+


+-------------------------------------------------------------------------+
; Hold Times                                                              ;
+-----------+------------+--------+--------+------------+-----------------+
; Data Port ; Clock Port ; Rise   ; Fall   ; Clock Edge ; Clock Reference ;
+-----------+------------+--------+--------+------------+-----------------+
; CONTINUAR ; CLOCK      ; -2.196 ; -2.719 ; Rise       ; CLOCK           ;
; LOADF     ; CLOCK      ; -0.091 ; -0.384 ; Rise       ; CLOCK           ;
; LOADI     ; CLOCK      ; -0.087 ; -0.423 ; Rise       ; CLOCK           ;
; RECARGAR  ; CLOCK      ; -0.828 ; -1.303 ; Rise       ; CLOCK           ;
; START     ; CLOCK      ; -1.223 ; -1.704 ; Rise       ; CLOCK           ;
; UP_DOWN   ; CLOCK      ; -1.340 ; -1.772 ; Rise       ; CLOCK           ;
; b0        ; CLOCK      ; -2.061 ; -2.507 ; Rise       ; CLOCK           ;
; b1        ; CLOCK      ; -2.966 ; -3.441 ; Rise       ; CLOCK           ;
; b2        ; CLOCK      ; -2.838 ; -3.360 ; Rise       ; CLOCK           ;
; DATA[*]   ; LOADF      ; 2.220  ; 1.805  ; Rise       ; LOADF           ;
;  DATA[0]  ; LOADF      ; 1.955  ; 1.528  ; Rise       ; LOADF           ;
;  DATA[1]  ; LOADF      ; 2.220  ; 1.805  ; Rise       ; LOADF           ;
;  DATA[2]  ; LOADF      ; 1.695  ; 1.278  ; Rise       ; LOADF           ;
;  DATA[3]  ; LOADF      ; 1.695  ; 1.251  ; Rise       ; LOADF           ;
;  DATA[4]  ; LOADF      ; 1.842  ; 1.399  ; Rise       ; LOADF           ;
;  DATA[5]  ; LOADF      ; 1.909  ; 1.486  ; Rise       ; LOADF           ;
;  DATA[6]  ; LOADF      ; 1.677  ; 1.205  ; Rise       ; LOADF           ;
;  DATA[7]  ; LOADF      ; 1.893  ; 1.431  ; Rise       ; LOADF           ;
;  DATA[8]  ; LOADF      ; 1.654  ; 1.196  ; Rise       ; LOADF           ;
;  DATA[9]  ; LOADF      ; 1.775  ; 1.324  ; Rise       ; LOADF           ;
;  DATA[10] ; LOADF      ; 1.666  ; 1.222  ; Rise       ; LOADF           ;
;  DATA[11] ; LOADF      ; 1.691  ; 1.197  ; Rise       ; LOADF           ;
; DATA[*]   ; LOADI      ; 1.580  ; 1.154  ; Rise       ; LOADI           ;
;  DATA[0]  ; LOADI      ; 1.580  ; 1.154  ; Rise       ; LOADI           ;
;  DATA[1]  ; LOADI      ; 1.569  ; 1.137  ; Rise       ; LOADI           ;
;  DATA[2]  ; LOADI      ; 1.485  ; 1.029  ; Rise       ; LOADI           ;
;  DATA[3]  ; LOADI      ; 1.170  ; 0.718  ; Rise       ; LOADI           ;
;  DATA[4]  ; LOADI      ; 1.380  ; 0.938  ; Rise       ; LOADI           ;
;  DATA[5]  ; LOADI      ; 1.227  ; 0.734  ; Rise       ; LOADI           ;
;  DATA[6]  ; LOADI      ; 1.297  ; 0.889  ; Rise       ; LOADI           ;
;  DATA[7]  ; LOADI      ; 1.315  ; 0.884  ; Rise       ; LOADI           ;
;  DATA[8]  ; LOADI      ; 1.194  ; 0.740  ; Rise       ; LOADI           ;
;  DATA[9]  ; LOADI      ; 1.538  ; 1.081  ; Rise       ; LOADI           ;
;  DATA[10] ; LOADI      ; 1.412  ; 0.945  ; Rise       ; LOADI           ;
;  DATA[11] ; LOADI      ; 1.023  ; 0.535  ; Rise       ; LOADI           ;
+-----------+------------+--------+--------+------------+-----------------+


+-----------------------------------------------------------------------------------+
; Clock to Output Times                                                             ;
+---------------------+------------+--------+--------+------------+-----------------+
; Data Port           ; Clock Port ; Rise   ; Fall   ; Clock Edge ; Clock Reference ;
+---------------------+------------+--------+--------+------------+-----------------+
; CYOUT               ; CLOCK      ; 9.852  ; 9.930  ; Rise       ; CLOCK           ;
; DATA[*]             ; CLOCK      ; 7.667  ; 7.637  ; Rise       ; CLOCK           ;
;  DATA[0]            ; CLOCK      ; 6.353  ; 6.293  ; Rise       ; CLOCK           ;
;  DATA[1]            ; CLOCK      ; 7.390  ; 7.372  ; Rise       ; CLOCK           ;
;  DATA[2]            ; CLOCK      ; 6.791  ; 6.739  ; Rise       ; CLOCK           ;
;  DATA[3]            ; CLOCK      ; 7.397  ; 7.361  ; Rise       ; CLOCK           ;
;  DATA[4]            ; CLOCK      ; 6.527  ; 6.474  ; Rise       ; CLOCK           ;
;  DATA[5]            ; CLOCK      ; 6.606  ; 6.543  ; Rise       ; CLOCK           ;
;  DATA[6]            ; CLOCK      ; 6.551  ; 6.485  ; Rise       ; CLOCK           ;
;  DATA[7]            ; CLOCK      ; 6.593  ; 6.535  ; Rise       ; CLOCK           ;
;  DATA[8]            ; CLOCK      ; 7.314  ; 7.286  ; Rise       ; CLOCK           ;
;  DATA[9]            ; CLOCK      ; 6.796  ; 6.725  ; Rise       ; CLOCK           ;
;  DATA[10]           ; CLOCK      ; 7.667  ; 7.637  ; Rise       ; CLOCK           ;
;  DATA[11]           ; CLOCK      ; 7.576  ; 7.621  ; Rise       ; CLOCK           ;
; ERROR               ; CLOCK      ; 8.887  ; 8.891  ; Rise       ; CLOCK           ;
; FIN                 ; CLOCK      ; 11.773 ; 11.867 ; Rise       ; CLOCK           ;
; Q0                  ; CLOCK      ; 8.066  ; 8.028  ; Rise       ; CLOCK           ;
; Q1                  ; CLOCK      ; 7.834  ; 7.843  ; Rise       ; CLOCK           ;
; Q2                  ; CLOCK      ; 7.683  ; 7.691  ; Rise       ; CLOCK           ;
; postRegSumador[*]   ; CLOCK      ; 7.975  ; 8.002  ; Rise       ; CLOCK           ;
;  postRegSumador[0]  ; CLOCK      ; 7.419  ; 7.378  ; Rise       ; CLOCK           ;
;  postRegSumador[1]  ; CLOCK      ; 6.849  ; 6.830  ; Rise       ; CLOCK           ;
;  postRegSumador[2]  ; CLOCK      ; 7.058  ; 7.036  ; Rise       ; CLOCK           ;
;  postRegSumador[3]  ; CLOCK      ; 7.318  ; 7.261  ; Rise       ; CLOCK           ;
;  postRegSumador[4]  ; CLOCK      ; 6.517  ; 6.464  ; Rise       ; CLOCK           ;
;  postRegSumador[5]  ; CLOCK      ; 7.173  ; 7.169  ; Rise       ; CLOCK           ;
;  postRegSumador[6]  ; CLOCK      ; 6.897  ; 6.820  ; Rise       ; CLOCK           ;
;  postRegSumador[7]  ; CLOCK      ; 7.146  ; 7.139  ; Rise       ; CLOCK           ;
;  postRegSumador[8]  ; CLOCK      ; 7.893  ; 7.974  ; Rise       ; CLOCK           ;
;  postRegSumador[9]  ; CLOCK      ; 6.473  ; 6.409  ; Rise       ; CLOCK           ;
;  postRegSumador[10] ; CLOCK      ; 7.652  ; 7.638  ; Rise       ; CLOCK           ;
;  postRegSumador[11] ; CLOCK      ; 7.975  ; 8.002  ; Rise       ; CLOCK           ;
; postmux[*]          ; CLOCK      ; 11.333 ; 11.432 ; Rise       ; CLOCK           ;
;  postmux[0]         ; CLOCK      ; 9.797  ; 9.737  ; Rise       ; CLOCK           ;
;  postmux[1]         ; CLOCK      ; 9.343  ; 9.282  ; Rise       ; CLOCK           ;
;  postmux[2]         ; CLOCK      ; 9.591  ; 9.507  ; Rise       ; CLOCK           ;
;  postmux[3]         ; CLOCK      ; 10.036 ; 9.947  ; Rise       ; CLOCK           ;
;  postmux[4]         ; CLOCK      ; 11.333 ; 11.432 ; Rise       ; CLOCK           ;
;  postmux[5]         ; CLOCK      ; 9.882  ; 9.809  ; Rise       ; CLOCK           ;
;  postmux[6]         ; CLOCK      ; 8.646  ; 8.550  ; Rise       ; CLOCK           ;
;  postmux[7]         ; CLOCK      ; 10.089 ; 10.012 ; Rise       ; CLOCK           ;
;  postmux[8]         ; CLOCK      ; 10.140 ; 10.026 ; Rise       ; CLOCK           ;
;  postmux[9]         ; CLOCK      ; 10.037 ; 9.995  ; Rise       ; CLOCK           ;
;  postmux[10]        ; CLOCK      ; 10.617 ; 10.536 ; Rise       ; CLOCK           ;
;  postmux[11]        ; CLOCK      ; 10.654 ; 10.569 ; Rise       ; CLOCK           ;
; ERROR               ; LOADF      ; 13.325 ; 13.278 ; Rise       ; LOADF           ;
; FIN                 ; LOADF      ; 14.363 ; 14.455 ; Rise       ; LOADF           ;
; salidaFinal[*]      ; LOADF      ; 11.055 ; 11.065 ; Rise       ; LOADF           ;
;  salidaFinal[0]     ; LOADF      ; 9.832  ; 9.774  ; Rise       ; LOADF           ;
;  salidaFinal[1]     ; LOADF      ; 10.143 ; 10.050 ; Rise       ; LOADF           ;
;  salidaFinal[2]     ; LOADF      ; 10.260 ; 10.214 ; Rise       ; LOADF           ;
;  salidaFinal[3]     ; LOADF      ; 9.813  ; 9.748  ; Rise       ; LOADF           ;
;  salidaFinal[4]     ; LOADF      ; 9.860  ; 9.825  ; Rise       ; LOADF           ;
;  salidaFinal[5]     ; LOADF      ; 10.481 ; 10.428 ; Rise       ; LOADF           ;
;  salidaFinal[6]     ; LOADF      ; 10.314 ; 10.275 ; Rise       ; LOADF           ;
;  salidaFinal[7]     ; LOADF      ; 10.154 ; 10.118 ; Rise       ; LOADF           ;
;  salidaFinal[8]     ; LOADF      ; 10.857 ; 10.874 ; Rise       ; LOADF           ;
;  salidaFinal[9]     ; LOADF      ; 10.335 ; 10.294 ; Rise       ; LOADF           ;
;  salidaFinal[10]    ; LOADF      ; 10.930 ; 10.918 ; Rise       ; LOADF           ;
;  salidaFinal[11]    ; LOADF      ; 11.055 ; 11.065 ; Rise       ; LOADF           ;
; ERROR               ; LOADI      ; 12.404 ; 12.348 ; Rise       ; LOADI           ;
; postmux[*]          ; LOADI      ; 12.505 ; 12.667 ; Rise       ; LOADI           ;
;  postmux[0]         ; LOADI      ; 11.261 ; 11.261 ; Rise       ; LOADI           ;
;  postmux[1]         ; LOADI      ; 10.627 ; 10.635 ; Rise       ; LOADI           ;
;  postmux[2]         ; LOADI      ; 11.304 ; 11.257 ; Rise       ; LOADI           ;
;  postmux[3]         ; LOADI      ; 10.935 ; 10.941 ; Rise       ; LOADI           ;
;  postmux[4]         ; LOADI      ; 12.505 ; 12.667 ; Rise       ; LOADI           ;
;  postmux[5]         ; LOADI      ; 11.403 ; 11.396 ; Rise       ; LOADI           ;
;  postmux[6]         ; LOADI      ; 10.326 ; 10.268 ; Rise       ; LOADI           ;
;  postmux[7]         ; LOADI      ; 11.381 ; 11.364 ; Rise       ; LOADI           ;
;  postmux[8]         ; LOADI      ; 11.826 ; 11.809 ; Rise       ; LOADI           ;
;  postmux[9]         ; LOADI      ; 11.125 ; 11.148 ; Rise       ; LOADI           ;
;  postmux[10]        ; LOADI      ; 12.036 ; 12.036 ; Rise       ; LOADI           ;
;  postmux[11]        ; LOADI      ; 11.400 ; 11.370 ; Rise       ; LOADI           ;
; salidaInicial[*]    ; LOADI      ; 11.313 ; 11.291 ; Rise       ; LOADI           ;
;  salidaInicial[0]   ; LOADI      ; 10.458 ; 10.422 ; Rise       ; LOADI           ;
;  salidaInicial[1]   ; LOADI      ; 9.850  ; 9.793  ; Rise       ; LOADI           ;
;  salidaInicial[2]   ; LOADI      ; 11.022 ; 10.993 ; Rise       ; LOADI           ;
;  salidaInicial[3]   ; LOADI      ; 9.450  ; 9.404  ; Rise       ; LOADI           ;
;  salidaInicial[4]   ; LOADI      ; 9.949  ; 9.944  ; Rise       ; LOADI           ;
;  salidaInicial[5]   ; LOADI      ; 9.849  ; 9.804  ; Rise       ; LOADI           ;
;  salidaInicial[6]   ; LOADI      ; 10.487 ; 10.450 ; Rise       ; LOADI           ;
;  salidaInicial[7]   ; LOADI      ; 10.596 ; 10.561 ; Rise       ; LOADI           ;
;  salidaInicial[8]   ; LOADI      ; 11.313 ; 11.291 ; Rise       ; LOADI           ;
;  salidaInicial[9]   ; LOADI      ; 11.080 ; 11.060 ; Rise       ; LOADI           ;
;  salidaInicial[10]  ; LOADI      ; 9.837  ; 9.795  ; Rise       ; LOADI           ;
;  salidaInicial[11]  ; LOADI      ; 10.944 ; 10.906 ; Rise       ; LOADI           ;
+---------------------+------------+--------+--------+------------+-----------------+


+-----------------------------------------------------------------------------------+
; Minimum Clock to Output Times                                                     ;
+---------------------+------------+--------+--------+------------+-----------------+
; Data Port           ; Clock Port ; Rise   ; Fall   ; Clock Edge ; Clock Reference ;
+---------------------+------------+--------+--------+------------+-----------------+
; CYOUT               ; CLOCK      ; 7.054  ; 7.007  ; Rise       ; CLOCK           ;
; DATA[*]             ; CLOCK      ; 6.142  ; 6.081  ; Rise       ; CLOCK           ;
;  DATA[0]            ; CLOCK      ; 6.142  ; 6.081  ; Rise       ; CLOCK           ;
;  DATA[1]            ; CLOCK      ; 7.172  ; 7.153  ; Rise       ; CLOCK           ;
;  DATA[2]            ; CLOCK      ; 6.567  ; 6.513  ; Rise       ; CLOCK           ;
;  DATA[3]            ; CLOCK      ; 7.151  ; 7.112  ; Rise       ; CLOCK           ;
;  DATA[4]            ; CLOCK      ; 6.311  ; 6.257  ; Rise       ; CLOCK           ;
;  DATA[5]            ; CLOCK      ; 6.391  ; 6.327  ; Rise       ; CLOCK           ;
;  DATA[6]            ; CLOCK      ; 6.337  ; 6.270  ; Rise       ; CLOCK           ;
;  DATA[7]            ; CLOCK      ; 6.379  ; 6.319  ; Rise       ; CLOCK           ;
;  DATA[8]            ; CLOCK      ; 7.070  ; 7.038  ; Rise       ; CLOCK           ;
;  DATA[9]            ; CLOCK      ; 6.573  ; 6.500  ; Rise       ; CLOCK           ;
;  DATA[10]           ; CLOCK      ; 7.410  ; 7.377  ; Rise       ; CLOCK           ;
;  DATA[11]           ; CLOCK      ; 7.321  ; 7.361  ; Rise       ; CLOCK           ;
; ERROR               ; CLOCK      ; 8.100  ; 8.047  ; Rise       ; CLOCK           ;
; FIN                 ; CLOCK      ; 9.673  ; 9.706  ; Rise       ; CLOCK           ;
; Q0                  ; CLOCK      ; 7.790  ; 7.750  ; Rise       ; CLOCK           ;
; Q1                  ; CLOCK      ; 7.566  ; 7.571  ; Rise       ; CLOCK           ;
; Q2                  ; CLOCK      ; 7.425  ; 7.428  ; Rise       ; CLOCK           ;
; postRegSumador[*]   ; CLOCK      ; 6.260  ; 6.195  ; Rise       ; CLOCK           ;
;  postRegSumador[0]  ; CLOCK      ; 7.170  ; 7.127  ; Rise       ; CLOCK           ;
;  postRegSumador[1]  ; CLOCK      ; 6.622  ; 6.600  ; Rise       ; CLOCK           ;
;  postRegSumador[2]  ; CLOCK      ; 6.823  ; 6.798  ; Rise       ; CLOCK           ;
;  postRegSumador[3]  ; CLOCK      ; 7.075  ; 7.015  ; Rise       ; CLOCK           ;
;  postRegSumador[4]  ; CLOCK      ; 6.301  ; 6.247  ; Rise       ; CLOCK           ;
;  postRegSumador[5]  ; CLOCK      ; 6.934  ; 6.925  ; Rise       ; CLOCK           ;
;  postRegSumador[6]  ; CLOCK      ; 6.666  ; 6.588  ; Rise       ; CLOCK           ;
;  postRegSumador[7]  ; CLOCK      ; 6.909  ; 6.897  ; Rise       ; CLOCK           ;
;  postRegSumador[8]  ; CLOCK      ; 7.626  ; 7.699  ; Rise       ; CLOCK           ;
;  postRegSumador[9]  ; CLOCK      ; 6.260  ; 6.195  ; Rise       ; CLOCK           ;
;  postRegSumador[10] ; CLOCK      ; 7.394  ; 7.377  ; Rise       ; CLOCK           ;
;  postRegSumador[11] ; CLOCK      ; 7.705  ; 7.727  ; Rise       ; CLOCK           ;
; postmux[*]          ; CLOCK      ; 7.181  ; 7.082  ; Rise       ; CLOCK           ;
;  postmux[0]         ; CLOCK      ; 7.677  ; 7.637  ; Rise       ; CLOCK           ;
;  postmux[1]         ; CLOCK      ; 8.098  ; 8.053  ; Rise       ; CLOCK           ;
;  postmux[2]         ; CLOCK      ; 7.723  ; 7.651  ; Rise       ; CLOCK           ;
;  postmux[3]         ; CLOCK      ; 8.048  ; 7.998  ; Rise       ; CLOCK           ;
;  postmux[4]         ; CLOCK      ; 9.649  ; 9.772  ; Rise       ; CLOCK           ;
;  postmux[5]         ; CLOCK      ; 8.634  ; 8.598  ; Rise       ; CLOCK           ;
;  postmux[6]         ; CLOCK      ; 7.181  ; 7.082  ; Rise       ; CLOCK           ;
;  postmux[7]         ; CLOCK      ; 8.394  ; 8.356  ; Rise       ; CLOCK           ;
;  postmux[8]         ; CLOCK      ; 8.028  ; 7.970  ; Rise       ; CLOCK           ;
;  postmux[9]         ; CLOCK      ; 8.371  ; 8.358  ; Rise       ; CLOCK           ;
;  postmux[10]        ; CLOCK      ; 8.937  ; 8.895  ; Rise       ; CLOCK           ;
;  postmux[11]        ; CLOCK      ; 8.314  ; 8.259  ; Rise       ; CLOCK           ;
; ERROR               ; LOADF      ; 11.413 ; 11.356 ; Rise       ; LOADF           ;
; FIN                 ; LOADF      ; 12.320 ; 12.362 ; Rise       ; LOADF           ;
; salidaFinal[*]      ; LOADF      ; 9.463  ; 9.396  ; Rise       ; LOADF           ;
;  salidaFinal[0]     ; LOADF      ; 9.479  ; 9.420  ; Rise       ; LOADF           ;
;  salidaFinal[1]     ; LOADF      ; 9.770  ; 9.677  ; Rise       ; LOADF           ;
;  salidaFinal[2]     ; LOADF      ; 9.889  ; 9.841  ; Rise       ; LOADF           ;
;  salidaFinal[3]     ; LOADF      ; 9.463  ; 9.396  ; Rise       ; LOADF           ;
;  salidaFinal[4]     ; LOADF      ; 9.505  ; 9.468  ; Rise       ; LOADF           ;
;  salidaFinal[5]     ; LOADF      ; 10.105 ; 10.051 ; Rise       ; LOADF           ;
;  salidaFinal[6]     ; LOADF      ; 9.944  ; 9.902  ; Rise       ; LOADF           ;
;  salidaFinal[7]     ; LOADF      ; 9.788  ; 9.750  ; Rise       ; LOADF           ;
;  salidaFinal[8]     ; LOADF      ; 10.489 ; 10.504 ; Rise       ; LOADF           ;
;  salidaFinal[9]     ; LOADF      ; 9.961  ; 9.919  ; Rise       ; LOADF           ;
;  salidaFinal[10]    ; LOADF      ; 10.532 ; 10.519 ; Rise       ; LOADF           ;
;  salidaFinal[11]    ; LOADF      ; 10.651 ; 10.656 ; Rise       ; LOADF           ;
; ERROR               ; LOADI      ; 10.840 ; 10.792 ; Rise       ; LOADI           ;
; postmux[*]          ; LOADI      ; 9.925  ; 9.846  ; Rise       ; LOADI           ;
;  postmux[0]         ; LOADI      ; 10.829 ; 10.799 ; Rise       ; LOADI           ;
;  postmux[1]         ; LOADI      ; 10.217 ; 10.195 ; Rise       ; LOADI           ;
;  postmux[2]         ; LOADI      ; 10.890 ; 10.843 ; Rise       ; LOADI           ;
;  postmux[3]         ; LOADI      ; 10.525 ; 10.525 ; Rise       ; LOADI           ;
;  postmux[4]         ; LOADI      ; 12.076 ; 12.229 ; Rise       ; LOADI           ;
;  postmux[5]         ; LOADI      ; 10.972 ; 10.946 ; Rise       ; LOADI           ;
;  postmux[6]         ; LOADI      ; 9.925  ; 9.846  ; Rise       ; LOADI           ;
;  postmux[7]         ; LOADI      ; 10.952 ; 10.915 ; Rise       ; LOADI           ;
;  postmux[8]         ; LOADI      ; 11.388 ; 11.371 ; Rise       ; LOADI           ;
;  postmux[9]         ; LOADI      ; 10.705 ; 10.721 ; Rise       ; LOADI           ;
;  postmux[10]        ; LOADI      ; 11.531 ; 11.514 ; Rise       ; LOADI           ;
;  postmux[11]        ; LOADI      ; 10.969 ; 10.935 ; Rise       ; LOADI           ;
; salidaInicial[*]    ; LOADI      ; 9.112  ; 9.065  ; Rise       ; LOADI           ;
;  salidaInicial[0]   ; LOADI      ; 10.082 ; 10.043 ; Rise       ; LOADI           ;
;  salidaInicial[1]   ; LOADI      ; 9.497  ; 9.439  ; Rise       ; LOADI           ;
;  salidaInicial[2]   ; LOADI      ; 10.624 ; 10.592 ; Rise       ; LOADI           ;
;  salidaInicial[3]   ; LOADI      ; 9.112  ; 9.065  ; Rise       ; LOADI           ;
;  salidaInicial[4]   ; LOADI      ; 9.592  ; 9.583  ; Rise       ; LOADI           ;
;  salidaInicial[5]   ; LOADI      ; 9.494  ; 9.448  ; Rise       ; LOADI           ;
;  salidaInicial[6]   ; LOADI      ; 10.109 ; 10.070 ; Rise       ; LOADI           ;
;  salidaInicial[7]   ; LOADI      ; 10.204 ; 10.167 ; Rise       ; LOADI           ;
;  salidaInicial[8]   ; LOADI      ; 10.903 ; 10.878 ; Rise       ; LOADI           ;
;  salidaInicial[9]   ; LOADI      ; 10.677 ; 10.655 ; Rise       ; LOADI           ;
;  salidaInicial[10]  ; LOADI      ; 9.483  ; 9.440  ; Rise       ; LOADI           ;
;  salidaInicial[11]  ; LOADI      ; 10.546 ; 10.506 ; Rise       ; LOADI           ;
+---------------------+------------+--------+--------+------------+-----------------+


+--------------------------------------------------------------+
; Propagation Delay                                            ;
+------------+-------------+--------+--------+--------+--------+
; Input Port ; Output Port ; RR     ; RF     ; FR     ; FF     ;
+------------+-------------+--------+--------+--------+--------+
; UP_DOWN    ; CYOUT       ; 11.080 ; 10.817 ; 11.248 ; 11.589 ;
; UP_DOWN    ; ERROR       ; 9.221  ; 9.150  ; 9.623  ; 9.628  ;
; UP_DOWN    ; FIN         ; 10.222 ; 10.370 ; 10.737 ; 10.733 ;
; UP_DOWN    ; postmux[1]  ; 9.963  ; 9.915  ; 10.467 ; 10.410 ;
; UP_DOWN    ; postmux[2]  ; 10.314 ; 10.281 ; 10.829 ; 10.752 ;
; UP_DOWN    ; postmux[3]  ; 10.225 ; 10.206 ; 10.781 ; 10.710 ;
; UP_DOWN    ; postmux[4]  ; 11.962 ; 12.087 ; 12.479 ; 12.595 ;
; UP_DOWN    ; postmux[5]  ; 10.920 ; 10.893 ; 11.474 ; 11.395 ;
; UP_DOWN    ; postmux[6]  ; 9.787  ; 9.700  ; 10.305 ; 10.209 ;
; UP_DOWN    ; postmux[7]  ; 11.177 ; 11.152 ; 11.748 ; 11.671 ;
; UP_DOWN    ; postmux[8]  ; 11.221 ; 11.208 ; 11.799 ; 11.685 ;
; UP_DOWN    ; postmux[9]  ; 11.176 ; 11.143 ; 11.696 ; 11.654 ;
; UP_DOWN    ; postmux[10] ; 11.756 ; 11.684 ; 12.276 ; 12.195 ;
; UP_DOWN    ; postmux[11] ; 11.789 ; 11.713 ; 12.313 ; 12.228 ;
; b0         ; CYOUT       ; 11.155 ; 11.174 ; 11.615 ; 11.667 ;
; b0         ; PAUSE       ;        ; 10.189 ; 10.619 ;        ;
; b0         ; postmux[0]  ; 8.896  ; 8.836  ; 9.354  ; 9.325  ;
; b0         ; postmux[1]  ; 10.052 ; 9.995  ; 10.545 ; 10.488 ;
; b0         ; postmux[2]  ; 10.414 ; 10.356 ; 10.907 ; 10.830 ;
; b0         ; postmux[3]  ; 10.366 ; 10.295 ; 10.859 ; 10.788 ;
; b0         ; postmux[4]  ; 12.064 ; 12.180 ; 12.557 ; 12.673 ;
; b0         ; postmux[5]  ; 11.059 ; 10.980 ; 11.552 ; 11.473 ;
; b0         ; postmux[6]  ; 9.890  ; 9.794  ; 10.383 ; 10.287 ;
; b0         ; postmux[7]  ; 11.333 ; 11.256 ; 11.826 ; 11.749 ;
; b0         ; postmux[8]  ; 11.384 ; 11.283 ; 11.877 ; 11.763 ;
; b0         ; postmux[9]  ; 11.281 ; 11.239 ; 11.774 ; 11.732 ;
; b0         ; postmux[10] ; 11.861 ; 11.780 ; 12.354 ; 12.273 ;
; b0         ; postmux[11] ; 11.898 ; 11.813 ; 12.391 ; 12.306 ;
; b1         ; CYOUT       ; 11.045 ; 11.097 ; 11.534 ; 11.522 ;
; b1         ; PAUSE       ;        ; 10.246 ; 10.666 ;        ;
; b1         ; postmux[1]  ; 9.944  ; 9.928  ; 10.435 ; 10.375 ;
; b1         ; postmux[2]  ; 10.337 ; 10.260 ; 10.768 ; 10.735 ;
; b1         ; postmux[3]  ; 10.289 ; 10.218 ; 10.714 ; 10.660 ;
; b1         ; postmux[4]  ; 11.987 ; 12.103 ; 12.416 ; 12.541 ;
; b1         ; postmux[5]  ; 10.982 ; 10.903 ; 11.407 ; 11.347 ;
; b1         ; postmux[6]  ; 9.813  ; 9.717  ; 10.241 ; 10.154 ;
; b1         ; postmux[7]  ; 11.256 ; 11.179 ; 11.681 ; 11.606 ;
; b1         ; postmux[8]  ; 11.307 ; 11.193 ; 11.732 ; 11.662 ;
; b1         ; postmux[9]  ; 11.204 ; 11.162 ; 11.630 ; 11.597 ;
; b1         ; postmux[10] ; 11.784 ; 11.703 ; 12.210 ; 12.138 ;
; b1         ; postmux[11] ; 11.821 ; 11.736 ; 12.246 ; 12.167 ;
; b2         ; CYOUT       ; 11.100 ; 11.150 ; 11.660 ; 11.692 ;
; b2         ; PAUSE       ;        ; 10.079 ; 10.555 ;        ;
; b2         ; postmux[2]  ; 9.392  ; 9.327  ; 9.931  ; 9.857  ;
; b2         ; postmux[3]  ; 10.342 ; 10.271 ; 10.884 ; 10.813 ;
; b2         ; postmux[4]  ; 12.040 ; 12.156 ; 12.582 ; 12.698 ;
; b2         ; postmux[5]  ; 11.035 ; 10.956 ; 11.577 ; 11.498 ;
; b2         ; postmux[6]  ; 9.866  ; 9.770  ; 10.408 ; 10.312 ;
; b2         ; postmux[7]  ; 11.309 ; 11.232 ; 11.851 ; 11.774 ;
; b2         ; postmux[8]  ; 11.360 ; 11.246 ; 11.902 ; 11.788 ;
; b2         ; postmux[9]  ; 11.257 ; 11.215 ; 11.799 ; 11.757 ;
; b2         ; postmux[10] ; 11.837 ; 11.756 ; 12.379 ; 12.298 ;
; b2         ; postmux[11] ; 11.874 ; 11.789 ; 12.416 ; 12.331 ;
+------------+-------------+--------+--------+--------+--------+


+--------------------------------------------------------------+
; Minimum Propagation Delay                                    ;
+------------+-------------+--------+--------+--------+--------+
; Input Port ; Output Port ; RR     ; RF     ; FR     ; FF     ;
+------------+-------------+--------+--------+--------+--------+
; UP_DOWN    ; CYOUT       ; 7.773  ; 9.861  ; 10.317 ; 8.158  ;
; UP_DOWN    ; ERROR       ; 8.889  ; 8.814  ; 9.271  ; 9.250  ;
; UP_DOWN    ; FIN         ; 9.869  ; 10.006 ; 10.367 ; 10.358 ;
; UP_DOWN    ; postmux[1]  ; 9.261  ; 9.239  ; 9.720  ; 9.661  ;
; UP_DOWN    ; postmux[2]  ; 8.885  ; 8.836  ; 9.343  ; 9.257  ;
; UP_DOWN    ; postmux[3]  ; 8.847  ; 8.817  ; 9.283  ; 9.227  ;
; UP_DOWN    ; postmux[4]  ; 10.589 ; 10.713 ; 11.046 ; 11.160 ;
; UP_DOWN    ; postmux[5]  ; 8.790  ; 8.732  ; 9.199  ; 9.170  ;
; UP_DOWN    ; postmux[6]  ; 7.980  ; 7.900  ; 8.418  ; 8.328  ;
; UP_DOWN    ; postmux[7]  ; 8.742  ; 8.684  ; 9.150  ; 9.121  ;
; UP_DOWN    ; postmux[8]  ; 8.995  ; 8.960  ; 9.439  ; 9.392  ;
; UP_DOWN    ; postmux[9]  ; 8.565  ; 8.550  ; 9.014  ; 8.992  ;
; UP_DOWN    ; postmux[10] ; 9.011  ; 8.936  ; 9.427  ; 9.383  ;
; UP_DOWN    ; postmux[11] ; 8.808  ; 8.755  ; 9.252  ; 9.189  ;
; b0         ; CYOUT       ; 10.706 ; 10.686 ; 11.154 ; 11.165 ;
; b0         ; PAUSE       ;        ; 9.844  ; 10.245 ;        ;
; b0         ; postmux[0]  ; 8.591  ; 8.530  ; 9.037  ; 9.005  ;
; b0         ; postmux[1]  ; 9.684  ; 9.635  ; 10.132 ; 10.083 ;
; b0         ; postmux[2]  ; 9.942  ; 9.877  ; 10.390 ; 10.342 ;
; b0         ; postmux[3]  ; 9.928  ; 9.900  ; 10.376 ; 10.348 ;
; b0         ; postmux[4]  ; 11.623 ; 11.724 ; 12.071 ; 12.172 ;
; b0         ; postmux[5]  ; 10.593 ; 10.557 ; 11.041 ; 11.005 ;
; b0         ; postmux[6]  ; 9.501  ; 9.398  ; 9.949  ; 9.846  ;
; b0         ; postmux[7]  ; 10.840 ; 10.804 ; 11.288 ; 11.252 ;
; b0         ; postmux[8]  ; 10.842 ; 10.805 ; 11.290 ; 11.253 ;
; b0         ; postmux[9]  ; 10.850 ; 10.814 ; 11.298 ; 11.262 ;
; b0         ; postmux[10] ; 11.407 ; 11.334 ; 11.855 ; 11.782 ;
; b0         ; postmux[11] ; 11.438 ; 11.362 ; 11.886 ; 11.810 ;
; b1         ; CYOUT       ; 10.568 ; 10.569 ; 11.048 ; 10.996 ;
; b1         ; PAUSE       ;        ; 9.902  ; 10.291 ;        ;
; b1         ; postmux[1]  ; 9.533  ; 9.512  ; 10.005 ; 9.946  ;
; b1         ; postmux[2]  ; 9.804  ; 9.756  ; 10.273 ; 10.187 ;
; b1         ; postmux[3]  ; 9.790  ; 9.762  ; 10.270 ; 10.221 ;
; b1         ; postmux[4]  ; 11.485 ; 11.586 ; 11.959 ; 12.051 ;
; b1         ; postmux[5]  ; 10.455 ; 10.419 ; 10.935 ; 10.876 ;
; b1         ; postmux[6]  ; 9.363  ; 9.260  ; 9.838  ; 9.726  ;
; b1         ; postmux[7]  ; 10.702 ; 10.666 ; 11.182 ; 11.139 ;
; b1         ; postmux[8]  ; 10.704 ; 10.667 ; 11.184 ; 11.147 ;
; b1         ; postmux[9]  ; 10.712 ; 10.676 ; 11.187 ; 11.142 ;
; b1         ; postmux[10] ; 11.269 ; 11.196 ; 11.744 ; 11.662 ;
; b1         ; postmux[11] ; 11.300 ; 11.224 ; 11.778 ; 11.693 ;
; b2         ; CYOUT       ; 10.618 ; 10.597 ; 11.146 ; 11.113 ;
; b2         ; PAUSE       ;        ; 9.751  ; 10.212 ;        ;
; b2         ; postmux[2]  ; 9.048  ; 8.972  ; 9.573  ; 9.488  ;
; b2         ; postmux[3]  ; 9.840  ; 9.812  ; 10.368 ; 10.338 ;
; b2         ; postmux[4]  ; 11.535 ; 11.636 ; 12.063 ; 12.164 ;
; b2         ; postmux[5]  ; 10.505 ; 10.469 ; 11.033 ; 10.993 ;
; b2         ; postmux[6]  ; 9.413  ; 9.310  ; 9.941  ; 9.838  ;
; b2         ; postmux[7]  ; 10.752 ; 10.716 ; 11.280 ; 11.244 ;
; b2         ; postmux[8]  ; 10.754 ; 10.717 ; 11.282 ; 11.245 ;
; b2         ; postmux[9]  ; 10.762 ; 10.726 ; 11.290 ; 11.254 ;
; b2         ; postmux[10] ; 11.319 ; 11.246 ; 11.847 ; 11.774 ;
; b2         ; postmux[11] ; 11.350 ; 11.274 ; 11.878 ; 11.802 ;
+------------+-------------+--------+--------+--------+--------+


+-----------------------------------------------------------------------+
; Output Enable Times                                                   ;
+-----------+------------+-------+-------+------------+-----------------+
; Data Port ; Clock Port ; Rise  ; Fall  ; Clock Edge ; Clock Reference ;
+-----------+------------+-------+-------+------------+-----------------+
; DATA[*]   ; CLOCK      ; 8.202 ; 8.080 ; Rise       ; CLOCK           ;
;  DATA[0]  ; CLOCK      ; 8.252 ; 8.104 ; Rise       ; CLOCK           ;
;  DATA[1]  ; CLOCK      ; 9.104 ; 9.008 ; Rise       ; CLOCK           ;
;  DATA[2]  ; CLOCK      ; 8.345 ; 8.188 ; Rise       ; CLOCK           ;
;  DATA[3]  ; CLOCK      ; 8.895 ; 8.738 ; Rise       ; CLOCK           ;
;  DATA[4]  ; CLOCK      ; 8.202 ; 8.080 ; Rise       ; CLOCK           ;
;  DATA[5]  ; CLOCK      ; 8.320 ; 8.163 ; Rise       ; CLOCK           ;
;  DATA[6]  ; CLOCK      ; 8.320 ; 8.163 ; Rise       ; CLOCK           ;
;  DATA[7]  ; CLOCK      ; 8.320 ; 8.163 ; Rise       ; CLOCK           ;
;  DATA[8]  ; CLOCK      ; 8.903 ; 8.746 ; Rise       ; CLOCK           ;
;  DATA[9]  ; CLOCK      ; 8.320 ; 8.163 ; Rise       ; CLOCK           ;
;  DATA[10] ; CLOCK      ; 8.895 ; 8.738 ; Rise       ; CLOCK           ;
;  DATA[11] ; CLOCK      ; 8.903 ; 8.746 ; Rise       ; CLOCK           ;
+-----------+------------+-------+-------+------------+-----------------+


+-----------------------------------------------------------------------+
; Minimum Output Enable Times                                           ;
+-----------+------------+-------+-------+------------+-----------------+
; Data Port ; Clock Port ; Rise  ; Fall  ; Clock Edge ; Clock Reference ;
+-----------+------------+-------+-------+------------+-----------------+
; DATA[*]   ; CLOCK      ; 7.605 ; 7.467 ; Rise       ; CLOCK           ;
;  DATA[0]  ; CLOCK      ; 7.615 ; 7.467 ; Rise       ; CLOCK           ;
;  DATA[1]  ; CLOCK      ; 8.467 ; 8.371 ; Rise       ; CLOCK           ;
;  DATA[2]  ; CLOCK      ; 7.708 ; 7.551 ; Rise       ; CLOCK           ;
;  DATA[3]  ; CLOCK      ; 8.236 ; 8.079 ; Rise       ; CLOCK           ;
;  DATA[4]  ; CLOCK      ; 7.605 ; 7.483 ; Rise       ; CLOCK           ;
;  DATA[5]  ; CLOCK      ; 7.684 ; 7.527 ; Rise       ; CLOCK           ;
;  DATA[6]  ; CLOCK      ; 7.684 ; 7.527 ; Rise       ; CLOCK           ;
;  DATA[7]  ; CLOCK      ; 7.684 ; 7.527 ; Rise       ; CLOCK           ;
;  DATA[8]  ; CLOCK      ; 8.243 ; 8.086 ; Rise       ; CLOCK           ;
;  DATA[9]  ; CLOCK      ; 7.684 ; 7.527 ; Rise       ; CLOCK           ;
;  DATA[10] ; CLOCK      ; 8.236 ; 8.079 ; Rise       ; CLOCK           ;
;  DATA[11] ; CLOCK      ; 8.243 ; 8.086 ; Rise       ; CLOCK           ;
+-----------+------------+-------+-------+------------+-----------------+


+-------------------------------------------------------------------------------+
; Output Disable Times                                                          ;
+-----------+------------+-----------+-----------+------------+-----------------+
; Data Port ; Clock Port ; 0 to Hi-Z ; 1 to Hi-Z ; Clock Edge ; Clock Reference ;
+-----------+------------+-----------+-----------+------------+-----------------+
; DATA[*]   ; CLOCK      ; 8.014     ; 8.136     ; Rise       ; CLOCK           ;
;  DATA[0]  ; CLOCK      ; 8.047     ; 8.195     ; Rise       ; CLOCK           ;
;  DATA[1]  ; CLOCK      ; 8.951     ; 9.047     ; Rise       ; CLOCK           ;
;  DATA[2]  ; CLOCK      ; 8.131     ; 8.288     ; Rise       ; CLOCK           ;
;  DATA[3]  ; CLOCK      ; 8.691     ; 8.848     ; Rise       ; CLOCK           ;
;  DATA[4]  ; CLOCK      ; 8.014     ; 8.136     ; Rise       ; CLOCK           ;
;  DATA[5]  ; CLOCK      ; 8.098     ; 8.255     ; Rise       ; CLOCK           ;
;  DATA[6]  ; CLOCK      ; 8.098     ; 8.255     ; Rise       ; CLOCK           ;
;  DATA[7]  ; CLOCK      ; 8.098     ; 8.255     ; Rise       ; CLOCK           ;
;  DATA[8]  ; CLOCK      ; 8.698     ; 8.855     ; Rise       ; CLOCK           ;
;  DATA[9]  ; CLOCK      ; 8.098     ; 8.255     ; Rise       ; CLOCK           ;
;  DATA[10] ; CLOCK      ; 8.691     ; 8.848     ; Rise       ; CLOCK           ;
;  DATA[11] ; CLOCK      ; 8.698     ; 8.855     ; Rise       ; CLOCK           ;
+-----------+------------+-----------+-----------+------------+-----------------+


+-------------------------------------------------------------------------------+
; Minimum Output Disable Times                                                  ;
+-----------+------------+-----------+-----------+------------+-----------------+
; Data Port ; Clock Port ; 0 to Hi-Z ; 1 to Hi-Z ; Clock Edge ; Clock Reference ;
+-----------+------------+-----------+-----------+------------+-----------------+
; DATA[*]   ; CLOCK      ; 7.481     ; 7.611     ; Rise       ; CLOCK           ;
;  DATA[0]  ; CLOCK      ; 7.481     ; 7.629     ; Rise       ; CLOCK           ;
;  DATA[1]  ; CLOCK      ; 8.385     ; 8.481     ; Rise       ; CLOCK           ;
;  DATA[2]  ; CLOCK      ; 7.565     ; 7.722     ; Rise       ; CLOCK           ;
;  DATA[3]  ; CLOCK      ; 8.102     ; 8.259     ; Rise       ; CLOCK           ;
;  DATA[4]  ; CLOCK      ; 7.489     ; 7.611     ; Rise       ; CLOCK           ;
;  DATA[5]  ; CLOCK      ; 7.533     ; 7.690     ; Rise       ; CLOCK           ;
;  DATA[6]  ; CLOCK      ; 7.533     ; 7.690     ; Rise       ; CLOCK           ;
;  DATA[7]  ; CLOCK      ; 7.533     ; 7.690     ; Rise       ; CLOCK           ;
;  DATA[8]  ; CLOCK      ; 8.109     ; 8.266     ; Rise       ; CLOCK           ;
;  DATA[9]  ; CLOCK      ; 7.533     ; 7.690     ; Rise       ; CLOCK           ;
;  DATA[10] ; CLOCK      ; 8.102     ; 8.259     ; Rise       ; CLOCK           ;
;  DATA[11] ; CLOCK      ; 8.109     ; 8.266     ; Rise       ; CLOCK           ;
+-----------+------------+-----------+-----------+------------+-----------------+


----------------------------------------------
; Slow 1200mV 85C Model Metastability Report ;
----------------------------------------------
No synchronizer chains to report.


+-----------------------------------------------------------------------------------------------------------+
; Slow 1200mV 0C Model Fmax Summary                                                                         ;
+------------+-----------------+------------+---------------------------------------------------------------+
; Fmax       ; Restricted Fmax ; Clock Name ; Note                                                          ;
+------------+-----------------+------------+---------------------------------------------------------------+
; 297.27 MHz ; 250.0 MHz       ; CLOCK      ; limit due to minimum period restriction (max I/O toggle rate) ;
+------------+-----------------+------------+---------------------------------------------------------------+
This panel reports FMAX for every clock in the design, regardless of the user-specified clock periods.  FMAX is only computed for paths where the source and destination registers or ports are driven by the same clock.  Paths of different clocks, including generated clocks, are ignored.  For paths between a clock and its inversion, FMAX is computed as if the rising and falling edges are scaled along with FMAX, such that the duty cycle (in terms of a percentage) is maintained. Altera recommends that you always use clock constraints and other slack reports for sign-off analysis.


+------------------------------------+
; Slow 1200mV 0C Model Setup Summary ;
+-------+--------+-------------------+
; Clock ; Slack  ; End Point TNS     ;
+-------+--------+-------------------+
; CLOCK ; -4.739 ; -52.525           ;
+-------+--------+-------------------+


+-----------------------------------+
; Slow 1200mV 0C Model Hold Summary ;
+-------+-------+-------------------+
; Clock ; Slack ; End Point TNS     ;
+-------+-------+-------------------+
; CLOCK ; 0.047 ; 0.000             ;
+-------+-------+-------------------+


-----------------------------------------
; Slow 1200mV 0C Model Recovery Summary ;
-----------------------------------------
No paths to report.


----------------------------------------
; Slow 1200mV 0C Model Removal Summary ;
----------------------------------------
No paths to report.


+--------------------------------------------------+
; Slow 1200mV 0C Model Minimum Pulse Width Summary ;
+-------+--------+---------------------------------+
; Clock ; Slack  ; End Point TNS                   ;
+-------+--------+---------------------------------+
; CLOCK ; -3.000 ; -18.000                         ;
; LOADF ; -3.000 ; -15.000                         ;
; LOADI ; -3.000 ; -15.000                         ;
+-------+--------+---------------------------------+


+----------------------------------------------------------------------------------------------------------------------------------------+
; Slow 1200mV 0C Model Setup: 'CLOCK'                                                                                                    ;
+--------+-------------------------------+-------------------------+--------------+-------------+--------------+------------+------------+
; Slack  ; From Node                     ; To Node                 ; Launch Clock ; Latch Clock ; Relationship ; Clock Skew ; Data Delay ;
+--------+-------------------------------+-------------------------+--------------+-------------+--------------+------------+------------+
; -4.739 ; registros:valorFinal|inst11   ; maquina:inst6|inst23    ; LOADF        ; CLOCK       ; 1.000        ; -2.419     ; 3.295      ;
; -4.663 ; registros:valorFinal|inst14   ; maquina:inst6|inst23    ; LOADF        ; CLOCK       ; 1.000        ; -2.421     ; 3.217      ;
; -4.614 ; registros:valorFinal|inst6    ; maquina:inst6|inst23    ; LOADF        ; CLOCK       ; 1.000        ; -2.419     ; 3.170      ;
; -4.611 ; registros:valorFinal|inst6    ; maquina:inst6|inst24    ; LOADF        ; CLOCK       ; 1.000        ; -2.419     ; 3.167      ;
; -4.609 ; registros:valorFinal|inst15   ; maquina:inst6|inst23    ; LOADF        ; CLOCK       ; 1.000        ; -2.419     ; 3.165      ;
; -4.590 ; registros:valorFinal|inst11   ; maquina:inst6|inst22    ; LOADF        ; CLOCK       ; 1.000        ; -2.419     ; 3.146      ;
; -4.576 ; registros:valorFinal|inst6    ; maquina:inst6|inst22    ; LOADF        ; CLOCK       ; 1.000        ; -2.419     ; 3.132      ;
; -4.552 ; registros:valorFinal|inst13   ; maquina:inst6|inst23    ; LOADF        ; CLOCK       ; 1.000        ; -2.419     ; 3.108      ;
; -4.514 ; registros:valorFinal|inst14   ; maquina:inst6|inst22    ; LOADF        ; CLOCK       ; 1.000        ; -2.421     ; 3.068      ;
; -4.499 ; registros:valorFinal|inst1    ; maquina:inst6|inst23    ; LOADF        ; CLOCK       ; 1.000        ; -2.419     ; 3.055      ;
; -4.496 ; registros:valorFinal|inst1    ; maquina:inst6|inst24    ; LOADF        ; CLOCK       ; 1.000        ; -2.419     ; 3.052      ;
; -4.463 ; registros:valorFinal|inst16   ; maquina:inst6|inst23    ; LOADF        ; CLOCK       ; 1.000        ; -2.421     ; 3.017      ;
; -4.461 ; registros:valorFinal|inst1    ; maquina:inst6|inst22    ; LOADF        ; CLOCK       ; 1.000        ; -2.419     ; 3.017      ;
; -4.460 ; registros:valorFinal|inst16   ; maquina:inst6|inst24    ; LOADF        ; CLOCK       ; 1.000        ; -2.421     ; 3.014      ;
; -4.460 ; registros:valorFinal|inst12   ; maquina:inst6|inst23    ; LOADF        ; CLOCK       ; 1.000        ; -2.421     ; 3.014      ;
; -4.460 ; registros:valorFinal|inst15   ; maquina:inst6|inst22    ; LOADF        ; CLOCK       ; 1.000        ; -2.419     ; 3.016      ;
; -4.425 ; registros:valorFinal|inst16   ; maquina:inst6|inst22    ; LOADF        ; CLOCK       ; 1.000        ; -2.421     ; 2.979      ;
; -4.421 ; registros:valorFinal|inst2    ; maquina:inst6|inst23    ; LOADF        ; CLOCK       ; 1.000        ; -2.419     ; 2.977      ;
; -4.419 ; registros:valorFinal|inst5    ; maquina:inst6|inst23    ; LOADF        ; CLOCK       ; 1.000        ; -2.419     ; 2.975      ;
; -4.416 ; registros:valorFinal|inst5    ; maquina:inst6|inst24    ; LOADF        ; CLOCK       ; 1.000        ; -2.419     ; 2.972      ;
; -4.403 ; registros:valorFinal|inst13   ; maquina:inst6|inst22    ; LOADF        ; CLOCK       ; 1.000        ; -2.419     ; 2.959      ;
; -4.400 ; registros:valorFinal|inst17   ; maquina:inst6|inst23    ; LOADF        ; CLOCK       ; 1.000        ; -2.419     ; 2.956      ;
; -4.397 ; registros:valorFinal|inst17   ; maquina:inst6|inst24    ; LOADF        ; CLOCK       ; 1.000        ; -2.419     ; 2.953      ;
; -4.393 ; registros:valorFinal|inst     ; maquina:inst6|inst23    ; LOADF        ; CLOCK       ; 1.000        ; -2.419     ; 2.949      ;
; -4.381 ; registros:valorFinal|inst5    ; maquina:inst6|inst22    ; LOADF        ; CLOCK       ; 1.000        ; -2.419     ; 2.937      ;
; -4.362 ; registros:valorFinal|inst17   ; maquina:inst6|inst22    ; LOADF        ; CLOCK       ; 1.000        ; -2.419     ; 2.918      ;
; -4.326 ; registros:valorFinal|inst     ; maquina:inst6|inst24    ; LOADF        ; CLOCK       ; 1.000        ; -2.419     ; 2.882      ;
; -4.311 ; registros:valorFinal|inst12   ; maquina:inst6|inst22    ; LOADF        ; CLOCK       ; 1.000        ; -2.421     ; 2.865      ;
; -4.291 ; registros:valorFinal|inst     ; maquina:inst6|inst22    ; LOADF        ; CLOCK       ; 1.000        ; -2.419     ; 2.847      ;
; -4.278 ; registros:valorFinal|inst15   ; maquina:inst6|inst24    ; LOADF        ; CLOCK       ; 1.000        ; -2.419     ; 2.834      ;
; -4.272 ; registros:valorFinal|inst2    ; maquina:inst6|inst22    ; LOADF        ; CLOCK       ; 1.000        ; -2.419     ; 2.828      ;
; -4.266 ; registros:valorFinal|inst2    ; maquina:inst6|inst24    ; LOADF        ; CLOCK       ; 1.000        ; -2.419     ; 2.822      ;
; -4.259 ; registros:valorFinal|inst12   ; maquina:inst6|inst24    ; LOADF        ; CLOCK       ; 1.000        ; -2.421     ; 2.813      ;
; -4.200 ; registros:valorFinal|inst14   ; maquina:inst6|inst24    ; LOADF        ; CLOCK       ; 1.000        ; -2.421     ; 2.754      ;
; -4.194 ; registros:valorFinal|inst13   ; maquina:inst6|inst24    ; LOADF        ; CLOCK       ; 1.000        ; -2.419     ; 2.750      ;
; -4.119 ; registros:valorFinal|inst11   ; maquina:inst6|inst24    ; LOADF        ; CLOCK       ; 1.000        ; -2.419     ; 2.675      ;
; -3.840 ; registros:valorInicial|inst1  ; registros:inst11|inst1  ; LOADI        ; CLOCK       ; 1.000        ; -2.702     ; 2.113      ;
; -3.819 ; registros:valorInicial|inst6  ; maquina:inst6|inst23    ; LOADI        ; CLOCK       ; 1.000        ; -2.030     ; 2.764      ;
; -3.816 ; registros:valorInicial|inst6  ; maquina:inst6|inst24    ; LOADI        ; CLOCK       ; 1.000        ; -2.030     ; 2.761      ;
; -3.801 ; registros:valorInicial|inst5  ; maquina:inst6|inst23    ; LOADI        ; CLOCK       ; 1.000        ; -2.030     ; 2.746      ;
; -3.798 ; registros:valorInicial|inst5  ; maquina:inst6|inst24    ; LOADI        ; CLOCK       ; 1.000        ; -2.030     ; 2.743      ;
; -3.789 ; registros:valorInicial|inst1  ; maquina:inst6|inst23    ; LOADI        ; CLOCK       ; 1.000        ; -2.030     ; 2.734      ;
; -3.786 ; registros:valorInicial|inst1  ; maquina:inst6|inst24    ; LOADI        ; CLOCK       ; 1.000        ; -2.030     ; 2.731      ;
; -3.781 ; registros:valorInicial|inst6  ; maquina:inst6|inst22    ; LOADI        ; CLOCK       ; 1.000        ; -2.030     ; 2.726      ;
; -3.765 ; registros:valorInicial|inst5  ; maquina:inst6|inst22    ; LOADI        ; CLOCK       ; 1.000        ; -2.030     ; 2.710      ;
; -3.739 ; registros:valorInicial|inst17 ; maquina:inst6|inst22    ; LOADI        ; CLOCK       ; 1.000        ; -2.030     ; 2.684      ;
; -3.699 ; registros:valorInicial|inst1  ; maquina:inst6|inst22    ; LOADI        ; CLOCK       ; 1.000        ; -2.030     ; 2.644      ;
; -3.675 ; registros:valorInicial|inst   ; maquina:inst6|inst23    ; LOADI        ; CLOCK       ; 1.000        ; -2.030     ; 2.620      ;
; -3.672 ; registros:valorInicial|inst   ; maquina:inst6|inst24    ; LOADI        ; CLOCK       ; 1.000        ; -2.030     ; 2.617      ;
; -3.639 ; registros:valorInicial|inst   ; maquina:inst6|inst22    ; LOADI        ; CLOCK       ; 1.000        ; -2.030     ; 2.584      ;
; -3.639 ; registros:valorInicial|inst12 ; maquina:inst6|inst22    ; LOADI        ; CLOCK       ; 1.000        ; -2.030     ; 2.584      ;
; -3.620 ; registros:valorInicial|inst17 ; maquina:inst6|inst23    ; LOADI        ; CLOCK       ; 1.000        ; -2.030     ; 2.565      ;
; -3.617 ; registros:valorInicial|inst17 ; maquina:inst6|inst24    ; LOADI        ; CLOCK       ; 1.000        ; -2.030     ; 2.562      ;
; -3.616 ; registros:valorInicial|inst14 ; maquina:inst6|inst22    ; LOADI        ; CLOCK       ; 1.000        ; -2.030     ; 2.561      ;
; -3.576 ; registros:valorInicial|inst16 ; maquina:inst6|inst23    ; LOADI        ; CLOCK       ; 1.000        ; -2.030     ; 2.521      ;
; -3.573 ; registros:valorInicial|inst16 ; maquina:inst6|inst24    ; LOADI        ; CLOCK       ; 1.000        ; -2.030     ; 2.518      ;
; -3.554 ; registros:valorInicial|inst11 ; maquina:inst6|inst22    ; LOADI        ; CLOCK       ; 1.000        ; -2.030     ; 2.499      ;
; -3.540 ; registros:valorInicial|inst16 ; maquina:inst6|inst22    ; LOADI        ; CLOCK       ; 1.000        ; -2.030     ; 2.485      ;
; -3.521 ; registros:valorInicial|inst15 ; maquina:inst6|inst23    ; LOADI        ; CLOCK       ; 1.000        ; -2.030     ; 2.466      ;
; -3.518 ; registros:valorInicial|inst15 ; maquina:inst6|inst24    ; LOADI        ; CLOCK       ; 1.000        ; -2.030     ; 2.463      ;
; -3.511 ; registros:valorInicial|inst12 ; maquina:inst6|inst23    ; LOADI        ; CLOCK       ; 1.000        ; -2.030     ; 2.456      ;
; -3.508 ; registros:valorInicial|inst12 ; maquina:inst6|inst24    ; LOADI        ; CLOCK       ; 1.000        ; -2.030     ; 2.453      ;
; -3.505 ; registros:valorInicial|inst6  ; registros:inst11|inst6  ; LOADI        ; CLOCK       ; 1.000        ; -2.702     ; 1.778      ;
; -3.499 ; registros:valorInicial|inst14 ; maquina:inst6|inst23    ; LOADI        ; CLOCK       ; 1.000        ; -2.030     ; 2.444      ;
; -3.495 ; registros:valorInicial|inst14 ; maquina:inst6|inst24    ; LOADI        ; CLOCK       ; 1.000        ; -2.030     ; 2.440      ;
; -3.483 ; registros:valorInicial|inst15 ; maquina:inst6|inst22    ; LOADI        ; CLOCK       ; 1.000        ; -2.030     ; 2.428      ;
; -3.437 ; registros:valorInicial|inst11 ; maquina:inst6|inst23    ; LOADI        ; CLOCK       ; 1.000        ; -2.030     ; 2.382      ;
; -3.433 ; registros:valorInicial|inst11 ; maquina:inst6|inst24    ; LOADI        ; CLOCK       ; 1.000        ; -2.030     ; 2.378      ;
; -3.422 ; registros:valorInicial|inst13 ; maquina:inst6|inst23    ; LOADI        ; CLOCK       ; 1.000        ; -2.030     ; 2.367      ;
; -3.419 ; registros:valorInicial|inst13 ; maquina:inst6|inst24    ; LOADI        ; CLOCK       ; 1.000        ; -2.030     ; 2.364      ;
; -3.384 ; registros:valorInicial|inst13 ; maquina:inst6|inst22    ; LOADI        ; CLOCK       ; 1.000        ; -2.030     ; 2.329      ;
; -3.364 ; registros:valorInicial|inst2  ; registros:inst11|inst2  ; LOADI        ; CLOCK       ; 1.000        ; -2.385     ; 1.954      ;
; -3.350 ; registros:valorInicial|inst5  ; registros:inst11|inst5  ; LOADI        ; CLOCK       ; 1.000        ; -2.702     ; 1.623      ;
; -3.323 ; registros:valorInicial|inst2  ; maquina:inst6|inst23    ; LOADI        ; CLOCK       ; 1.000        ; -2.030     ; 2.268      ;
; -3.320 ; registros:valorInicial|inst2  ; maquina:inst6|inst24    ; LOADI        ; CLOCK       ; 1.000        ; -2.030     ; 2.265      ;
; -3.285 ; registros:valorInicial|inst2  ; maquina:inst6|inst22    ; LOADI        ; CLOCK       ; 1.000        ; -2.030     ; 2.230      ;
; -3.212 ; registros:valorInicial|inst14 ; registros:inst11|inst14 ; LOADI        ; CLOCK       ; 1.000        ; -2.411     ; 1.776      ;
; -3.195 ; registros:valorInicial|inst16 ; registros:inst11|inst16 ; LOADI        ; CLOCK       ; 1.000        ; -2.411     ; 1.759      ;
; -3.189 ; registros:valorInicial|inst13 ; registros:inst11|inst13 ; LOADI        ; CLOCK       ; 1.000        ; -2.411     ; 1.753      ;
; -3.172 ; registros:valorInicial|inst11 ; registros:inst11|inst11 ; LOADI        ; CLOCK       ; 1.000        ; -2.385     ; 1.762      ;
; -3.071 ; registros:valorInicial|inst   ; registros:inst11|inst   ; LOADI        ; CLOCK       ; 1.000        ; -2.386     ; 1.660      ;
; -3.054 ; registros:valorInicial|inst12 ; registros:inst11|inst12 ; LOADI        ; CLOCK       ; 1.000        ; -2.385     ; 1.644      ;
; -2.817 ; registros:valorInicial|inst15 ; registros:inst11|inst15 ; LOADI        ; CLOCK       ; 1.000        ; -2.411     ; 1.381      ;
; -2.816 ; registros:valorInicial|inst17 ; registros:inst11|inst17 ; LOADI        ; CLOCK       ; 1.000        ; -2.702     ; 1.089      ;
; -2.364 ; registros:inst11|inst11       ; maquina:inst6|inst23    ; CLOCK        ; CLOCK       ; 1.000        ; 0.254      ; 3.613      ;
; -2.329 ; registros:inst11|inst6        ; registros:inst11|inst11 ; CLOCK        ; CLOCK       ; 1.000        ; 0.260      ; 3.584      ;
; -2.277 ; registros:inst11|inst2        ; maquina:inst6|inst23    ; CLOCK        ; CLOCK       ; 1.000        ; 0.254      ; 3.526      ;
; -2.215 ; registros:inst11|inst11       ; maquina:inst6|inst22    ; CLOCK        ; CLOCK       ; 1.000        ; 0.254      ; 3.464      ;
; -2.207 ; maquina:inst6|inst22          ; registros:inst11|inst1  ; CLOCK        ; CLOCK       ; 1.000        ; -0.788     ; 2.414      ;
; -2.169 ; registros:inst11|inst5        ; registros:inst11|inst11 ; CLOCK        ; CLOCK       ; 1.000        ; 0.260      ; 3.424      ;
; -2.153 ; maquina:inst6|inst22          ; registros:inst11|inst   ; CLOCK        ; CLOCK       ; 1.000        ; -0.472     ; 2.676      ;
; -2.133 ; registros:inst11|inst2        ; maquina:inst6|inst22    ; CLOCK        ; CLOCK       ; 1.000        ; 0.254      ; 3.382      ;
; -2.116 ; maquina:inst6|inst23          ; registros:inst11|inst1  ; CLOCK        ; CLOCK       ; 1.000        ; -0.788     ; 2.323      ;
; -2.096 ; maquina:inst6|inst22          ; registros:inst11|inst6  ; CLOCK        ; CLOCK       ; 1.000        ; -0.788     ; 2.303      ;
; -2.092 ; maquina:inst6|inst22          ; registros:inst11|inst5  ; CLOCK        ; CLOCK       ; 1.000        ; -0.788     ; 2.299      ;
; -2.081 ; registros:inst11|inst12       ; maquina:inst6|inst23    ; CLOCK        ; CLOCK       ; 1.000        ; 0.254      ; 3.330      ;
; -2.073 ; maquina:inst6|inst23          ; registros:inst11|inst   ; CLOCK        ; CLOCK       ; 1.000        ; -0.472     ; 2.596      ;
; -2.069 ; registros:inst11|inst16       ; maquina:inst6|inst23    ; CLOCK        ; CLOCK       ; 1.000        ; 0.282      ; 3.346      ;
; -2.025 ; registros:inst11|inst1        ; registros:inst11|inst11 ; CLOCK        ; CLOCK       ; 1.000        ; 0.260      ; 3.280      ;
; -2.005 ; maquina:inst6|inst23          ; registros:inst11|inst6  ; CLOCK        ; CLOCK       ; 1.000        ; -0.788     ; 2.212      ;
+--------+-------------------------------+-------------------------+--------------+-------------+--------------+------------+------------+


+---------------------------------------------------------------------------------------------------------------------------------+
; Slow 1200mV 0C Model Hold: 'CLOCK'                                                                                              ;
+-------+-------------------------+-------------------------+--------------+-------------+--------------+------------+------------+
; Slack ; From Node               ; To Node                 ; Launch Clock ; Latch Clock ; Relationship ; Clock Skew ; Data Delay ;
+-------+-------------------------+-------------------------+--------------+-------------+--------------+------------+------------+
; 0.047 ; LOADI                   ; maquina:inst6|inst24    ; LOADI        ; CLOCK       ; 0.000        ; 2.982      ; 3.213      ;
; 0.052 ; LOADF                   ; maquina:inst6|inst23    ; LOADF        ; CLOCK       ; 0.000        ; 2.982      ; 3.218      ;
; 0.097 ; LOADF                   ; maquina:inst6|inst24    ; LOADF        ; CLOCK       ; 0.000        ; 2.982      ; 3.263      ;
; 0.558 ; registros:inst11|inst14 ; registros:inst11|inst13 ; CLOCK        ; CLOCK       ; 0.000        ; 0.069      ; 0.771      ;
; 0.723 ; registros:inst11|inst13 ; registros:inst11|inst13 ; CLOCK        ; CLOCK       ; 0.000        ; 0.069      ; 0.936      ;
; 0.736 ; registros:inst11|inst16 ; registros:inst11|inst15 ; CLOCK        ; CLOCK       ; 0.000        ; 0.069      ; 0.949      ;
; 0.756 ; LOADF                   ; maquina:inst6|inst23    ; LOADF        ; CLOCK       ; -0.500       ; 2.982      ; 3.422      ;
; 0.780 ; maquina:inst6|inst23    ; maquina:inst6|inst22    ; CLOCK        ; CLOCK       ; 0.000        ; 0.042      ; 0.966      ;
; 0.790 ; LOADI                   ; maquina:inst6|inst24    ; LOADI        ; CLOCK       ; -0.500       ; 2.982      ; 3.456      ;
; 0.820 ; LOADF                   ; maquina:inst6|inst24    ; LOADF        ; CLOCK       ; -0.500       ; 2.982      ; 3.486      ;
; 0.845 ; maquina:inst6|inst24    ; maquina:inst6|inst22    ; CLOCK        ; CLOCK       ; 0.000        ; 0.042      ; 1.031      ;
; 0.883 ; maquina:inst6|inst23    ; maquina:inst6|inst24    ; CLOCK        ; CLOCK       ; 0.000        ; 0.042      ; 1.069      ;
; 0.887 ; maquina:inst6|inst23    ; maquina:inst6|inst23    ; CLOCK        ; CLOCK       ; 0.000        ; 0.042      ; 1.073      ;
; 0.953 ; registros:inst11|inst15 ; registros:inst11|inst15 ; CLOCK        ; CLOCK       ; 0.000        ; 0.069      ; 1.166      ;
; 1.073 ; registros:inst11|inst6  ; registros:inst11|inst6  ; CLOCK        ; CLOCK       ; 0.000        ; 0.057      ; 1.274      ;
; 1.081 ; registros:inst11|inst17 ; registros:inst11|inst17 ; CLOCK        ; CLOCK       ; 0.000        ; 0.057      ; 1.282      ;
; 1.082 ; registros:inst11|inst17 ; registros:inst11|inst15 ; CLOCK        ; CLOCK       ; 0.000        ; 0.360      ; 1.586      ;
; 1.156 ; registros:inst11|inst11 ; maquina:inst6|inst22    ; CLOCK        ; CLOCK       ; 0.000        ; 0.471      ; 1.771      ;
; 1.169 ; registros:inst11|inst   ; registros:inst11|inst17 ; CLOCK        ; CLOCK       ; 0.000        ; -0.259     ; 1.054      ;
; 1.182 ; maquina:inst6|inst22    ; maquina:inst6|inst22    ; CLOCK        ; CLOCK       ; 0.000        ; 0.042      ; 1.368      ;
; 1.188 ; registros:inst11|inst11 ; registros:inst11|inst11 ; CLOCK        ; CLOCK       ; 0.000        ; 0.071      ; 1.403      ;
; 1.231 ; registros:inst11|inst   ; registros:inst11|inst   ; CLOCK        ; CLOCK       ; 0.000        ; 0.070      ; 1.445      ;
; 1.232 ; maquina:inst6|inst22    ; maquina:inst6|inst24    ; CLOCK        ; CLOCK       ; 0.000        ; 0.042      ; 1.418      ;
; 1.236 ; maquina:inst6|inst24    ; maquina:inst6|inst23    ; CLOCK        ; CLOCK       ; 0.000        ; 0.042      ; 1.422      ;
; 1.236 ; maquina:inst6|inst22    ; maquina:inst6|inst23    ; CLOCK        ; CLOCK       ; 0.000        ; 0.042      ; 1.422      ;
; 1.242 ; registros:inst11|inst15 ; registros:inst11|inst13 ; CLOCK        ; CLOCK       ; 0.000        ; 0.069      ; 1.455      ;
; 1.302 ; registros:inst11|inst11 ; maquina:inst6|inst23    ; CLOCK        ; CLOCK       ; 0.000        ; 0.471      ; 1.917      ;
; 1.318 ; registros:inst11|inst   ; registros:inst11|inst15 ; CLOCK        ; CLOCK       ; 0.000        ; 0.044      ; 1.506      ;
; 1.328 ; registros:inst11|inst14 ; registros:inst11|inst14 ; CLOCK        ; CLOCK       ; 0.000        ; 0.069      ; 1.541      ;
; 1.336 ; registros:inst11|inst1  ; registros:inst11|inst17 ; CLOCK        ; CLOCK       ; 0.000        ; 0.057      ; 1.537      ;
; 1.337 ; maquina:inst6|inst24    ; registros:inst11|inst15 ; CLOCK        ; CLOCK       ; 0.000        ; -0.282     ; 1.199      ;
; 1.343 ; registros:inst11|inst1  ; registros:inst11|inst15 ; CLOCK        ; CLOCK       ; 0.000        ; 0.360      ; 1.847      ;
; 1.364 ; registros:inst11|inst17 ; registros:inst11|inst13 ; CLOCK        ; CLOCK       ; 0.000        ; 0.360      ; 1.868      ;
; 1.368 ; registros:inst11|inst12 ; registros:inst11|inst12 ; CLOCK        ; CLOCK       ; 0.000        ; 0.071      ; 1.583      ;
; 1.376 ; registros:inst11|inst12 ; registros:inst11|inst2  ; CLOCK        ; CLOCK       ; 0.000        ; 0.071      ; 1.591      ;
; 1.380 ; registros:inst11|inst1  ; registros:inst11|inst1  ; CLOCK        ; CLOCK       ; 0.000        ; 0.057      ; 1.581      ;
; 1.422 ; registros:inst11|inst1  ; registros:inst11|inst   ; CLOCK        ; CLOCK       ; 0.000        ; 0.386      ; 1.952      ;
; 1.456 ; maquina:inst6|inst24    ; maquina:inst6|inst24    ; CLOCK        ; CLOCK       ; 0.000        ; 0.042      ; 1.642      ;
; 1.477 ; registros:inst11|inst16 ; registros:inst11|inst13 ; CLOCK        ; CLOCK       ; 0.000        ; 0.069      ; 1.690      ;
; 1.501 ; maquina:inst6|inst23    ; registros:inst11|inst15 ; CLOCK        ; CLOCK       ; 0.000        ; -0.282     ; 1.363      ;
; 1.508 ; registros:inst11|inst17 ; registros:inst11|inst16 ; CLOCK        ; CLOCK       ; 0.000        ; 0.360      ; 2.012      ;
; 1.513 ; maquina:inst6|inst24    ; registros:inst11|inst13 ; CLOCK        ; CLOCK       ; 0.000        ; -0.282     ; 1.375      ;
; 1.523 ; registros:inst11|inst16 ; registros:inst11|inst16 ; CLOCK        ; CLOCK       ; 0.000        ; 0.069      ; 1.736      ;
; 1.539 ; registros:inst11|inst13 ; registros:inst11|inst2  ; CLOCK        ; CLOCK       ; 0.000        ; 0.097      ; 1.780      ;
; 1.541 ; registros:inst11|inst5  ; registros:inst11|inst17 ; CLOCK        ; CLOCK       ; 0.000        ; 0.057      ; 1.742      ;
; 1.541 ; registros:inst11|inst13 ; registros:inst11|inst12 ; CLOCK        ; CLOCK       ; 0.000        ; 0.097      ; 1.782      ;
; 1.545 ; registros:inst11|inst1  ; maquina:inst6|inst22    ; CLOCK        ; CLOCK       ; 0.000        ; 0.788      ; 2.477      ;
; 1.547 ; registros:inst11|inst14 ; registros:inst11|inst2  ; CLOCK        ; CLOCK       ; 0.000        ; 0.097      ; 1.788      ;
; 1.548 ; registros:inst11|inst5  ; registros:inst11|inst15 ; CLOCK        ; CLOCK       ; 0.000        ; 0.360      ; 2.052      ;
; 1.549 ; registros:inst11|inst14 ; registros:inst11|inst12 ; CLOCK        ; CLOCK       ; 0.000        ; 0.097      ; 1.790      ;
; 1.575 ; maquina:inst6|inst22    ; registros:inst11|inst15 ; CLOCK        ; CLOCK       ; 0.000        ; -0.282     ; 1.437      ;
; 1.600 ; registros:inst11|inst   ; registros:inst11|inst13 ; CLOCK        ; CLOCK       ; 0.000        ; 0.044      ; 1.788      ;
; 1.606 ; registros:inst11|inst6  ; maquina:inst6|inst22    ; CLOCK        ; CLOCK       ; 0.000        ; 0.788      ; 2.538      ;
; 1.625 ; registros:inst11|inst1  ; registros:inst11|inst13 ; CLOCK        ; CLOCK       ; 0.000        ; 0.360      ; 2.129      ;
; 1.627 ; registros:inst11|inst5  ; registros:inst11|inst   ; CLOCK        ; CLOCK       ; 0.000        ; 0.386      ; 2.157      ;
; 1.645 ; registros:inst11|inst13 ; maquina:inst6|inst22    ; CLOCK        ; CLOCK       ; 0.000        ; 0.497      ; 2.286      ;
; 1.657 ; registros:inst11|inst14 ; maquina:inst6|inst22    ; CLOCK        ; CLOCK       ; 0.000        ; 0.497      ; 2.298      ;
; 1.662 ; registros:inst11|inst15 ; registros:inst11|inst14 ; CLOCK        ; CLOCK       ; 0.000        ; 0.069      ; 1.875      ;
; 1.677 ; maquina:inst6|inst23    ; registros:inst11|inst13 ; CLOCK        ; CLOCK       ; 0.000        ; -0.282     ; 1.539      ;
; 1.686 ; registros:inst11|inst5  ; maquina:inst6|inst22    ; CLOCK        ; CLOCK       ; 0.000        ; 0.788      ; 2.618      ;
; 1.691 ; registros:inst11|inst1  ; maquina:inst6|inst23    ; CLOCK        ; CLOCK       ; 0.000        ; 0.788      ; 2.623      ;
; 1.713 ; registros:inst11|inst15 ; registros:inst11|inst2  ; CLOCK        ; CLOCK       ; 0.000        ; 0.097      ; 1.954      ;
; 1.715 ; registros:inst11|inst15 ; registros:inst11|inst12 ; CLOCK        ; CLOCK       ; 0.000        ; 0.097      ; 1.956      ;
; 1.718 ; registros:inst11|inst6  ; registros:inst11|inst17 ; CLOCK        ; CLOCK       ; 0.000        ; 0.057      ; 1.919      ;
; 1.725 ; registros:inst11|inst6  ; registros:inst11|inst15 ; CLOCK        ; CLOCK       ; 0.000        ; 0.360      ; 2.229      ;
; 1.733 ; registros:inst11|inst2  ; registros:inst11|inst2  ; CLOCK        ; CLOCK       ; 0.000        ; 0.071      ; 1.948      ;
; 1.741 ; registros:inst11|inst17 ; maquina:inst6|inst22    ; CLOCK        ; CLOCK       ; 0.000        ; 0.788      ; 2.673      ;
; 1.744 ; registros:inst11|inst   ; registros:inst11|inst16 ; CLOCK        ; CLOCK       ; 0.000        ; 0.044      ; 1.932      ;
; 1.752 ; registros:inst11|inst6  ; maquina:inst6|inst23    ; CLOCK        ; CLOCK       ; 0.000        ; 0.788      ; 2.684      ;
; 1.761 ; maquina:inst6|inst22    ; registros:inst11|inst13 ; CLOCK        ; CLOCK       ; 0.000        ; -0.282     ; 1.623      ;
; 1.769 ; registros:inst11|inst1  ; registros:inst11|inst16 ; CLOCK        ; CLOCK       ; 0.000        ; 0.360      ; 2.273      ;
; 1.772 ; registros:inst11|inst12 ; maquina:inst6|inst22    ; CLOCK        ; CLOCK       ; 0.000        ; 0.471      ; 2.387      ;
; 1.774 ; registros:inst11|inst2  ; maquina:inst6|inst22    ; CLOCK        ; CLOCK       ; 0.000        ; 0.471      ; 2.389      ;
; 1.783 ; registros:inst11|inst12 ; registros:inst11|inst11 ; CLOCK        ; CLOCK       ; 0.000        ; 0.071      ; 1.998      ;
; 1.784 ; registros:inst11|inst17 ; registros:inst11|inst14 ; CLOCK        ; CLOCK       ; 0.000        ; 0.360      ; 2.288      ;
; 1.788 ; registros:inst11|inst15 ; maquina:inst6|inst22    ; CLOCK        ; CLOCK       ; 0.000        ; 0.497      ; 2.429      ;
; 1.791 ; registros:inst11|inst13 ; maquina:inst6|inst23    ; CLOCK        ; CLOCK       ; 0.000        ; 0.497      ; 2.432      ;
; 1.803 ; registros:inst11|inst14 ; maquina:inst6|inst23    ; CLOCK        ; CLOCK       ; 0.000        ; 0.497      ; 2.444      ;
; 1.804 ; registros:inst11|inst6  ; registros:inst11|inst   ; CLOCK        ; CLOCK       ; 0.000        ; 0.386      ; 2.334      ;
; 1.816 ; maquina:inst6|inst24    ; registros:inst11|inst2  ; CLOCK        ; CLOCK       ; 0.000        ; -0.254     ; 1.706      ;
; 1.817 ; maquina:inst6|inst24    ; registros:inst11|inst12 ; CLOCK        ; CLOCK       ; 0.000        ; -0.254     ; 1.707      ;
; 1.830 ; registros:inst11|inst5  ; registros:inst11|inst13 ; CLOCK        ; CLOCK       ; 0.000        ; 0.360      ; 2.334      ;
; 1.832 ; registros:inst11|inst5  ; maquina:inst6|inst23    ; CLOCK        ; CLOCK       ; 0.000        ; 0.788      ; 2.764      ;
; 1.835 ; registros:inst11|inst17 ; registros:inst11|inst2  ; CLOCK        ; CLOCK       ; 0.000        ; 0.388      ; 2.367      ;
; 1.837 ; registros:inst11|inst17 ; registros:inst11|inst12 ; CLOCK        ; CLOCK       ; 0.000        ; 0.388      ; 2.369      ;
; 1.845 ; registros:inst11|inst5  ; registros:inst11|inst5  ; CLOCK        ; CLOCK       ; 0.000        ; 0.057      ; 2.046      ;
; 1.859 ; registros:inst11|inst   ; maquina:inst6|inst22    ; CLOCK        ; CLOCK       ; 0.000        ; 0.472      ; 2.475      ;
; 1.887 ; registros:inst11|inst17 ; maquina:inst6|inst23    ; CLOCK        ; CLOCK       ; 0.000        ; 0.788      ; 2.819      ;
; 1.897 ; registros:inst11|inst16 ; registros:inst11|inst14 ; CLOCK        ; CLOCK       ; 0.000        ; 0.069      ; 2.110      ;
; 1.918 ; registros:inst11|inst12 ; maquina:inst6|inst23    ; CLOCK        ; CLOCK       ; 0.000        ; 0.471      ; 2.533      ;
; 1.920 ; registros:inst11|inst2  ; maquina:inst6|inst23    ; CLOCK        ; CLOCK       ; 0.000        ; 0.471      ; 2.535      ;
; 1.934 ; registros:inst11|inst15 ; maquina:inst6|inst23    ; CLOCK        ; CLOCK       ; 0.000        ; 0.497      ; 2.575      ;
; 1.948 ; registros:inst11|inst16 ; registros:inst11|inst2  ; CLOCK        ; CLOCK       ; 0.000        ; 0.097      ; 2.189      ;
; 1.950 ; registros:inst11|inst16 ; registros:inst11|inst12 ; CLOCK        ; CLOCK       ; 0.000        ; 0.097      ; 2.191      ;
; 1.956 ; maquina:inst6|inst24    ; registros:inst11|inst11 ; CLOCK        ; CLOCK       ; 0.000        ; -0.254     ; 1.846      ;
; 1.962 ; maquina:inst6|inst24    ; registros:inst11|inst17 ; CLOCK        ; CLOCK       ; 0.000        ; -0.585     ; 1.521      ;
; 1.973 ; registros:inst11|inst13 ; registros:inst11|inst11 ; CLOCK        ; CLOCK       ; 0.000        ; 0.097      ; 2.214      ;
; 1.974 ; registros:inst11|inst5  ; registros:inst11|inst16 ; CLOCK        ; CLOCK       ; 0.000        ; 0.360      ; 2.478      ;
; 1.980 ; maquina:inst6|inst23    ; registros:inst11|inst2  ; CLOCK        ; CLOCK       ; 0.000        ; -0.254     ; 1.870      ;
; 1.980 ; maquina:inst6|inst23    ; registros:inst11|inst12 ; CLOCK        ; CLOCK       ; 0.000        ; -0.254     ; 1.870      ;
+-------+-------------------------+-------------------------+--------------+-------------+--------------+------------+------------+


+--------------------------------------------------------------------------------------------------------------+
; Slow 1200mV 0C Model Minimum Pulse Width: 'CLOCK'                                                            ;
+--------+--------------+----------------+------------------+-------+------------+-----------------------------+
; Slack  ; Actual Width ; Required Width ; Type             ; Clock ; Clock Edge ; Target                      ;
+--------+--------------+----------------+------------------+-------+------------+-----------------------------+
; -3.000 ; 1.000        ; 4.000          ; Port Rate        ; CLOCK ; Rise       ; CLOCK                       ;
; -1.000 ; 1.000        ; 2.000          ; Min Period       ; CLOCK ; Rise       ; maquina:inst6|inst22        ;
; -1.000 ; 1.000        ; 2.000          ; Min Period       ; CLOCK ; Rise       ; maquina:inst6|inst23        ;
; -1.000 ; 1.000        ; 2.000          ; Min Period       ; CLOCK ; Rise       ; maquina:inst6|inst24        ;
; -1.000 ; 1.000        ; 2.000          ; Min Period       ; CLOCK ; Rise       ; registros:inst11|inst       ;
; -1.000 ; 1.000        ; 2.000          ; Min Period       ; CLOCK ; Rise       ; registros:inst11|inst1      ;
; -1.000 ; 1.000        ; 2.000          ; Min Period       ; CLOCK ; Rise       ; registros:inst11|inst11     ;
; -1.000 ; 1.000        ; 2.000          ; Min Period       ; CLOCK ; Rise       ; registros:inst11|inst12     ;
; -1.000 ; 1.000        ; 2.000          ; Min Period       ; CLOCK ; Rise       ; registros:inst11|inst13     ;
; -1.000 ; 1.000        ; 2.000          ; Min Period       ; CLOCK ; Rise       ; registros:inst11|inst14     ;
; -1.000 ; 1.000        ; 2.000          ; Min Period       ; CLOCK ; Rise       ; registros:inst11|inst15     ;
; -1.000 ; 1.000        ; 2.000          ; Min Period       ; CLOCK ; Rise       ; registros:inst11|inst16     ;
; -1.000 ; 1.000        ; 2.000          ; Min Period       ; CLOCK ; Rise       ; registros:inst11|inst17     ;
; -1.000 ; 1.000        ; 2.000          ; Min Period       ; CLOCK ; Rise       ; registros:inst11|inst2      ;
; -1.000 ; 1.000        ; 2.000          ; Min Period       ; CLOCK ; Rise       ; registros:inst11|inst5      ;
; -1.000 ; 1.000        ; 2.000          ; Min Period       ; CLOCK ; Rise       ; registros:inst11|inst6      ;
; 0.216  ; 0.400        ; 0.184          ; Low Pulse Width  ; CLOCK ; Rise       ; registros:inst11|inst       ;
; 0.216  ; 0.400        ; 0.184          ; Low Pulse Width  ; CLOCK ; Rise       ; registros:inst11|inst11     ;
; 0.216  ; 0.400        ; 0.184          ; Low Pulse Width  ; CLOCK ; Rise       ; registros:inst11|inst12     ;
; 0.216  ; 0.400        ; 0.184          ; Low Pulse Width  ; CLOCK ; Rise       ; registros:inst11|inst2      ;
; 0.220  ; 0.404        ; 0.184          ; Low Pulse Width  ; CLOCK ; Rise       ; registros:inst11|inst1      ;
; 0.220  ; 0.404        ; 0.184          ; Low Pulse Width  ; CLOCK ; Rise       ; registros:inst11|inst17     ;
; 0.220  ; 0.404        ; 0.184          ; Low Pulse Width  ; CLOCK ; Rise       ; registros:inst11|inst5      ;
; 0.220  ; 0.404        ; 0.184          ; Low Pulse Width  ; CLOCK ; Rise       ; registros:inst11|inst6      ;
; 0.226  ; 0.410        ; 0.184          ; Low Pulse Width  ; CLOCK ; Rise       ; registros:inst11|inst13     ;
; 0.226  ; 0.410        ; 0.184          ; Low Pulse Width  ; CLOCK ; Rise       ; registros:inst11|inst14     ;
; 0.226  ; 0.410        ; 0.184          ; Low Pulse Width  ; CLOCK ; Rise       ; registros:inst11|inst15     ;
; 0.226  ; 0.410        ; 0.184          ; Low Pulse Width  ; CLOCK ; Rise       ; registros:inst11|inst16     ;
; 0.254  ; 0.438        ; 0.184          ; Low Pulse Width  ; CLOCK ; Rise       ; maquina:inst6|inst22        ;
; 0.254  ; 0.438        ; 0.184          ; Low Pulse Width  ; CLOCK ; Rise       ; maquina:inst6|inst23        ;
; 0.254  ; 0.438        ; 0.184          ; Low Pulse Width  ; CLOCK ; Rise       ; maquina:inst6|inst24        ;
; 0.343  ; 0.559        ; 0.216          ; High Pulse Width ; CLOCK ; Rise       ; maquina:inst6|inst22        ;
; 0.343  ; 0.559        ; 0.216          ; High Pulse Width ; CLOCK ; Rise       ; maquina:inst6|inst23        ;
; 0.343  ; 0.559        ; 0.216          ; High Pulse Width ; CLOCK ; Rise       ; maquina:inst6|inst24        ;
; 0.344  ; 0.344        ; 0.000          ; Low Pulse Width  ; CLOCK ; Rise       ; CLOCK~input|o               ;
; 0.348  ; 0.348        ; 0.000          ; Low Pulse Width  ; CLOCK ; Rise       ; CLOCK~inputclkctrl|inclk[0] ;
; 0.348  ; 0.348        ; 0.000          ; Low Pulse Width  ; CLOCK ; Rise       ; CLOCK~inputclkctrl|outclk   ;
; 0.372  ; 0.588        ; 0.216          ; High Pulse Width ; CLOCK ; Rise       ; registros:inst11|inst13     ;
; 0.372  ; 0.588        ; 0.216          ; High Pulse Width ; CLOCK ; Rise       ; registros:inst11|inst14     ;
; 0.372  ; 0.588        ; 0.216          ; High Pulse Width ; CLOCK ; Rise       ; registros:inst11|inst15     ;
; 0.372  ; 0.588        ; 0.216          ; High Pulse Width ; CLOCK ; Rise       ; registros:inst11|inst16     ;
; 0.376  ; 0.376        ; 0.000          ; Low Pulse Width  ; CLOCK ; Rise       ; inst11|inst11|clk           ;
; 0.376  ; 0.376        ; 0.000          ; Low Pulse Width  ; CLOCK ; Rise       ; inst11|inst12|clk           ;
; 0.376  ; 0.376        ; 0.000          ; Low Pulse Width  ; CLOCK ; Rise       ; inst11|inst2|clk            ;
; 0.376  ; 0.376        ; 0.000          ; Low Pulse Width  ; CLOCK ; Rise       ; inst11|inst|clk             ;
; 0.379  ; 0.595        ; 0.216          ; High Pulse Width ; CLOCK ; Rise       ; registros:inst11|inst1      ;
; 0.379  ; 0.595        ; 0.216          ; High Pulse Width ; CLOCK ; Rise       ; registros:inst11|inst17     ;
; 0.379  ; 0.595        ; 0.216          ; High Pulse Width ; CLOCK ; Rise       ; registros:inst11|inst5      ;
; 0.379  ; 0.595        ; 0.216          ; High Pulse Width ; CLOCK ; Rise       ; registros:inst11|inst6      ;
; 0.380  ; 0.380        ; 0.000          ; Low Pulse Width  ; CLOCK ; Rise       ; inst11|inst17|clk           ;
; 0.380  ; 0.380        ; 0.000          ; Low Pulse Width  ; CLOCK ; Rise       ; inst11|inst1|clk            ;
; 0.380  ; 0.380        ; 0.000          ; Low Pulse Width  ; CLOCK ; Rise       ; inst11|inst5|clk            ;
; 0.380  ; 0.380        ; 0.000          ; Low Pulse Width  ; CLOCK ; Rise       ; inst11|inst6|clk            ;
; 0.382  ; 0.598        ; 0.216          ; High Pulse Width ; CLOCK ; Rise       ; registros:inst11|inst11     ;
; 0.382  ; 0.598        ; 0.216          ; High Pulse Width ; CLOCK ; Rise       ; registros:inst11|inst12     ;
; 0.382  ; 0.598        ; 0.216          ; High Pulse Width ; CLOCK ; Rise       ; registros:inst11|inst2      ;
; 0.383  ; 0.599        ; 0.216          ; High Pulse Width ; CLOCK ; Rise       ; registros:inst11|inst       ;
; 0.386  ; 0.386        ; 0.000          ; Low Pulse Width  ; CLOCK ; Rise       ; inst11|inst13|clk           ;
; 0.386  ; 0.386        ; 0.000          ; Low Pulse Width  ; CLOCK ; Rise       ; inst11|inst14|clk           ;
; 0.386  ; 0.386        ; 0.000          ; Low Pulse Width  ; CLOCK ; Rise       ; inst11|inst15|clk           ;
; 0.386  ; 0.386        ; 0.000          ; Low Pulse Width  ; CLOCK ; Rise       ; inst11|inst16|clk           ;
; 0.414  ; 0.414        ; 0.000          ; Low Pulse Width  ; CLOCK ; Rise       ; inst6|inst22|clk            ;
; 0.414  ; 0.414        ; 0.000          ; Low Pulse Width  ; CLOCK ; Rise       ; inst6|inst23|clk            ;
; 0.414  ; 0.414        ; 0.000          ; Low Pulse Width  ; CLOCK ; Rise       ; inst6|inst24|clk            ;
; 0.500  ; 0.500        ; 0.000          ; High Pulse Width ; CLOCK ; Rise       ; CLOCK~input|i               ;
; 0.500  ; 0.500        ; 0.000          ; Low Pulse Width  ; CLOCK ; Rise       ; CLOCK~input|i               ;
; 0.583  ; 0.583        ; 0.000          ; High Pulse Width ; CLOCK ; Rise       ; inst6|inst22|clk            ;
; 0.583  ; 0.583        ; 0.000          ; High Pulse Width ; CLOCK ; Rise       ; inst6|inst23|clk            ;
; 0.583  ; 0.583        ; 0.000          ; High Pulse Width ; CLOCK ; Rise       ; inst6|inst24|clk            ;
; 0.612  ; 0.612        ; 0.000          ; High Pulse Width ; CLOCK ; Rise       ; inst11|inst13|clk           ;
; 0.612  ; 0.612        ; 0.000          ; High Pulse Width ; CLOCK ; Rise       ; inst11|inst14|clk           ;
; 0.612  ; 0.612        ; 0.000          ; High Pulse Width ; CLOCK ; Rise       ; inst11|inst15|clk           ;
; 0.612  ; 0.612        ; 0.000          ; High Pulse Width ; CLOCK ; Rise       ; inst11|inst16|clk           ;
; 0.619  ; 0.619        ; 0.000          ; High Pulse Width ; CLOCK ; Rise       ; inst11|inst17|clk           ;
; 0.619  ; 0.619        ; 0.000          ; High Pulse Width ; CLOCK ; Rise       ; inst11|inst1|clk            ;
; 0.619  ; 0.619        ; 0.000          ; High Pulse Width ; CLOCK ; Rise       ; inst11|inst5|clk            ;
; 0.619  ; 0.619        ; 0.000          ; High Pulse Width ; CLOCK ; Rise       ; inst11|inst6|clk            ;
; 0.622  ; 0.622        ; 0.000          ; High Pulse Width ; CLOCK ; Rise       ; inst11|inst11|clk           ;
; 0.622  ; 0.622        ; 0.000          ; High Pulse Width ; CLOCK ; Rise       ; inst11|inst12|clk           ;
; 0.622  ; 0.622        ; 0.000          ; High Pulse Width ; CLOCK ; Rise       ; inst11|inst2|clk            ;
; 0.623  ; 0.623        ; 0.000          ; High Pulse Width ; CLOCK ; Rise       ; inst11|inst|clk             ;
; 0.652  ; 0.652        ; 0.000          ; High Pulse Width ; CLOCK ; Rise       ; CLOCK~inputclkctrl|inclk[0] ;
; 0.652  ; 0.652        ; 0.000          ; High Pulse Width ; CLOCK ; Rise       ; CLOCK~inputclkctrl|outclk   ;
; 0.656  ; 0.656        ; 0.000          ; High Pulse Width ; CLOCK ; Rise       ; CLOCK~input|o               ;
+--------+--------------+----------------+------------------+-------+------------+-----------------------------+


+--------------------------------------------------------------------------------------------------------------+
; Slow 1200mV 0C Model Minimum Pulse Width: 'LOADF'                                                            ;
+--------+--------------+----------------+------------------+-------+------------+-----------------------------+
; Slack  ; Actual Width ; Required Width ; Type             ; Clock ; Clock Edge ; Target                      ;
+--------+--------------+----------------+------------------+-------+------------+-----------------------------+
; -3.000 ; 1.000        ; 4.000          ; Port Rate        ; LOADF ; Rise       ; LOADF                       ;
; -1.000 ; 1.000        ; 2.000          ; Min Period       ; LOADF ; Rise       ; registros:valorFinal|inst   ;
; -1.000 ; 1.000        ; 2.000          ; Min Period       ; LOADF ; Rise       ; registros:valorFinal|inst1  ;
; -1.000 ; 1.000        ; 2.000          ; Min Period       ; LOADF ; Rise       ; registros:valorFinal|inst11 ;
; -1.000 ; 1.000        ; 2.000          ; Min Period       ; LOADF ; Rise       ; registros:valorFinal|inst12 ;
; -1.000 ; 1.000        ; 2.000          ; Min Period       ; LOADF ; Rise       ; registros:valorFinal|inst13 ;
; -1.000 ; 1.000        ; 2.000          ; Min Period       ; LOADF ; Rise       ; registros:valorFinal|inst14 ;
; -1.000 ; 1.000        ; 2.000          ; Min Period       ; LOADF ; Rise       ; registros:valorFinal|inst15 ;
; -1.000 ; 1.000        ; 2.000          ; Min Period       ; LOADF ; Rise       ; registros:valorFinal|inst16 ;
; -1.000 ; 1.000        ; 2.000          ; Min Period       ; LOADF ; Rise       ; registros:valorFinal|inst17 ;
; -1.000 ; 1.000        ; 2.000          ; Min Period       ; LOADF ; Rise       ; registros:valorFinal|inst2  ;
; -1.000 ; 1.000        ; 2.000          ; Min Period       ; LOADF ; Rise       ; registros:valorFinal|inst5  ;
; -1.000 ; 1.000        ; 2.000          ; Min Period       ; LOADF ; Rise       ; registros:valorFinal|inst6  ;
; 0.168  ; 0.352        ; 0.184          ; Low Pulse Width  ; LOADF ; Rise       ; registros:valorFinal|inst   ;
; 0.168  ; 0.352        ; 0.184          ; Low Pulse Width  ; LOADF ; Rise       ; registros:valorFinal|inst1  ;
; 0.168  ; 0.352        ; 0.184          ; Low Pulse Width  ; LOADF ; Rise       ; registros:valorFinal|inst11 ;
; 0.168  ; 0.352        ; 0.184          ; Low Pulse Width  ; LOADF ; Rise       ; registros:valorFinal|inst12 ;
; 0.168  ; 0.352        ; 0.184          ; Low Pulse Width  ; LOADF ; Rise       ; registros:valorFinal|inst13 ;
; 0.168  ; 0.352        ; 0.184          ; Low Pulse Width  ; LOADF ; Rise       ; registros:valorFinal|inst14 ;
; 0.168  ; 0.352        ; 0.184          ; Low Pulse Width  ; LOADF ; Rise       ; registros:valorFinal|inst15 ;
; 0.168  ; 0.352        ; 0.184          ; Low Pulse Width  ; LOADF ; Rise       ; registros:valorFinal|inst16 ;
; 0.168  ; 0.352        ; 0.184          ; Low Pulse Width  ; LOADF ; Rise       ; registros:valorFinal|inst17 ;
; 0.168  ; 0.352        ; 0.184          ; Low Pulse Width  ; LOADF ; Rise       ; registros:valorFinal|inst2  ;
; 0.168  ; 0.352        ; 0.184          ; Low Pulse Width  ; LOADF ; Rise       ; registros:valorFinal|inst5  ;
; 0.168  ; 0.352        ; 0.184          ; Low Pulse Width  ; LOADF ; Rise       ; registros:valorFinal|inst6  ;
; 0.248  ; 0.248        ; 0.000          ; Low Pulse Width  ; LOADF ; Rise       ; inst8|datab                 ;
; 0.271  ; 0.271        ; 0.000          ; Low Pulse Width  ; LOADF ; Rise       ; inst8|combout               ;
; 0.301  ; 0.301        ; 0.000          ; Low Pulse Width  ; LOADF ; Rise       ; inst8~clkctrl|inclk[0]      ;
; 0.301  ; 0.301        ; 0.000          ; Low Pulse Width  ; LOADF ; Rise       ; inst8~clkctrl|outclk        ;
; 0.328  ; 0.328        ; 0.000          ; Low Pulse Width  ; LOADF ; Rise       ; valorFinal|inst11|clk       ;
; 0.328  ; 0.328        ; 0.000          ; Low Pulse Width  ; LOADF ; Rise       ; valorFinal|inst12|clk       ;
; 0.328  ; 0.328        ; 0.000          ; Low Pulse Width  ; LOADF ; Rise       ; valorFinal|inst13|clk       ;
; 0.328  ; 0.328        ; 0.000          ; Low Pulse Width  ; LOADF ; Rise       ; valorFinal|inst14|clk       ;
; 0.328  ; 0.328        ; 0.000          ; Low Pulse Width  ; LOADF ; Rise       ; valorFinal|inst15|clk       ;
; 0.328  ; 0.328        ; 0.000          ; Low Pulse Width  ; LOADF ; Rise       ; valorFinal|inst16|clk       ;
; 0.328  ; 0.328        ; 0.000          ; Low Pulse Width  ; LOADF ; Rise       ; valorFinal|inst17|clk       ;
; 0.328  ; 0.328        ; 0.000          ; Low Pulse Width  ; LOADF ; Rise       ; valorFinal|inst1|clk        ;
; 0.328  ; 0.328        ; 0.000          ; Low Pulse Width  ; LOADF ; Rise       ; valorFinal|inst2|clk        ;
; 0.328  ; 0.328        ; 0.000          ; Low Pulse Width  ; LOADF ; Rise       ; valorFinal|inst5|clk        ;
; 0.328  ; 0.328        ; 0.000          ; Low Pulse Width  ; LOADF ; Rise       ; valorFinal|inst6|clk        ;
; 0.328  ; 0.328        ; 0.000          ; Low Pulse Width  ; LOADF ; Rise       ; valorFinal|inst|clk         ;
; 0.344  ; 0.344        ; 0.000          ; Low Pulse Width  ; LOADF ; Rise       ; LOADF~input|o               ;
; 0.430  ; 0.646        ; 0.216          ; High Pulse Width ; LOADF ; Rise       ; registros:valorFinal|inst12 ;
; 0.430  ; 0.646        ; 0.216          ; High Pulse Width ; LOADF ; Rise       ; registros:valorFinal|inst14 ;
; 0.430  ; 0.646        ; 0.216          ; High Pulse Width ; LOADF ; Rise       ; registros:valorFinal|inst16 ;
; 0.431  ; 0.647        ; 0.216          ; High Pulse Width ; LOADF ; Rise       ; registros:valorFinal|inst   ;
; 0.431  ; 0.647        ; 0.216          ; High Pulse Width ; LOADF ; Rise       ; registros:valorFinal|inst1  ;
; 0.431  ; 0.647        ; 0.216          ; High Pulse Width ; LOADF ; Rise       ; registros:valorFinal|inst11 ;
; 0.431  ; 0.647        ; 0.216          ; High Pulse Width ; LOADF ; Rise       ; registros:valorFinal|inst13 ;
; 0.431  ; 0.647        ; 0.216          ; High Pulse Width ; LOADF ; Rise       ; registros:valorFinal|inst15 ;
; 0.431  ; 0.647        ; 0.216          ; High Pulse Width ; LOADF ; Rise       ; registros:valorFinal|inst17 ;
; 0.431  ; 0.647        ; 0.216          ; High Pulse Width ; LOADF ; Rise       ; registros:valorFinal|inst2  ;
; 0.431  ; 0.647        ; 0.216          ; High Pulse Width ; LOADF ; Rise       ; registros:valorFinal|inst5  ;
; 0.431  ; 0.647        ; 0.216          ; High Pulse Width ; LOADF ; Rise       ; registros:valorFinal|inst6  ;
; 0.500  ; 0.500        ; 0.000          ; High Pulse Width ; LOADF ; Rise       ; LOADF~input|i               ;
; 0.500  ; 0.500        ; 0.000          ; Low Pulse Width  ; LOADF ; Rise       ; LOADF~input|i               ;
; 0.656  ; 0.656        ; 0.000          ; High Pulse Width ; LOADF ; Rise       ; LOADF~input|o               ;
; 0.670  ; 0.670        ; 0.000          ; High Pulse Width ; LOADF ; Rise       ; valorFinal|inst12|clk       ;
; 0.670  ; 0.670        ; 0.000          ; High Pulse Width ; LOADF ; Rise       ; valorFinal|inst14|clk       ;
; 0.670  ; 0.670        ; 0.000          ; High Pulse Width ; LOADF ; Rise       ; valorFinal|inst16|clk       ;
; 0.671  ; 0.671        ; 0.000          ; High Pulse Width ; LOADF ; Rise       ; valorFinal|inst11|clk       ;
; 0.671  ; 0.671        ; 0.000          ; High Pulse Width ; LOADF ; Rise       ; valorFinal|inst13|clk       ;
; 0.671  ; 0.671        ; 0.000          ; High Pulse Width ; LOADF ; Rise       ; valorFinal|inst15|clk       ;
; 0.671  ; 0.671        ; 0.000          ; High Pulse Width ; LOADF ; Rise       ; valorFinal|inst17|clk       ;
; 0.671  ; 0.671        ; 0.000          ; High Pulse Width ; LOADF ; Rise       ; valorFinal|inst1|clk        ;
; 0.671  ; 0.671        ; 0.000          ; High Pulse Width ; LOADF ; Rise       ; valorFinal|inst2|clk        ;
; 0.671  ; 0.671        ; 0.000          ; High Pulse Width ; LOADF ; Rise       ; valorFinal|inst5|clk        ;
; 0.671  ; 0.671        ; 0.000          ; High Pulse Width ; LOADF ; Rise       ; valorFinal|inst6|clk        ;
; 0.671  ; 0.671        ; 0.000          ; High Pulse Width ; LOADF ; Rise       ; valorFinal|inst|clk         ;
; 0.697  ; 0.697        ; 0.000          ; High Pulse Width ; LOADF ; Rise       ; inst8~clkctrl|inclk[0]      ;
; 0.697  ; 0.697        ; 0.000          ; High Pulse Width ; LOADF ; Rise       ; inst8~clkctrl|outclk        ;
; 0.726  ; 0.726        ; 0.000          ; High Pulse Width ; LOADF ; Rise       ; inst8|combout               ;
; 0.748  ; 0.748        ; 0.000          ; High Pulse Width ; LOADF ; Rise       ; inst8|datab                 ;
+--------+--------------+----------------+------------------+-------+------------+-----------------------------+


+----------------------------------------------------------------------------------------------------------------+
; Slow 1200mV 0C Model Minimum Pulse Width: 'LOADI'                                                              ;
+--------+--------------+----------------+------------------+-------+------------+-------------------------------+
; Slack  ; Actual Width ; Required Width ; Type             ; Clock ; Clock Edge ; Target                        ;
+--------+--------------+----------------+------------------+-------+------------+-------------------------------+
; -3.000 ; 1.000        ; 4.000          ; Port Rate        ; LOADI ; Rise       ; LOADI                         ;
; -1.000 ; 1.000        ; 2.000          ; Min Period       ; LOADI ; Rise       ; registros:valorInicial|inst   ;
; -1.000 ; 1.000        ; 2.000          ; Min Period       ; LOADI ; Rise       ; registros:valorInicial|inst1  ;
; -1.000 ; 1.000        ; 2.000          ; Min Period       ; LOADI ; Rise       ; registros:valorInicial|inst11 ;
; -1.000 ; 1.000        ; 2.000          ; Min Period       ; LOADI ; Rise       ; registros:valorInicial|inst12 ;
; -1.000 ; 1.000        ; 2.000          ; Min Period       ; LOADI ; Rise       ; registros:valorInicial|inst13 ;
; -1.000 ; 1.000        ; 2.000          ; Min Period       ; LOADI ; Rise       ; registros:valorInicial|inst14 ;
; -1.000 ; 1.000        ; 2.000          ; Min Period       ; LOADI ; Rise       ; registros:valorInicial|inst15 ;
; -1.000 ; 1.000        ; 2.000          ; Min Period       ; LOADI ; Rise       ; registros:valorInicial|inst16 ;
; -1.000 ; 1.000        ; 2.000          ; Min Period       ; LOADI ; Rise       ; registros:valorInicial|inst17 ;
; -1.000 ; 1.000        ; 2.000          ; Min Period       ; LOADI ; Rise       ; registros:valorInicial|inst2  ;
; -1.000 ; 1.000        ; 2.000          ; Min Period       ; LOADI ; Rise       ; registros:valorInicial|inst5  ;
; -1.000 ; 1.000        ; 2.000          ; Min Period       ; LOADI ; Rise       ; registros:valorInicial|inst6  ;
; 0.267  ; 0.451        ; 0.184          ; Low Pulse Width  ; LOADI ; Rise       ; registros:valorInicial|inst   ;
; 0.267  ; 0.451        ; 0.184          ; Low Pulse Width  ; LOADI ; Rise       ; registros:valorInicial|inst1  ;
; 0.267  ; 0.451        ; 0.184          ; Low Pulse Width  ; LOADI ; Rise       ; registros:valorInicial|inst11 ;
; 0.267  ; 0.451        ; 0.184          ; Low Pulse Width  ; LOADI ; Rise       ; registros:valorInicial|inst12 ;
; 0.267  ; 0.451        ; 0.184          ; Low Pulse Width  ; LOADI ; Rise       ; registros:valorInicial|inst13 ;
; 0.267  ; 0.451        ; 0.184          ; Low Pulse Width  ; LOADI ; Rise       ; registros:valorInicial|inst14 ;
; 0.267  ; 0.451        ; 0.184          ; Low Pulse Width  ; LOADI ; Rise       ; registros:valorInicial|inst15 ;
; 0.267  ; 0.451        ; 0.184          ; Low Pulse Width  ; LOADI ; Rise       ; registros:valorInicial|inst16 ;
; 0.267  ; 0.451        ; 0.184          ; Low Pulse Width  ; LOADI ; Rise       ; registros:valorInicial|inst17 ;
; 0.267  ; 0.451        ; 0.184          ; Low Pulse Width  ; LOADI ; Rise       ; registros:valorInicial|inst2  ;
; 0.267  ; 0.451        ; 0.184          ; Low Pulse Width  ; LOADI ; Rise       ; registros:valorInicial|inst5  ;
; 0.267  ; 0.451        ; 0.184          ; Low Pulse Width  ; LOADI ; Rise       ; registros:valorInicial|inst6  ;
; 0.329  ; 0.545        ; 0.216          ; High Pulse Width ; LOADI ; Rise       ; registros:valorInicial|inst   ;
; 0.329  ; 0.545        ; 0.216          ; High Pulse Width ; LOADI ; Rise       ; registros:valorInicial|inst1  ;
; 0.329  ; 0.545        ; 0.216          ; High Pulse Width ; LOADI ; Rise       ; registros:valorInicial|inst11 ;
; 0.329  ; 0.545        ; 0.216          ; High Pulse Width ; LOADI ; Rise       ; registros:valorInicial|inst12 ;
; 0.329  ; 0.545        ; 0.216          ; High Pulse Width ; LOADI ; Rise       ; registros:valorInicial|inst13 ;
; 0.329  ; 0.545        ; 0.216          ; High Pulse Width ; LOADI ; Rise       ; registros:valorInicial|inst14 ;
; 0.329  ; 0.545        ; 0.216          ; High Pulse Width ; LOADI ; Rise       ; registros:valorInicial|inst15 ;
; 0.329  ; 0.545        ; 0.216          ; High Pulse Width ; LOADI ; Rise       ; registros:valorInicial|inst16 ;
; 0.329  ; 0.545        ; 0.216          ; High Pulse Width ; LOADI ; Rise       ; registros:valorInicial|inst17 ;
; 0.329  ; 0.545        ; 0.216          ; High Pulse Width ; LOADI ; Rise       ; registros:valorInicial|inst2  ;
; 0.329  ; 0.545        ; 0.216          ; High Pulse Width ; LOADI ; Rise       ; registros:valorInicial|inst5  ;
; 0.329  ; 0.545        ; 0.216          ; High Pulse Width ; LOADI ; Rise       ; registros:valorInicial|inst6  ;
; 0.344  ; 0.344        ; 0.000          ; Low Pulse Width  ; LOADI ; Rise       ; LOADI~input|o                 ;
; 0.350  ; 0.350        ; 0.000          ; Low Pulse Width  ; LOADI ; Rise       ; inst11s|datab                 ;
; 0.362  ; 0.362        ; 0.000          ; Low Pulse Width  ; LOADI ; Rise       ; inst11s|combout               ;
; 0.392  ; 0.392        ; 0.000          ; Low Pulse Width  ; LOADI ; Rise       ; inst11s~clkctrl|inclk[0]      ;
; 0.392  ; 0.392        ; 0.000          ; Low Pulse Width  ; LOADI ; Rise       ; inst11s~clkctrl|outclk        ;
; 0.427  ; 0.427        ; 0.000          ; Low Pulse Width  ; LOADI ; Rise       ; valorInicial|inst11|clk       ;
; 0.427  ; 0.427        ; 0.000          ; Low Pulse Width  ; LOADI ; Rise       ; valorInicial|inst12|clk       ;
; 0.427  ; 0.427        ; 0.000          ; Low Pulse Width  ; LOADI ; Rise       ; valorInicial|inst13|clk       ;
; 0.427  ; 0.427        ; 0.000          ; Low Pulse Width  ; LOADI ; Rise       ; valorInicial|inst14|clk       ;
; 0.427  ; 0.427        ; 0.000          ; Low Pulse Width  ; LOADI ; Rise       ; valorInicial|inst15|clk       ;
; 0.427  ; 0.427        ; 0.000          ; Low Pulse Width  ; LOADI ; Rise       ; valorInicial|inst16|clk       ;
; 0.427  ; 0.427        ; 0.000          ; Low Pulse Width  ; LOADI ; Rise       ; valorInicial|inst17|clk       ;
; 0.427  ; 0.427        ; 0.000          ; Low Pulse Width  ; LOADI ; Rise       ; valorInicial|inst1|clk        ;
; 0.427  ; 0.427        ; 0.000          ; Low Pulse Width  ; LOADI ; Rise       ; valorInicial|inst2|clk        ;
; 0.427  ; 0.427        ; 0.000          ; Low Pulse Width  ; LOADI ; Rise       ; valorInicial|inst5|clk        ;
; 0.427  ; 0.427        ; 0.000          ; Low Pulse Width  ; LOADI ; Rise       ; valorInicial|inst6|clk        ;
; 0.427  ; 0.427        ; 0.000          ; Low Pulse Width  ; LOADI ; Rise       ; valorInicial|inst|clk         ;
; 0.500  ; 0.500        ; 0.000          ; High Pulse Width ; LOADI ; Rise       ; LOADI~input|i                 ;
; 0.500  ; 0.500        ; 0.000          ; Low Pulse Width  ; LOADI ; Rise       ; LOADI~input|i                 ;
; 0.569  ; 0.569        ; 0.000          ; High Pulse Width ; LOADI ; Rise       ; valorInicial|inst11|clk       ;
; 0.569  ; 0.569        ; 0.000          ; High Pulse Width ; LOADI ; Rise       ; valorInicial|inst12|clk       ;
; 0.569  ; 0.569        ; 0.000          ; High Pulse Width ; LOADI ; Rise       ; valorInicial|inst13|clk       ;
; 0.569  ; 0.569        ; 0.000          ; High Pulse Width ; LOADI ; Rise       ; valorInicial|inst14|clk       ;
; 0.569  ; 0.569        ; 0.000          ; High Pulse Width ; LOADI ; Rise       ; valorInicial|inst15|clk       ;
; 0.569  ; 0.569        ; 0.000          ; High Pulse Width ; LOADI ; Rise       ; valorInicial|inst16|clk       ;
; 0.569  ; 0.569        ; 0.000          ; High Pulse Width ; LOADI ; Rise       ; valorInicial|inst17|clk       ;
; 0.569  ; 0.569        ; 0.000          ; High Pulse Width ; LOADI ; Rise       ; valorInicial|inst1|clk        ;
; 0.569  ; 0.569        ; 0.000          ; High Pulse Width ; LOADI ; Rise       ; valorInicial|inst2|clk        ;
; 0.569  ; 0.569        ; 0.000          ; High Pulse Width ; LOADI ; Rise       ; valorInicial|inst5|clk        ;
; 0.569  ; 0.569        ; 0.000          ; High Pulse Width ; LOADI ; Rise       ; valorInicial|inst6|clk        ;
; 0.569  ; 0.569        ; 0.000          ; High Pulse Width ; LOADI ; Rise       ; valorInicial|inst|clk         ;
; 0.606  ; 0.606        ; 0.000          ; High Pulse Width ; LOADI ; Rise       ; inst11s~clkctrl|inclk[0]      ;
; 0.606  ; 0.606        ; 0.000          ; High Pulse Width ; LOADI ; Rise       ; inst11s~clkctrl|outclk        ;
; 0.637  ; 0.637        ; 0.000          ; High Pulse Width ; LOADI ; Rise       ; inst11s|combout               ;
; 0.649  ; 0.649        ; 0.000          ; High Pulse Width ; LOADI ; Rise       ; inst11s|datab                 ;
; 0.656  ; 0.656        ; 0.000          ; High Pulse Width ; LOADI ; Rise       ; LOADI~input|o                 ;
+--------+--------------+----------------+------------------+-------+------------+-------------------------------+


+-------------------------------------------------------------------------+
; Setup Times                                                             ;
+-----------+------------+--------+--------+------------+-----------------+
; Data Port ; Clock Port ; Rise   ; Fall   ; Clock Edge ; Clock Reference ;
+-----------+------------+--------+--------+------------+-----------------+
; CONTINUAR ; CLOCK      ; 3.066  ; 3.397  ; Rise       ; CLOCK           ;
; LOADF     ; CLOCK      ; 0.566  ; 0.758  ; Rise       ; CLOCK           ;
; LOADI     ; CLOCK      ; 0.482  ; 0.759  ; Rise       ; CLOCK           ;
; RECARGAR  ; CLOCK      ; 1.220  ; 1.598  ; Rise       ; CLOCK           ;
; START     ; CLOCK      ; 1.443  ; 1.817  ; Rise       ; CLOCK           ;
; UP_DOWN   ; CLOCK      ; 4.364  ; 4.707  ; Rise       ; CLOCK           ;
; b0        ; CLOCK      ; 4.432  ; 4.802  ; Rise       ; CLOCK           ;
; b1        ; CLOCK      ; 4.343  ; 4.720  ; Rise       ; CLOCK           ;
; b2        ; CLOCK      ; 4.383  ; 4.837  ; Rise       ; CLOCK           ;
; DATA[*]   ; LOADF      ; -1.094 ; -0.718 ; Rise       ; LOADF           ;
;  DATA[0]  ; LOADF      ; -1.371 ; -1.022 ; Rise       ; LOADF           ;
;  DATA[1]  ; LOADF      ; -1.620 ; -1.278 ; Rise       ; LOADF           ;
;  DATA[2]  ; LOADF      ; -1.141 ; -0.800 ; Rise       ; LOADF           ;
;  DATA[3]  ; LOADF      ; -1.129 ; -0.764 ; Rise       ; LOADF           ;
;  DATA[4]  ; LOADF      ; -1.276 ; -0.911 ; Rise       ; LOADF           ;
;  DATA[5]  ; LOADF      ; -1.341 ; -0.989 ; Rise       ; LOADF           ;
;  DATA[6]  ; LOADF      ; -1.123 ; -0.727 ; Rise       ; LOADF           ;
;  DATA[7]  ; LOADF      ; -1.324 ; -0.936 ; Rise       ; LOADF           ;
;  DATA[8]  ; LOADF      ; -1.094 ; -0.718 ; Rise       ; LOADF           ;
;  DATA[9]  ; LOADF      ; -1.204 ; -0.842 ; Rise       ; LOADF           ;
;  DATA[10] ; LOADF      ; -1.106 ; -0.738 ; Rise       ; LOADF           ;
;  DATA[11] ; LOADF      ; -1.125 ; -0.723 ; Rise       ; LOADF           ;
; DATA[*]   ; LOADI      ; -0.557 ; -0.167 ; Rise       ; LOADI           ;
;  DATA[0]  ; LOADI      ; -1.098 ; -0.740 ; Rise       ; LOADI           ;
;  DATA[1]  ; LOADI      ; -1.089 ; -0.725 ; Rise       ; LOADI           ;
;  DATA[2]  ; LOADI      ; -1.004 ; -0.623 ; Rise       ; LOADI           ;
;  DATA[3]  ; LOADI      ; -0.696 ; -0.322 ; Rise       ; LOADI           ;
;  DATA[4]  ; LOADI      ; -0.903 ; -0.537 ; Rise       ; LOADI           ;
;  DATA[5]  ; LOADI      ; -0.750 ; -0.352 ; Rise       ; LOADI           ;
;  DATA[6]  ; LOADI      ; -0.824 ; -0.492 ; Rise       ; LOADI           ;
;  DATA[7]  ; LOADI      ; -0.830 ; -0.487 ; Rise       ; LOADI           ;
;  DATA[8]  ; LOADI      ; -0.723 ; -0.348 ; Rise       ; LOADI           ;
;  DATA[9]  ; LOADI      ; -1.049 ; -0.673 ; Rise       ; LOADI           ;
;  DATA[10] ; LOADI      ; -0.927 ; -0.537 ; Rise       ; LOADI           ;
;  DATA[11] ; LOADI      ; -0.557 ; -0.167 ; Rise       ; LOADI           ;
+-----------+------------+--------+--------+------------+-----------------+


+-------------------------------------------------------------------------+
; Hold Times                                                              ;
+-----------+------------+--------+--------+------------+-----------------+
; Data Port ; Clock Port ; Rise   ; Fall   ; Clock Edge ; Clock Reference ;
+-----------+------------+--------+--------+------------+-----------------+
; CONTINUAR ; CLOCK      ; -1.912 ; -2.289 ; Rise       ; CLOCK           ;
; LOADF     ; CLOCK      ; -0.092 ; -0.296 ; Rise       ; CLOCK           ;
; LOADI     ; CLOCK      ; -0.087 ; -0.330 ; Rise       ; CLOCK           ;
; RECARGAR  ; CLOCK      ; -0.660 ; -1.040 ; Rise       ; CLOCK           ;
; START     ; CLOCK      ; -1.027 ; -1.386 ; Rise       ; CLOCK           ;
; UP_DOWN   ; CLOCK      ; -1.116 ; -1.456 ; Rise       ; CLOCK           ;
; b0        ; CLOCK      ; -1.784 ; -2.144 ; Rise       ; CLOCK           ;
; b1        ; CLOCK      ; -2.624 ; -2.962 ; Rise       ; CLOCK           ;
; b2        ; CLOCK      ; -2.482 ; -2.895 ; Rise       ; CLOCK           ;
; DATA[*]   ; LOADF      ; 2.099  ; 1.771  ; Rise       ; LOADF           ;
;  DATA[0]  ; LOADF      ; 1.860  ; 1.525  ; Rise       ; LOADF           ;
;  DATA[1]  ; LOADF      ; 2.099  ; 1.771  ; Rise       ; LOADF           ;
;  DATA[2]  ; LOADF      ; 1.627  ; 1.295  ; Rise       ; LOADF           ;
;  DATA[3]  ; LOADF      ; 1.615  ; 1.259  ; Rise       ; LOADF           ;
;  DATA[4]  ; LOADF      ; 1.756  ; 1.400  ; Rise       ; LOADF           ;
;  DATA[5]  ; LOADF      ; 1.817  ; 1.474  ; Rise       ; LOADF           ;
;  DATA[6]  ; LOADF      ; 1.611  ; 1.225  ; Rise       ; LOADF           ;
;  DATA[7]  ; LOADF      ; 1.801  ; 1.422  ; Rise       ; LOADF           ;
;  DATA[8]  ; LOADF      ; 1.582  ; 1.216  ; Rise       ; LOADF           ;
;  DATA[9]  ; LOADF      ; 1.687  ; 1.334  ; Rise       ; LOADF           ;
;  DATA[10] ; LOADF      ; 1.592  ; 1.234  ; Rise       ; LOADF           ;
;  DATA[11] ; LOADF      ; 1.612  ; 1.222  ; Rise       ; LOADF           ;
; DATA[*]   ; LOADI      ; 1.557  ; 1.208  ; Rise       ; LOADI           ;
;  DATA[0]  ; LOADI      ; 1.557  ; 1.208  ; Rise       ; LOADI           ;
;  DATA[1]  ; LOADI      ; 1.549  ; 1.193  ; Rise       ; LOADI           ;
;  DATA[2]  ; LOADI      ; 1.466  ; 1.094  ; Rise       ; LOADI           ;
;  DATA[3]  ; LOADI      ; 1.170  ; 0.804  ; Rise       ; LOADI           ;
;  DATA[4]  ; LOADI      ; 1.368  ; 1.011  ; Rise       ; LOADI           ;
;  DATA[5]  ; LOADI      ; 1.221  ; 0.833  ; Rise       ; LOADI           ;
;  DATA[6]  ; LOADI      ; 1.293  ; 0.969  ; Rise       ; LOADI           ;
;  DATA[7]  ; LOADI      ; 1.298  ; 0.963  ; Rise       ; LOADI           ;
;  DATA[8]  ; LOADI      ; 1.197  ; 0.831  ; Rise       ; LOADI           ;
;  DATA[9]  ; LOADI      ; 1.510  ; 1.142  ; Rise       ; LOADI           ;
;  DATA[10] ; LOADI      ; 1.391  ; 1.011  ; Rise       ; LOADI           ;
;  DATA[11] ; LOADI      ; 1.038  ; 0.657  ; Rise       ; LOADI           ;
+-----------+------------+--------+--------+------------+-----------------+


+-----------------------------------------------------------------------------------+
; Clock to Output Times                                                             ;
+---------------------+------------+--------+--------+------------+-----------------+
; Data Port           ; Clock Port ; Rise   ; Fall   ; Clock Edge ; Clock Reference ;
+---------------------+------------+--------+--------+------------+-----------------+
; CYOUT               ; CLOCK      ; 8.921  ; 8.829  ; Rise       ; CLOCK           ;
; DATA[*]             ; CLOCK      ; 6.913  ; 6.814  ; Rise       ; CLOCK           ;
;  DATA[0]            ; CLOCK      ; 5.676  ; 5.609  ; Rise       ; CLOCK           ;
;  DATA[1]            ; CLOCK      ; 6.584  ; 6.538  ; Rise       ; CLOCK           ;
;  DATA[2]            ; CLOCK      ; 6.103  ; 6.001  ; Rise       ; CLOCK           ;
;  DATA[3]            ; CLOCK      ; 6.662  ; 6.584  ; Rise       ; CLOCK           ;
;  DATA[4]            ; CLOCK      ; 5.856  ; 5.756  ; Rise       ; CLOCK           ;
;  DATA[5]            ; CLOCK      ; 5.926  ; 5.834  ; Rise       ; CLOCK           ;
;  DATA[6]            ; CLOCK      ; 5.871  ; 5.778  ; Rise       ; CLOCK           ;
;  DATA[7]            ; CLOCK      ; 5.912  ; 5.827  ; Rise       ; CLOCK           ;
;  DATA[8]            ; CLOCK      ; 6.592  ; 6.498  ; Rise       ; CLOCK           ;
;  DATA[9]            ; CLOCK      ; 6.107  ; 5.993  ; Rise       ; CLOCK           ;
;  DATA[10]           ; CLOCK      ; 6.913  ; 6.814  ; Rise       ; CLOCK           ;
;  DATA[11]           ; CLOCK      ; 6.828  ; 6.795  ; Rise       ; CLOCK           ;
; ERROR               ; CLOCK      ; 8.029  ; 7.933  ; Rise       ; CLOCK           ;
; FIN                 ; CLOCK      ; 10.659 ; 10.599 ; Rise       ; CLOCK           ;
; Q0                  ; CLOCK      ; 7.271  ; 7.171  ; Rise       ; CLOCK           ;
; Q1                  ; CLOCK      ; 7.075  ; 6.999  ; Rise       ; CLOCK           ;
; Q2                  ; CLOCK      ; 6.934  ; 6.878  ; Rise       ; CLOCK           ;
; postRegSumador[*]   ; CLOCK      ; 7.201  ; 7.136  ; Rise       ; CLOCK           ;
;  postRegSumador[0]  ; CLOCK      ; 6.701  ; 6.581  ; Rise       ; CLOCK           ;
;  postRegSumador[1]  ; CLOCK      ; 6.165  ; 6.086  ; Rise       ; CLOCK           ;
;  postRegSumador[2]  ; CLOCK      ; 6.356  ; 6.262  ; Rise       ; CLOCK           ;
;  postRegSumador[3]  ; CLOCK      ; 6.593  ; 6.476  ; Rise       ; CLOCK           ;
;  postRegSumador[4]  ; CLOCK      ; 5.846  ; 5.746  ; Rise       ; CLOCK           ;
;  postRegSumador[5]  ; CLOCK      ; 6.452  ; 6.386  ; Rise       ; CLOCK           ;
;  postRegSumador[6]  ; CLOCK      ; 6.170  ; 6.082  ; Rise       ; CLOCK           ;
;  postRegSumador[7]  ; CLOCK      ; 6.433  ; 6.360  ; Rise       ; CLOCK           ;
;  postRegSumador[8]  ; CLOCK      ; 7.129  ; 7.116  ; Rise       ; CLOCK           ;
;  postRegSumador[9]  ; CLOCK      ; 5.778  ; 5.719  ; Rise       ; CLOCK           ;
;  postRegSumador[10] ; CLOCK      ; 6.907  ; 6.809  ; Rise       ; CLOCK           ;
;  postRegSumador[11] ; CLOCK      ; 7.201  ; 7.136  ; Rise       ; CLOCK           ;
; postmux[*]          ; CLOCK      ; 10.198 ; 10.210 ; Rise       ; CLOCK           ;
;  postmux[0]         ; CLOCK      ; 8.851  ; 8.718  ; Rise       ; CLOCK           ;
;  postmux[1]         ; CLOCK      ; 8.423  ; 8.298  ; Rise       ; CLOCK           ;
;  postmux[2]         ; CLOCK      ; 8.648  ; 8.512  ; Rise       ; CLOCK           ;
;  postmux[3]         ; CLOCK      ; 9.066  ; 8.919  ; Rise       ; CLOCK           ;
;  postmux[4]         ; CLOCK      ; 10.198 ; 10.210 ; Rise       ; CLOCK           ;
;  postmux[5]         ; CLOCK      ; 8.905  ; 8.775  ; Rise       ; CLOCK           ;
;  postmux[6]         ; CLOCK      ; 7.724  ; 7.610  ; Rise       ; CLOCK           ;
;  postmux[7]         ; CLOCK      ; 9.050  ; 8.903  ; Rise       ; CLOCK           ;
;  postmux[8]         ; CLOCK      ; 9.091  ; 8.947  ; Rise       ; CLOCK           ;
;  postmux[9]         ; CLOCK      ; 9.016  ; 8.888  ; Rise       ; CLOCK           ;
;  postmux[10]        ; CLOCK      ; 9.531  ; 9.392  ; Rise       ; CLOCK           ;
;  postmux[11]        ; CLOCK      ; 9.555  ; 9.422  ; Rise       ; CLOCK           ;
; ERROR               ; LOADF      ; 11.989 ; 11.859 ; Rise       ; LOADF           ;
; FIN                 ; LOADF      ; 13.015 ; 12.954 ; Rise       ; LOADF           ;
; salidaFinal[*]      ; LOADF      ; 9.969  ; 9.917  ; Rise       ; LOADF           ;
;  salidaFinal[0]     ; LOADF      ; 8.858  ; 8.754  ; Rise       ; LOADF           ;
;  salidaFinal[1]     ; LOADF      ; 9.123  ; 9.014  ; Rise       ; LOADF           ;
;  salidaFinal[2]     ; LOADF      ; 9.256  ; 9.147  ; Rise       ; LOADF           ;
;  salidaFinal[3]     ; LOADF      ; 8.851  ; 8.737  ; Rise       ; LOADF           ;
;  salidaFinal[4]     ; LOADF      ; 8.882  ; 8.796  ; Rise       ; LOADF           ;
;  salidaFinal[5]     ; LOADF      ; 9.479  ; 9.345  ; Rise       ; LOADF           ;
;  salidaFinal[6]     ; LOADF      ; 9.314  ; 9.214  ; Rise       ; LOADF           ;
;  salidaFinal[7]     ; LOADF      ; 9.156  ; 9.057  ; Rise       ; LOADF           ;
;  salidaFinal[8]     ; LOADF      ; 9.734  ; 9.710  ; Rise       ; LOADF           ;
;  salidaFinal[9]     ; LOADF      ; 9.319  ; 9.220  ; Rise       ; LOADF           ;
;  salidaFinal[10]    ; LOADF      ; 9.875  ; 9.776  ; Rise       ; LOADF           ;
;  salidaFinal[11]    ; LOADF      ; 9.969  ; 9.917  ; Rise       ; LOADF           ;
; ERROR               ; LOADI      ; 11.194 ; 11.064 ; Rise       ; LOADI           ;
; postmux[*]          ; LOADI      ; 11.298 ; 11.345 ; Rise       ; LOADI           ;
;  postmux[0]         ; LOADI      ; 10.214 ; 10.107 ; Rise       ; LOADI           ;
;  postmux[1]         ; LOADI      ; 9.625  ; 9.536  ; Rise       ; LOADI           ;
;  postmux[2]         ; LOADI      ; 10.261 ; 10.105 ; Rise       ; LOADI           ;
;  postmux[3]         ; LOADI      ; 9.915  ; 9.831  ; Rise       ; LOADI           ;
;  postmux[4]         ; LOADI      ; 11.298 ; 11.345 ; Rise       ; LOADI           ;
;  postmux[5]         ; LOADI      ; 10.336 ; 10.232 ; Rise       ; LOADI           ;
;  postmux[6]         ; LOADI      ; 9.327  ; 9.226  ; Rise       ; LOADI           ;
;  postmux[7]         ; LOADI      ; 10.318 ; 10.192 ; Rise       ; LOADI           ;
;  postmux[8]         ; LOADI      ; 10.711 ; 10.610 ; Rise       ; LOADI           ;
;  postmux[9]         ; LOADI      ; 10.092 ; 9.996  ; Rise       ; LOADI           ;
;  postmux[10]        ; LOADI      ; 10.913 ; 10.812 ; Rise       ; LOADI           ;
;  postmux[11]        ; LOADI      ; 10.327 ; 10.215 ; Rise       ; LOADI           ;
; salidaInicial[*]    ; LOADI      ; 10.246 ; 10.168 ; Rise       ; LOADI           ;
;  salidaInicial[0]   ; LOADI      ; 9.503  ; 9.368  ; Rise       ; LOADI           ;
;  salidaInicial[1]   ; LOADI      ; 8.921  ; 8.807  ; Rise       ; LOADI           ;
;  salidaInicial[2]   ; LOADI      ; 9.974  ; 9.902  ; Rise       ; LOADI           ;
;  salidaInicial[3]   ; LOADI      ; 8.541  ; 8.440  ; Rise       ; LOADI           ;
;  salidaInicial[4]   ; LOADI      ; 9.010  ; 8.941  ; Rise       ; LOADI           ;
;  salidaInicial[5]   ; LOADI      ; 8.912  ; 8.805  ; Rise       ; LOADI           ;
;  salidaInicial[6]   ; LOADI      ; 9.533  ; 9.389  ; Rise       ; LOADI           ;
;  salidaInicial[7]   ; LOADI      ; 9.568  ; 9.497  ; Rise       ; LOADI           ;
;  salidaInicial[8]   ; LOADI      ; 10.246 ; 10.168 ; Rise       ; LOADI           ;
;  salidaInicial[9]   ; LOADI      ; 10.042 ; 9.944  ; Rise       ; LOADI           ;
;  salidaInicial[10]  ; LOADI      ; 8.905  ; 8.791  ; Rise       ; LOADI           ;
;  salidaInicial[11]  ; LOADI      ; 9.905  ; 9.805  ; Rise       ; LOADI           ;
+---------------------+------------+--------+--------+------------+-----------------+


+-----------------------------------------------------------------------------------+
; Minimum Clock to Output Times                                                     ;
+---------------------+------------+--------+--------+------------+-----------------+
; Data Port           ; Clock Port ; Rise   ; Fall   ; Clock Edge ; Clock Reference ;
+---------------------+------------+--------+--------+------------+-----------------+
; CYOUT               ; CLOCK      ; 6.341  ; 6.237  ; Rise       ; CLOCK           ;
; DATA[*]             ; CLOCK      ; 5.485  ; 5.418  ; Rise       ; CLOCK           ;
;  DATA[0]            ; CLOCK      ; 5.485  ; 5.418  ; Rise       ; CLOCK           ;
;  DATA[1]            ; CLOCK      ; 6.387  ; 6.341  ; Rise       ; CLOCK           ;
;  DATA[2]            ; CLOCK      ; 5.901  ; 5.798  ; Rise       ; CLOCK           ;
;  DATA[3]            ; CLOCK      ; 6.439  ; 6.359  ; Rise       ; CLOCK           ;
;  DATA[4]            ; CLOCK      ; 5.664  ; 5.565  ; Rise       ; CLOCK           ;
;  DATA[5]            ; CLOCK      ; 5.732  ; 5.640  ; Rise       ; CLOCK           ;
;  DATA[6]            ; CLOCK      ; 5.679  ; 5.585  ; Rise       ; CLOCK           ;
;  DATA[7]            ; CLOCK      ; 5.719  ; 5.633  ; Rise       ; CLOCK           ;
;  DATA[8]            ; CLOCK      ; 6.370  ; 6.275  ; Rise       ; CLOCK           ;
;  DATA[9]            ; CLOCK      ; 5.904  ; 5.790  ; Rise       ; CLOCK           ;
;  DATA[10]           ; CLOCK      ; 6.679  ; 6.579  ; Rise       ; CLOCK           ;
;  DATA[11]           ; CLOCK      ; 6.595  ; 6.560  ; Rise       ; CLOCK           ;
; ERROR               ; CLOCK      ; 7.318  ; 7.193  ; Rise       ; CLOCK           ;
; FIN                 ; CLOCK      ; 8.754  ; 8.697  ; Rise       ; CLOCK           ;
; Q0                  ; CLOCK      ; 7.022  ; 6.923  ; Rise       ; CLOCK           ;
; Q1                  ; CLOCK      ; 6.834  ; 6.757  ; Rise       ; CLOCK           ;
; Q2                  ; CLOCK      ; 6.698  ; 6.640  ; Rise       ; CLOCK           ;
; postRegSumador[*]   ; CLOCK      ; 5.584  ; 5.525  ; Rise       ; CLOCK           ;
;  postRegSumador[0]  ; CLOCK      ; 6.474  ; 6.355  ; Rise       ; CLOCK           ;
;  postRegSumador[1]  ; CLOCK      ; 5.960  ; 5.879  ; Rise       ; CLOCK           ;
;  postRegSumador[2]  ; CLOCK      ; 6.142  ; 6.048  ; Rise       ; CLOCK           ;
;  postRegSumador[3]  ; CLOCK      ; 6.372  ; 6.255  ; Rise       ; CLOCK           ;
;  postRegSumador[4]  ; CLOCK      ; 5.654  ; 5.555  ; Rise       ; CLOCK           ;
;  postRegSumador[5]  ; CLOCK      ; 6.235  ; 6.167  ; Rise       ; CLOCK           ;
;  postRegSumador[6]  ; CLOCK      ; 5.961  ; 5.874  ; Rise       ; CLOCK           ;
;  postRegSumador[7]  ; CLOCK      ; 6.218  ; 6.144  ; Rise       ; CLOCK           ;
;  postRegSumador[8]  ; CLOCK      ; 6.886  ; 6.869  ; Rise       ; CLOCK           ;
;  postRegSumador[9]  ; CLOCK      ; 5.584  ; 5.525  ; Rise       ; CLOCK           ;
;  postRegSumador[10] ; CLOCK      ; 6.672  ; 6.574  ; Rise       ; CLOCK           ;
;  postRegSumador[11] ; CLOCK      ; 6.955  ; 6.889  ; Rise       ; CLOCK           ;
; postmux[*]          ; CLOCK      ; 6.421  ; 6.309  ; Rise       ; CLOCK           ;
;  postmux[0]         ; CLOCK      ; 6.928  ; 6.820  ; Rise       ; CLOCK           ;
;  postmux[1]         ; CLOCK      ; 7.309  ; 7.164  ; Rise       ; CLOCK           ;
;  postmux[2]         ; CLOCK      ; 6.953  ; 6.810  ; Rise       ; CLOCK           ;
;  postmux[3]         ; CLOCK      ; 7.258  ; 7.147  ; Rise       ; CLOCK           ;
;  postmux[4]         ; CLOCK      ; 8.674  ; 8.697  ; Rise       ; CLOCK           ;
;  postmux[5]         ; CLOCK      ; 7.790  ; 7.696  ; Rise       ; CLOCK           ;
;  postmux[6]         ; CLOCK      ; 6.421  ; 6.309  ; Rise       ; CLOCK           ;
;  postmux[7]         ; CLOCK      ; 7.563  ; 7.458  ; Rise       ; CLOCK           ;
;  postmux[8]         ; CLOCK      ; 7.221  ; 7.103  ; Rise       ; CLOCK           ;
;  postmux[9]         ; CLOCK      ; 7.566  ; 7.468  ; Rise       ; CLOCK           ;
;  postmux[10]        ; CLOCK      ; 8.070  ; 7.951  ; Rise       ; CLOCK           ;
;  postmux[11]        ; CLOCK      ; 7.488  ; 7.382  ; Rise       ; CLOCK           ;
; ERROR               ; LOADF      ; 10.318 ; 10.184 ; Rise       ; LOADF           ;
; FIN                 ; LOADF      ; 11.158 ; 11.107 ; Rise       ; LOADF           ;
; salidaFinal[*]      ; LOADF      ; 8.534  ; 8.420  ; Rise       ; LOADF           ;
;  salidaFinal[0]     ; LOADF      ; 8.542  ; 8.438  ; Rise       ; LOADF           ;
;  salidaFinal[1]     ; LOADF      ; 8.788  ; 8.680  ; Rise       ; LOADF           ;
;  salidaFinal[2]     ; LOADF      ; 8.922  ; 8.814  ; Rise       ; LOADF           ;
;  salidaFinal[3]     ; LOADF      ; 8.534  ; 8.420  ; Rise       ; LOADF           ;
;  salidaFinal[4]     ; LOADF      ; 8.564  ; 8.477  ; Rise       ; LOADF           ;
;  salidaFinal[5]     ; LOADF      ; 9.138  ; 9.005  ; Rise       ; LOADF           ;
;  salidaFinal[6]     ; LOADF      ; 8.977  ; 8.877  ; Rise       ; LOADF           ;
;  salidaFinal[7]     ; LOADF      ; 8.828  ; 8.729  ; Rise       ; LOADF           ;
;  salidaFinal[8]     ; LOADF      ; 9.403  ; 9.380  ; Rise       ; LOADF           ;
;  salidaFinal[9]     ; LOADF      ; 8.984  ; 8.885  ; Rise       ; LOADF           ;
;  salidaFinal[10]    ; LOADF      ; 9.517  ; 9.419  ; Rise       ; LOADF           ;
;  salidaFinal[11]    ; LOADF      ; 9.602  ; 9.549  ; Rise       ; LOADF           ;
; ERROR               ; LOADI      ; 9.828  ; 9.700  ; Rise       ; LOADI           ;
; postmux[*]          ; LOADI      ; 8.959  ; 8.845  ; Rise       ; LOADI           ;
;  postmux[0]         ; LOADI      ; 9.819  ; 9.693  ; Rise       ; LOADI           ;
;  postmux[1]         ; LOADI      ; 9.253  ; 9.146  ; Rise       ; LOADI           ;
;  postmux[2]         ; LOADI      ; 9.885  ; 9.733  ; Rise       ; LOADI           ;
;  postmux[3]         ; LOADI      ; 9.538  ; 9.453  ; Rise       ; LOADI           ;
;  postmux[4]         ; LOADI      ; 10.905 ; 10.949 ; Rise       ; LOADI           ;
;  postmux[5]         ; LOADI      ; 9.948  ; 9.832  ; Rise       ; LOADI           ;
;  postmux[6]         ; LOADI      ; 8.959  ; 8.845  ; Rise       ; LOADI           ;
;  postmux[7]         ; LOADI      ; 9.929  ; 9.793  ; Rise       ; LOADI           ;
;  postmux[8]         ; LOADI      ; 10.316 ; 10.216 ; Rise       ; LOADI           ;
;  postmux[9]         ; LOADI      ; 9.709  ; 9.614  ; Rise       ; LOADI           ;
;  postmux[10]        ; LOADI      ; 10.454 ; 10.342 ; Rise       ; LOADI           ;
;  postmux[11]        ; LOADI      ; 9.934  ; 9.824  ; Rise       ; LOADI           ;
; salidaInicial[*]    ; LOADI      ; 8.237  ; 8.136  ; Rise       ; LOADI           ;
;  salidaInicial[0]   ; LOADI      ; 9.159  ; 9.025  ; Rise       ; LOADI           ;
;  salidaInicial[1]   ; LOADI      ; 8.599  ; 8.485  ; Rise       ; LOADI           ;
;  salidaInicial[2]   ; LOADI      ; 9.611  ; 9.538  ; Rise       ; LOADI           ;
;  salidaInicial[3]   ; LOADI      ; 8.237  ; 8.136  ; Rise       ; LOADI           ;
;  salidaInicial[4]   ; LOADI      ; 8.684  ; 8.614  ; Rise       ; LOADI           ;
;  salidaInicial[5]   ; LOADI      ; 8.592  ; 8.486  ; Rise       ; LOADI           ;
;  salidaInicial[6]   ; LOADI      ; 9.187  ; 9.045  ; Rise       ; LOADI           ;
;  salidaInicial[7]   ; LOADI      ; 9.213  ; 9.143  ; Rise       ; LOADI           ;
;  salidaInicial[8]   ; LOADI      ; 9.873  ; 9.793  ; Rise       ; LOADI           ;
;  salidaInicial[9]   ; LOADI      ; 9.678  ; 9.580  ; Rise       ; LOADI           ;
;  salidaInicial[10]  ; LOADI      ; 8.585  ; 8.473  ; Rise       ; LOADI           ;
;  salidaInicial[11]  ; LOADI      ; 9.546  ; 9.446  ; Rise       ; LOADI           ;
+---------------------+------------+--------+--------+------------+-----------------+


+--------------------------------------------------------------+
; Propagation Delay                                            ;
+------------+-------------+--------+--------+--------+--------+
; Input Port ; Output Port ; RR     ; RF     ; FR     ; FF     ;
+------------+-------------+--------+--------+--------+--------+
; UP_DOWN    ; CYOUT       ; 9.946  ; 9.560  ; 10.044 ; 10.198 ;
; UP_DOWN    ; ERROR       ; 8.232  ; 8.077  ; 8.538  ; 8.457  ;
; UP_DOWN    ; FIN         ; 9.160  ; 9.201  ; 9.570  ; 9.475  ;
; UP_DOWN    ; postmux[1]  ; 8.916  ; 8.767  ; 9.311  ; 9.154  ;
; UP_DOWN    ; postmux[2]  ; 9.224  ; 9.111  ; 9.608  ; 9.459  ;
; UP_DOWN    ; postmux[3]  ; 9.152  ; 9.066  ; 9.568  ; 9.442  ;
; UP_DOWN    ; postmux[4]  ; 10.693 ; 10.704 ; 11.082 ; 11.085 ;
; UP_DOWN    ; postmux[5]  ; 9.778  ; 9.681  ; 10.175 ; 10.038 ;
; UP_DOWN    ; postmux[6]  ; 8.722  ; 8.616  ; 9.093  ; 8.979  ;
; UP_DOWN    ; postmux[7]  ; 10.017 ; 9.910  ; 10.419 ; 10.272 ;
; UP_DOWN    ; postmux[8]  ; 10.052 ; 9.972  ; 10.460 ; 10.296 ;
; UP_DOWN    ; postmux[9]  ; 10.038 ; 9.913  ; 10.385 ; 10.252 ;
; UP_DOWN    ; postmux[10] ; 10.553 ; 10.417 ; 10.900 ; 10.756 ;
; UP_DOWN    ; postmux[11] ; 10.580 ; 10.447 ; 10.923 ; 10.782 ;
; b0         ; CYOUT       ; 10.014 ; 9.876  ; 10.384 ; 10.275 ;
; b0         ; PAUSE       ;        ; 9.050  ; 9.343  ;        ;
; b0         ; postmux[0]  ; 7.942  ; 7.809  ; 8.309  ; 8.205  ;
; b0         ; postmux[1]  ; 8.989  ; 8.835  ; 9.388  ; 9.231  ;
; b0         ; postmux[2]  ; 9.292  ; 9.179  ; 9.685  ; 9.549  ;
; b0         ; postmux[3]  ; 9.246  ; 9.134  ; 9.645  ; 9.519  ;
; b0         ; postmux[4]  ; 10.761 ; 10.772 ; 11.159 ; 11.162 ;
; b0         ; postmux[5]  ; 9.853  ; 9.749  ; 10.252 ; 10.119 ;
; b0         ; postmux[6]  ; 8.790  ; 8.684  ; 9.170  ; 9.056  ;
; b0         ; postmux[7]  ; 10.097 ; 9.978  ; 10.496 ; 10.349 ;
; b0         ; postmux[8]  ; 10.138 ; 10.040 ; 10.537 ; 10.410 ;
; b0         ; postmux[9]  ; 10.106 ; 9.981  ; 10.476 ; 10.351 ;
; b0         ; postmux[10] ; 10.621 ; 10.485 ; 10.991 ; 10.855 ;
; b0         ; postmux[11] ; 10.648 ; 10.515 ; 11.018 ; 10.885 ;
; b1         ; CYOUT       ; 9.925  ; 9.824  ; 10.302 ; 10.143 ;
; b1         ; PAUSE       ;        ; 9.115  ; 9.386  ;        ;
; b1         ; postmux[1]  ; 8.908  ; 8.786  ; 9.284  ; 9.126  ;
; b1         ; postmux[2]  ; 9.234  ; 9.090  ; 9.580  ; 9.467  ;
; b1         ; postmux[3]  ; 9.194  ; 9.068  ; 9.513  ; 9.422  ;
; b1         ; postmux[4]  ; 10.708 ; 10.711 ; 11.049 ; 11.060 ;
; b1         ; postmux[5]  ; 9.801  ; 9.664  ; 10.134 ; 10.037 ;
; b1         ; postmux[6]  ; 8.719  ; 8.605  ; 9.078  ; 8.972  ;
; b1         ; postmux[7]  ; 10.045 ; 9.898  ; 10.373 ; 10.266 ;
; b1         ; postmux[8]  ; 10.086 ; 9.951  ; 10.408 ; 10.328 ;
; b1         ; postmux[9]  ; 10.017 ; 9.892  ; 10.394 ; 10.269 ;
; b1         ; postmux[10] ; 10.532 ; 10.396 ; 10.909 ; 10.773 ;
; b1         ; postmux[11] ; 10.559 ; 10.426 ; 10.936 ; 10.803 ;
; b2         ; CYOUT       ; 9.964  ; 9.874  ; 10.419 ; 10.307 ;
; b2         ; PAUSE       ;        ; 8.964  ; 9.294  ;        ;
; b2         ; postmux[2]  ; 8.395  ; 8.255  ; 8.825  ; 8.677  ;
; b2         ; postmux[3]  ; 9.244  ; 9.118  ; 9.677  ; 9.551  ;
; b2         ; postmux[4]  ; 10.758 ; 10.761 ; 11.191 ; 11.194 ;
; b2         ; postmux[5]  ; 9.851  ; 9.714  ; 10.284 ; 10.154 ;
; b2         ; postmux[6]  ; 8.769  ; 8.655  ; 9.202  ; 9.089  ;
; b2         ; postmux[7]  ; 10.095 ; 9.948  ; 10.528 ; 10.383 ;
; b2         ; postmux[8]  ; 10.136 ; 9.990  ; 10.569 ; 10.445 ;
; b2         ; postmux[9]  ; 10.061 ; 9.931  ; 10.511 ; 10.386 ;
; b2         ; postmux[10] ; 10.576 ; 10.435 ; 11.026 ; 10.890 ;
; b2         ; postmux[11] ; 10.599 ; 10.465 ; 11.053 ; 10.920 ;
+------------+-------------+--------+--------+--------+--------+


+--------------------------------------------------------------+
; Minimum Propagation Delay                                    ;
+------------+-------------+--------+--------+--------+--------+
; Input Port ; Output Port ; RR     ; RF     ; FR     ; FF     ;
+------------+-------------+--------+--------+--------+--------+
; UP_DOWN    ; CYOUT       ; 6.922  ; 8.713  ; 9.210  ; 7.156  ;
; UP_DOWN    ; ERROR       ; 7.933  ; 7.787  ; 8.229  ; 8.128  ;
; UP_DOWN    ; FIN         ; 8.840  ; 8.875  ; 9.240  ; 9.144  ;
; UP_DOWN    ; postmux[1]  ; 8.282  ; 8.162  ; 8.648  ; 8.495  ;
; UP_DOWN    ; postmux[2]  ; 7.925  ; 7.807  ; 8.290  ; 8.139  ;
; UP_DOWN    ; postmux[3]  ; 7.904  ; 7.817  ; 8.242  ; 8.127  ;
; UP_DOWN    ; postmux[4]  ; 9.441  ; 9.464  ; 9.807  ; 9.818  ;
; UP_DOWN    ; postmux[5]  ; 7.841  ; 7.722  ; 8.168  ; 8.076  ;
; UP_DOWN    ; postmux[6]  ; 7.067  ; 6.978  ; 7.416  ; 7.315  ;
; UP_DOWN    ; postmux[7]  ; 7.796  ; 7.667  ; 8.124  ; 8.022  ;
; UP_DOWN    ; postmux[8]  ; 8.031  ; 7.939  ; 8.366  ; 8.262  ;
; UP_DOWN    ; postmux[9]  ; 7.657  ; 7.558  ; 8.005  ; 7.896  ;
; UP_DOWN    ; postmux[10] ; 8.051  ; 7.916  ; 8.376  ; 8.269  ;
; UP_DOWN    ; postmux[11] ; 7.861  ; 7.756  ; 8.207  ; 8.090  ;
; b0         ; CYOUT       ; 9.607  ; 9.453  ; 9.968  ; 9.842  ;
; b0         ; PAUSE       ;        ; 8.744  ; 9.016  ;        ;
; b0         ; postmux[0]  ; 7.669  ; 7.536  ; 8.029  ; 7.923  ;
; b0         ; postmux[1]  ; 8.669  ; 8.520  ; 9.030  ; 8.883  ;
; b0         ; postmux[2]  ; 8.883  ; 8.731  ; 9.251  ; 9.120  ;
; b0         ; postmux[3]  ; 8.884  ; 8.781  ; 9.245  ; 9.159  ;
; b0         ; postmux[4]  ; 10.385 ; 10.380 ; 10.746 ; 10.744 ;
; b0         ; postmux[5]  ; 9.482  ; 9.359  ; 9.847  ; 9.748  ;
; b0         ; postmux[6]  ; 8.450  ; 8.330  ; 8.824  ; 8.710  ;
; b0         ; postmux[7]  ; 9.715  ; 9.584  ; 10.076 ; 9.972  ;
; b0         ; postmux[8]  ; 9.712  ; 9.612  ; 10.073 ; 9.980  ;
; b0         ; postmux[9]  ; 9.712  ; 9.583  ; 10.101 ; 9.972  ;
; b0         ; postmux[10] ; 10.205 ; 10.066 ; 10.594 ; 10.455 ;
; b0         ; postmux[11] ; 10.228 ; 10.092 ; 10.617 ; 10.481 ;
; b1         ; CYOUT       ; 9.490  ; 9.359  ; 9.861  ; 9.686  ;
; b1         ; PAUSE       ;        ; 8.808  ; 9.060  ;        ;
; b1         ; postmux[1]  ; 8.539  ; 8.421  ; 8.904  ; 8.750  ;
; b1         ; postmux[2]  ; 8.773  ; 8.637  ; 9.116  ; 8.964  ;
; b1         ; postmux[3]  ; 8.767  ; 8.681  ; 9.129  ; 9.014  ;
; b1         ; postmux[4]  ; 10.268 ; 10.266 ; 10.621 ; 10.613 ;
; b1         ; postmux[5]  ; 9.369  ; 9.265  ; 9.715  ; 9.592  ;
; b1         ; postmux[6]  ; 8.346  ; 8.232  ; 8.683  ; 8.563  ;
; b1         ; postmux[7]  ; 9.598  ; 9.490  ; 9.950  ; 9.817  ;
; b1         ; postmux[8]  ; 9.595  ; 9.502  ; 9.949  ; 9.845  ;
; b1         ; postmux[9]  ; 9.618  ; 9.489  ; 9.945  ; 9.816  ;
; b1         ; postmux[10] ; 10.111 ; 9.972  ; 10.438 ; 10.299 ;
; b1         ; postmux[11] ; 10.134 ; 9.998  ; 10.461 ; 10.325 ;
; b2         ; CYOUT       ; 9.533  ; 9.393  ; 9.954  ; 9.800  ;
; b2         ; PAUSE       ;        ; 8.673  ; 8.995  ;        ;
; b2         ; postmux[2]  ; 8.087  ; 7.942  ; 8.506  ; 8.355  ;
; b2         ; postmux[3]  ; 8.810  ; 8.721  ; 9.231  ; 9.128  ;
; b2         ; postmux[4]  ; 10.311 ; 10.309 ; 10.732 ; 10.727 ;
; b2         ; postmux[5]  ; 9.412  ; 9.299  ; 9.829  ; 9.706  ;
; b2         ; postmux[6]  ; 8.389  ; 8.270  ; 8.797  ; 8.677  ;
; b2         ; postmux[7]  ; 9.641  ; 9.524  ; 10.062 ; 9.931  ;
; b2         ; postmux[8]  ; 9.638  ; 9.545  ; 10.059 ; 9.959  ;
; b2         ; postmux[9]  ; 9.652  ; 9.523  ; 10.059 ; 9.930  ;
; b2         ; postmux[10] ; 10.145 ; 10.006 ; 10.552 ; 10.413 ;
; b2         ; postmux[11] ; 10.168 ; 10.032 ; 10.575 ; 10.439 ;
+------------+-------------+--------+--------+--------+--------+


+-----------------------------------------------------------------------+
; Output Enable Times                                                   ;
+-----------+------------+-------+-------+------------+-----------------+
; Data Port ; Clock Port ; Rise  ; Fall  ; Clock Edge ; Clock Reference ;
+-----------+------------+-------+-------+------------+-----------------+
; DATA[*]   ; CLOCK      ; 7.355 ; 7.219 ; Rise       ; CLOCK           ;
;  DATA[0]  ; CLOCK      ; 7.393 ; 7.283 ; Rise       ; CLOCK           ;
;  DATA[1]  ; CLOCK      ; 8.134 ; 8.048 ; Rise       ; CLOCK           ;
;  DATA[2]  ; CLOCK      ; 7.505 ; 7.345 ; Rise       ; CLOCK           ;
;  DATA[3]  ; CLOCK      ; 8.014 ; 7.854 ; Rise       ; CLOCK           ;
;  DATA[4]  ; CLOCK      ; 7.355 ; 7.219 ; Rise       ; CLOCK           ;
;  DATA[5]  ; CLOCK      ; 7.473 ; 7.313 ; Rise       ; CLOCK           ;
;  DATA[6]  ; CLOCK      ; 7.473 ; 7.313 ; Rise       ; CLOCK           ;
;  DATA[7]  ; CLOCK      ; 7.473 ; 7.313 ; Rise       ; CLOCK           ;
;  DATA[8]  ; CLOCK      ; 8.020 ; 7.860 ; Rise       ; CLOCK           ;
;  DATA[9]  ; CLOCK      ; 7.473 ; 7.313 ; Rise       ; CLOCK           ;
;  DATA[10] ; CLOCK      ; 8.014 ; 7.854 ; Rise       ; CLOCK           ;
;  DATA[11] ; CLOCK      ; 8.020 ; 7.860 ; Rise       ; CLOCK           ;
+-----------+------------+-------+-------+------------+-----------------+


+-----------------------------------------------------------------------+
; Minimum Output Enable Times                                           ;
+-----------+------------+-------+-------+------------+-----------------+
; Data Port ; Clock Port ; Rise  ; Fall  ; Clock Edge ; Clock Reference ;
+-----------+------------+-------+-------+------------+-----------------+
; DATA[*]   ; CLOCK      ; 6.831 ; 6.698 ; Rise       ; CLOCK           ;
;  DATA[0]  ; CLOCK      ; 6.831 ; 6.721 ; Rise       ; CLOCK           ;
;  DATA[1]  ; CLOCK      ; 7.571 ; 7.485 ; Rise       ; CLOCK           ;
;  DATA[2]  ; CLOCK      ; 6.943 ; 6.783 ; Rise       ; CLOCK           ;
;  DATA[3]  ; CLOCK      ; 7.431 ; 7.271 ; Rise       ; CLOCK           ;
;  DATA[4]  ; CLOCK      ; 6.834 ; 6.698 ; Rise       ; CLOCK           ;
;  DATA[5]  ; CLOCK      ; 6.912 ; 6.752 ; Rise       ; CLOCK           ;
;  DATA[6]  ; CLOCK      ; 6.912 ; 6.752 ; Rise       ; CLOCK           ;
;  DATA[7]  ; CLOCK      ; 6.912 ; 6.752 ; Rise       ; CLOCK           ;
;  DATA[8]  ; CLOCK      ; 7.437 ; 7.277 ; Rise       ; CLOCK           ;
;  DATA[9]  ; CLOCK      ; 6.912 ; 6.752 ; Rise       ; CLOCK           ;
;  DATA[10] ; CLOCK      ; 7.431 ; 7.271 ; Rise       ; CLOCK           ;
;  DATA[11] ; CLOCK      ; 7.437 ; 7.277 ; Rise       ; CLOCK           ;
+-----------+------------+-------+-------+------------+-----------------+


+-------------------------------------------------------------------------------+
; Output Disable Times                                                          ;
+-----------+------------+-----------+-----------+------------+-----------------+
; Data Port ; Clock Port ; 0 to Hi-Z ; 1 to Hi-Z ; Clock Edge ; Clock Reference ;
+-----------+------------+-----------+-----------+------------+-----------------+
; DATA[*]   ; CLOCK      ; 7.162     ; 7.298     ; Rise       ; CLOCK           ;
;  DATA[0]  ; CLOCK      ; 7.215     ; 7.325     ; Rise       ; CLOCK           ;
;  DATA[1]  ; CLOCK      ; 7.980     ; 8.066     ; Rise       ; CLOCK           ;
;  DATA[2]  ; CLOCK      ; 7.277     ; 7.437     ; Rise       ; CLOCK           ;
;  DATA[3]  ; CLOCK      ; 7.784     ; 7.944     ; Rise       ; CLOCK           ;
;  DATA[4]  ; CLOCK      ; 7.162     ; 7.298     ; Rise       ; CLOCK           ;
;  DATA[5]  ; CLOCK      ; 7.253     ; 7.413     ; Rise       ; CLOCK           ;
;  DATA[6]  ; CLOCK      ; 7.253     ; 7.413     ; Rise       ; CLOCK           ;
;  DATA[7]  ; CLOCK      ; 7.253     ; 7.413     ; Rise       ; CLOCK           ;
;  DATA[8]  ; CLOCK      ; 7.790     ; 7.950     ; Rise       ; CLOCK           ;
;  DATA[9]  ; CLOCK      ; 7.253     ; 7.413     ; Rise       ; CLOCK           ;
;  DATA[10] ; CLOCK      ; 7.784     ; 7.944     ; Rise       ; CLOCK           ;
;  DATA[11] ; CLOCK      ; 7.790     ; 7.950     ; Rise       ; CLOCK           ;
+-----------+------------+-----------+-----------+------------+-----------------+


+-------------------------------------------------------------------------------+
; Minimum Output Disable Times                                                  ;
+-----------+------------+-----------+-----------+------------+-----------------+
; Data Port ; Clock Port ; 0 to Hi-Z ; 1 to Hi-Z ; Clock Edge ; Clock Reference ;
+-----------+------------+-----------+-----------+------------+-----------------+
; DATA[*]   ; CLOCK      ; 6.668     ; 6.790     ; Rise       ; CLOCK           ;
;  DATA[0]  ; CLOCK      ; 6.680     ; 6.790     ; Rise       ; CLOCK           ;
;  DATA[1]  ; CLOCK      ; 7.445     ; 7.531     ; Rise       ; CLOCK           ;
;  DATA[2]  ; CLOCK      ; 6.742     ; 6.902     ; Rise       ; CLOCK           ;
;  DATA[3]  ; CLOCK      ; 7.229     ; 7.389     ; Rise       ; CLOCK           ;
;  DATA[4]  ; CLOCK      ; 6.668     ; 6.804     ; Rise       ; CLOCK           ;
;  DATA[5]  ; CLOCK      ; 6.719     ; 6.879     ; Rise       ; CLOCK           ;
;  DATA[6]  ; CLOCK      ; 6.719     ; 6.879     ; Rise       ; CLOCK           ;
;  DATA[7]  ; CLOCK      ; 6.719     ; 6.879     ; Rise       ; CLOCK           ;
;  DATA[8]  ; CLOCK      ; 7.235     ; 7.395     ; Rise       ; CLOCK           ;
;  DATA[9]  ; CLOCK      ; 6.719     ; 6.879     ; Rise       ; CLOCK           ;
;  DATA[10] ; CLOCK      ; 7.229     ; 7.389     ; Rise       ; CLOCK           ;
;  DATA[11] ; CLOCK      ; 7.235     ; 7.395     ; Rise       ; CLOCK           ;
+-----------+------------+-----------+-----------+------------+-----------------+


---------------------------------------------
; Slow 1200mV 0C Model Metastability Report ;
---------------------------------------------
No synchronizer chains to report.


+------------------------------------+
; Fast 1200mV 0C Model Setup Summary ;
+-------+--------+-------------------+
; Clock ; Slack  ; End Point TNS     ;
+-------+--------+-------------------+
; CLOCK ; -2.519 ; -26.706           ;
+-------+--------+-------------------+


+-----------------------------------+
; Fast 1200mV 0C Model Hold Summary ;
+-------+--------+------------------+
; Clock ; Slack  ; End Point TNS    ;
+-------+--------+------------------+
; CLOCK ; -0.163 ; -0.313           ;
+-------+--------+------------------+


-----------------------------------------
; Fast 1200mV 0C Model Recovery Summary ;
-----------------------------------------
No paths to report.


----------------------------------------
; Fast 1200mV 0C Model Removal Summary ;
----------------------------------------
No paths to report.


+--------------------------------------------------+
; Fast 1200mV 0C Model Minimum Pulse Width Summary ;
+-------+--------+---------------------------------+
; Clock ; Slack  ; End Point TNS                   ;
+-------+--------+---------------------------------+
; CLOCK ; -3.000 ; -18.495                         ;
; LOADF ; -3.000 ; -18.400                         ;
; LOADI ; -3.000 ; -16.998                         ;
+-------+--------+---------------------------------+


+----------------------------------------------------------------------------------------------------------------------------------------+
; Fast 1200mV 0C Model Setup: 'CLOCK'                                                                                                    ;
+--------+-------------------------------+-------------------------+--------------+-------------+--------------+------------+------------+
; Slack  ; From Node                     ; To Node                 ; Launch Clock ; Latch Clock ; Relationship ; Clock Skew ; Data Delay ;
+--------+-------------------------------+-------------------------+--------------+-------------+--------------+------------+------------+
; -2.519 ; registros:valorFinal|inst11   ; maquina:inst6|inst23    ; LOADF        ; CLOCK       ; 1.000        ; -1.438     ; 2.048      ;
; -2.466 ; registros:valorFinal|inst11   ; maquina:inst6|inst22    ; LOADF        ; CLOCK       ; 1.000        ; -1.438     ; 1.995      ;
; -2.466 ; registros:valorFinal|inst14   ; maquina:inst6|inst23    ; LOADF        ; CLOCK       ; 1.000        ; -1.440     ; 1.993      ;
; -2.461 ; registros:valorFinal|inst6    ; maquina:inst6|inst23    ; LOADF        ; CLOCK       ; 1.000        ; -1.438     ; 1.990      ;
; -2.457 ; registros:valorFinal|inst6    ; maquina:inst6|inst24    ; LOADF        ; CLOCK       ; 1.000        ; -1.438     ; 1.986      ;
; -2.448 ; registros:valorFinal|inst15   ; maquina:inst6|inst23    ; LOADF        ; CLOCK       ; 1.000        ; -1.438     ; 1.977      ;
; -2.439 ; registros:valorFinal|inst6    ; maquina:inst6|inst22    ; LOADF        ; CLOCK       ; 1.000        ; -1.438     ; 1.968      ;
; -2.413 ; registros:valorFinal|inst14   ; maquina:inst6|inst22    ; LOADF        ; CLOCK       ; 1.000        ; -1.440     ; 1.940      ;
; -2.408 ; registros:valorFinal|inst13   ; maquina:inst6|inst23    ; LOADF        ; CLOCK       ; 1.000        ; -1.438     ; 1.937      ;
; -2.395 ; registros:valorFinal|inst15   ; maquina:inst6|inst22    ; LOADF        ; CLOCK       ; 1.000        ; -1.438     ; 1.924      ;
; -2.383 ; registros:valorFinal|inst1    ; maquina:inst6|inst23    ; LOADF        ; CLOCK       ; 1.000        ; -1.438     ; 1.912      ;
; -2.379 ; registros:valorFinal|inst1    ; maquina:inst6|inst24    ; LOADF        ; CLOCK       ; 1.000        ; -1.438     ; 1.908      ;
; -2.361 ; registros:valorFinal|inst1    ; maquina:inst6|inst22    ; LOADF        ; CLOCK       ; 1.000        ; -1.438     ; 1.890      ;
; -2.357 ; registros:valorFinal|inst16   ; maquina:inst6|inst23    ; LOADF        ; CLOCK       ; 1.000        ; -1.440     ; 1.884      ;
; -2.355 ; registros:valorFinal|inst13   ; maquina:inst6|inst22    ; LOADF        ; CLOCK       ; 1.000        ; -1.438     ; 1.884      ;
; -2.353 ; registros:valorFinal|inst16   ; maquina:inst6|inst24    ; LOADF        ; CLOCK       ; 1.000        ; -1.440     ; 1.880      ;
; -2.335 ; registros:valorFinal|inst16   ; maquina:inst6|inst22    ; LOADF        ; CLOCK       ; 1.000        ; -1.440     ; 1.862      ;
; -2.333 ; registros:valorFinal|inst12   ; maquina:inst6|inst23    ; LOADF        ; CLOCK       ; 1.000        ; -1.440     ; 1.860      ;
; -2.327 ; registros:valorFinal|inst5    ; maquina:inst6|inst23    ; LOADF        ; CLOCK       ; 1.000        ; -1.438     ; 1.856      ;
; -2.323 ; registros:valorFinal|inst5    ; maquina:inst6|inst24    ; LOADF        ; CLOCK       ; 1.000        ; -1.438     ; 1.852      ;
; -2.318 ; registros:valorFinal|inst2    ; maquina:inst6|inst23    ; LOADF        ; CLOCK       ; 1.000        ; -1.438     ; 1.847      ;
; -2.313 ; registros:valorFinal|inst17   ; maquina:inst6|inst23    ; LOADF        ; CLOCK       ; 1.000        ; -1.438     ; 1.842      ;
; -2.310 ; registros:valorFinal|inst     ; maquina:inst6|inst23    ; LOADF        ; CLOCK       ; 1.000        ; -1.438     ; 1.839      ;
; -2.309 ; registros:valorFinal|inst17   ; maquina:inst6|inst24    ; LOADF        ; CLOCK       ; 1.000        ; -1.438     ; 1.838      ;
; -2.305 ; registros:valorFinal|inst5    ; maquina:inst6|inst22    ; LOADF        ; CLOCK       ; 1.000        ; -1.438     ; 1.834      ;
; -2.291 ; registros:valorFinal|inst17   ; maquina:inst6|inst22    ; LOADF        ; CLOCK       ; 1.000        ; -1.438     ; 1.820      ;
; -2.280 ; registros:valorFinal|inst12   ; maquina:inst6|inst22    ; LOADF        ; CLOCK       ; 1.000        ; -1.440     ; 1.807      ;
; -2.265 ; registros:valorFinal|inst2    ; maquina:inst6|inst22    ; LOADF        ; CLOCK       ; 1.000        ; -1.438     ; 1.794      ;
; -2.261 ; registros:valorFinal|inst     ; maquina:inst6|inst24    ; LOADF        ; CLOCK       ; 1.000        ; -1.438     ; 1.790      ;
; -2.257 ; registros:valorFinal|inst     ; maquina:inst6|inst22    ; LOADF        ; CLOCK       ; 1.000        ; -1.438     ; 1.786      ;
; -2.231 ; registros:valorFinal|inst15   ; maquina:inst6|inst24    ; LOADF        ; CLOCK       ; 1.000        ; -1.438     ; 1.760      ;
; -2.223 ; registros:valorFinal|inst2    ; maquina:inst6|inst24    ; LOADF        ; CLOCK       ; 1.000        ; -1.438     ; 1.752      ;
; -2.219 ; registros:valorFinal|inst12   ; maquina:inst6|inst24    ; LOADF        ; CLOCK       ; 1.000        ; -1.440     ; 1.746      ;
; -2.185 ; registros:valorFinal|inst14   ; maquina:inst6|inst24    ; LOADF        ; CLOCK       ; 1.000        ; -1.440     ; 1.712      ;
; -2.173 ; registros:valorFinal|inst13   ; maquina:inst6|inst24    ; LOADF        ; CLOCK       ; 1.000        ; -1.438     ; 1.702      ;
; -2.113 ; registros:valorFinal|inst11   ; maquina:inst6|inst24    ; LOADF        ; CLOCK       ; 1.000        ; -1.438     ; 1.642      ;
; -1.974 ; registros:valorInicial|inst1  ; registros:inst11|inst1  ; LOADI        ; CLOCK       ; 1.000        ; -1.627     ; 1.314      ;
; -1.952 ; registros:valorInicial|inst5  ; maquina:inst6|inst23    ; LOADI        ; CLOCK       ; 1.000        ; -1.164     ; 1.755      ;
; -1.948 ; registros:valorInicial|inst5  ; maquina:inst6|inst24    ; LOADI        ; CLOCK       ; 1.000        ; -1.164     ; 1.751      ;
; -1.915 ; registros:valorInicial|inst5  ; maquina:inst6|inst22    ; LOADI        ; CLOCK       ; 1.000        ; -1.164     ; 1.718      ;
; -1.901 ; registros:valorInicial|inst6  ; maquina:inst6|inst23    ; LOADI        ; CLOCK       ; 1.000        ; -1.164     ; 1.704      ;
; -1.897 ; registros:valorInicial|inst6  ; maquina:inst6|inst24    ; LOADI        ; CLOCK       ; 1.000        ; -1.164     ; 1.700      ;
; -1.879 ; registros:valorInicial|inst6  ; maquina:inst6|inst22    ; LOADI        ; CLOCK       ; 1.000        ; -1.164     ; 1.682      ;
; -1.876 ; registros:valorInicial|inst17 ; maquina:inst6|inst22    ; LOADI        ; CLOCK       ; 1.000        ; -1.164     ; 1.679      ;
; -1.873 ; registros:valorInicial|inst1  ; maquina:inst6|inst23    ; LOADI        ; CLOCK       ; 1.000        ; -1.164     ; 1.676      ;
; -1.869 ; registros:valorInicial|inst1  ; maquina:inst6|inst24    ; LOADI        ; CLOCK       ; 1.000        ; -1.164     ; 1.672      ;
; -1.868 ; registros:valorInicial|inst   ; maquina:inst6|inst23    ; LOADI        ; CLOCK       ; 1.000        ; -1.164     ; 1.671      ;
; -1.864 ; registros:valorInicial|inst   ; maquina:inst6|inst24    ; LOADI        ; CLOCK       ; 1.000        ; -1.164     ; 1.667      ;
; -1.836 ; registros:valorInicial|inst1  ; maquina:inst6|inst22    ; LOADI        ; CLOCK       ; 1.000        ; -1.164     ; 1.639      ;
; -1.831 ; registros:valorInicial|inst   ; maquina:inst6|inst22    ; LOADI        ; CLOCK       ; 1.000        ; -1.164     ; 1.634      ;
; -1.805 ; registros:valorInicial|inst14 ; maquina:inst6|inst22    ; LOADI        ; CLOCK       ; 1.000        ; -1.164     ; 1.608      ;
; -1.800 ; registros:valorInicial|inst16 ; maquina:inst6|inst23    ; LOADI        ; CLOCK       ; 1.000        ; -1.164     ; 1.603      ;
; -1.796 ; registros:valorInicial|inst16 ; maquina:inst6|inst24    ; LOADI        ; CLOCK       ; 1.000        ; -1.164     ; 1.599      ;
; -1.793 ; registros:valorInicial|inst12 ; maquina:inst6|inst22    ; LOADI        ; CLOCK       ; 1.000        ; -1.164     ; 1.596      ;
; -1.776 ; registros:valorInicial|inst6  ; registros:inst11|inst6  ; LOADI        ; CLOCK       ; 1.000        ; -1.627     ; 1.116      ;
; -1.764 ; registros:valorInicial|inst17 ; maquina:inst6|inst23    ; LOADI        ; CLOCK       ; 1.000        ; -1.164     ; 1.567      ;
; -1.763 ; registros:valorInicial|inst16 ; maquina:inst6|inst22    ; LOADI        ; CLOCK       ; 1.000        ; -1.164     ; 1.566      ;
; -1.760 ; registros:valorInicial|inst17 ; maquina:inst6|inst24    ; LOADI        ; CLOCK       ; 1.000        ; -1.164     ; 1.563      ;
; -1.759 ; registros:valorInicial|inst11 ; maquina:inst6|inst22    ; LOADI        ; CLOCK       ; 1.000        ; -1.164     ; 1.562      ;
; -1.736 ; registros:valorInicial|inst14 ; maquina:inst6|inst23    ; LOADI        ; CLOCK       ; 1.000        ; -1.164     ; 1.539      ;
; -1.732 ; registros:valorInicial|inst14 ; maquina:inst6|inst24    ; LOADI        ; CLOCK       ; 1.000        ; -1.164     ; 1.535      ;
; -1.731 ; registros:valorInicial|inst2  ; registros:inst11|inst2  ; LOADI        ; CLOCK       ; 1.000        ; -1.438     ; 1.260      ;
; -1.698 ; registros:valorInicial|inst15 ; maquina:inst6|inst23    ; LOADI        ; CLOCK       ; 1.000        ; -1.164     ; 1.501      ;
; -1.694 ; registros:valorInicial|inst15 ; maquina:inst6|inst24    ; LOADI        ; CLOCK       ; 1.000        ; -1.164     ; 1.497      ;
; -1.692 ; registros:valorInicial|inst12 ; maquina:inst6|inst23    ; LOADI        ; CLOCK       ; 1.000        ; -1.164     ; 1.495      ;
; -1.688 ; registros:valorInicial|inst12 ; maquina:inst6|inst24    ; LOADI        ; CLOCK       ; 1.000        ; -1.164     ; 1.491      ;
; -1.676 ; registros:valorInicial|inst15 ; maquina:inst6|inst22    ; LOADI        ; CLOCK       ; 1.000        ; -1.164     ; 1.479      ;
; -1.666 ; registros:valorInicial|inst5  ; registros:inst11|inst5  ; LOADI        ; CLOCK       ; 1.000        ; -1.627     ; 1.006      ;
; -1.645 ; registros:valorInicial|inst11 ; maquina:inst6|inst23    ; LOADI        ; CLOCK       ; 1.000        ; -1.164     ; 1.448      ;
; -1.642 ; registros:valorInicial|inst11 ; maquina:inst6|inst24    ; LOADI        ; CLOCK       ; 1.000        ; -1.164     ; 1.445      ;
; -1.631 ; registros:valorInicial|inst13 ; maquina:inst6|inst23    ; LOADI        ; CLOCK       ; 1.000        ; -1.164     ; 1.434      ;
; -1.628 ; registros:valorInicial|inst13 ; registros:inst11|inst13 ; LOADI        ; CLOCK       ; 1.000        ; -1.452     ; 1.143      ;
; -1.627 ; registros:valorInicial|inst13 ; maquina:inst6|inst24    ; LOADI        ; CLOCK       ; 1.000        ; -1.164     ; 1.430      ;
; -1.623 ; registros:valorInicial|inst13 ; maquina:inst6|inst22    ; LOADI        ; CLOCK       ; 1.000        ; -1.164     ; 1.426      ;
; -1.595 ; registros:valorInicial|inst14 ; registros:inst11|inst14 ; LOADI        ; CLOCK       ; 1.000        ; -1.452     ; 1.110      ;
; -1.583 ; registros:valorInicial|inst16 ; registros:inst11|inst16 ; LOADI        ; CLOCK       ; 1.000        ; -1.452     ; 1.098      ;
; -1.570 ; registros:valorInicial|inst11 ; registros:inst11|inst11 ; LOADI        ; CLOCK       ; 1.000        ; -1.438     ; 1.099      ;
; -1.564 ; registros:valorInicial|inst2  ; maquina:inst6|inst23    ; LOADI        ; CLOCK       ; 1.000        ; -1.164     ; 1.367      ;
; -1.560 ; registros:valorInicial|inst2  ; maquina:inst6|inst24    ; LOADI        ; CLOCK       ; 1.000        ; -1.164     ; 1.363      ;
; -1.558 ; registros:valorInicial|inst2  ; maquina:inst6|inst22    ; LOADI        ; CLOCK       ; 1.000        ; -1.164     ; 1.361      ;
; -1.520 ; registros:valorInicial|inst12 ; registros:inst11|inst12 ; LOADI        ; CLOCK       ; 1.000        ; -1.438     ; 1.049      ;
; -1.508 ; registros:valorInicial|inst   ; registros:inst11|inst   ; LOADI        ; CLOCK       ; 1.000        ; -1.439     ; 1.036      ;
; -1.366 ; registros:valorInicial|inst15 ; registros:inst11|inst15 ; LOADI        ; CLOCK       ; 1.000        ; -1.452     ; 0.881      ;
; -1.347 ; registros:valorInicial|inst17 ; registros:inst11|inst17 ; LOADI        ; CLOCK       ; 1.000        ; -1.627     ; 0.687      ;
; -1.096 ; registros:inst11|inst6        ; registros:inst11|inst11 ; CLOCK        ; CLOCK       ; 1.000        ; 0.152      ; 2.235      ;
; -1.073 ; registros:inst11|inst11       ; maquina:inst6|inst23    ; CLOCK        ; CLOCK       ; 1.000        ; 0.207      ; 2.267      ;
; -1.023 ; maquina:inst6|inst22          ; registros:inst11|inst1  ; CLOCK        ; CLOCK       ; 1.000        ; -0.541     ; 1.469      ;
; -1.020 ; registros:inst11|inst11       ; maquina:inst6|inst22    ; CLOCK        ; CLOCK       ; 1.000        ; 0.207      ; 2.214      ;
; -1.015 ; registros:inst11|inst2        ; maquina:inst6|inst23    ; CLOCK        ; CLOCK       ; 1.000        ; 0.207      ; 2.209      ;
; -1.008 ; maquina:inst6|inst23          ; registros:inst11|inst1  ; CLOCK        ; CLOCK       ; 1.000        ; -0.541     ; 1.454      ;
; -0.999 ; maquina:inst6|inst23          ; registros:inst11|inst   ; CLOCK        ; CLOCK       ; 1.000        ; -0.353     ; 1.633      ;
; -0.987 ; registros:inst11|inst5        ; registros:inst11|inst11 ; CLOCK        ; CLOCK       ; 1.000        ; 0.152      ; 2.126      ;
; -0.982 ; maquina:inst6|inst22          ; registros:inst11|inst   ; CLOCK        ; CLOCK       ; 1.000        ; -0.353     ; 1.616      ;
; -0.962 ; registros:inst11|inst2        ; maquina:inst6|inst22    ; CLOCK        ; CLOCK       ; 1.000        ; 0.207      ; 2.156      ;
; -0.961 ; maquina:inst6|inst22          ; registros:inst11|inst6  ; CLOCK        ; CLOCK       ; 1.000        ; -0.541     ; 1.407      ;
; -0.956 ; maquina:inst6|inst22          ; registros:inst11|inst5  ; CLOCK        ; CLOCK       ; 1.000        ; -0.541     ; 1.402      ;
; -0.946 ; maquina:inst6|inst23          ; registros:inst11|inst6  ; CLOCK        ; CLOCK       ; 1.000        ; -0.541     ; 1.392      ;
; -0.941 ; maquina:inst6|inst23          ; registros:inst11|inst5  ; CLOCK        ; CLOCK       ; 1.000        ; -0.541     ; 1.387      ;
; -0.905 ; registros:inst11|inst1        ; registros:inst11|inst11 ; CLOCK        ; CLOCK       ; 1.000        ; 0.152      ; 2.044      ;
; -0.899 ; maquina:inst6|inst24          ; registros:inst11|inst1  ; CLOCK        ; CLOCK       ; 1.000        ; -0.541     ; 1.345      ;
+--------+-------------------------------+-------------------------+--------------+-------------+--------------+------------+------------+


+----------------------------------------------------------------------------------------------------------------------------------+
; Fast 1200mV 0C Model Hold: 'CLOCK'                                                                                               ;
+--------+-------------------------+-------------------------+--------------+-------------+--------------+------------+------------+
; Slack  ; From Node               ; To Node                 ; Launch Clock ; Latch Clock ; Relationship ; Clock Skew ; Data Delay ;
+--------+-------------------------+-------------------------+--------------+-------------+--------------+------------+------------+
; -0.163 ; LOADI                   ; maquina:inst6|inst24    ; LOADI        ; CLOCK       ; 0.000        ; 1.951      ; 1.912      ;
; -0.150 ; LOADF                   ; maquina:inst6|inst23    ; LOADF        ; CLOCK       ; 0.000        ; 1.951      ; 1.925      ;
; -0.069 ; LOADF                   ; maquina:inst6|inst24    ; LOADF        ; CLOCK       ; 0.000        ; 1.951      ; 2.006      ;
; 0.330  ; registros:inst11|inst14 ; registros:inst11|inst13 ; CLOCK        ; CLOCK       ; 0.000        ; 0.044      ; 0.458      ;
; 0.417  ; registros:inst11|inst13 ; registros:inst11|inst13 ; CLOCK        ; CLOCK       ; 0.000        ; 0.044      ; 0.545      ;
; 0.436  ; registros:inst11|inst16 ; registros:inst11|inst15 ; CLOCK        ; CLOCK       ; 0.000        ; 0.044      ; 0.564      ;
; 0.474  ; maquina:inst6|inst23    ; maquina:inst6|inst22    ; CLOCK        ; CLOCK       ; 0.000        ; 0.025      ; 0.583      ;
; 0.518  ; maquina:inst6|inst24    ; maquina:inst6|inst22    ; CLOCK        ; CLOCK       ; 0.000        ; 0.025      ; 0.627      ;
; 0.529  ; maquina:inst6|inst23    ; maquina:inst6|inst24    ; CLOCK        ; CLOCK       ; 0.000        ; 0.025      ; 0.638      ;
; 0.532  ; maquina:inst6|inst23    ; maquina:inst6|inst23    ; CLOCK        ; CLOCK       ; 0.000        ; 0.025      ; 0.641      ;
; 0.571  ; registros:inst11|inst15 ; registros:inst11|inst15 ; CLOCK        ; CLOCK       ; 0.000        ; 0.044      ; 0.699      ;
; 0.624  ; registros:inst11|inst6  ; registros:inst11|inst6  ; CLOCK        ; CLOCK       ; 0.000        ; 0.037      ; 0.745      ;
; 0.626  ; registros:inst11|inst11 ; maquina:inst6|inst22    ; CLOCK        ; CLOCK       ; 0.000        ; 0.352      ; 1.062      ;
; 0.626  ; registros:inst11|inst17 ; registros:inst11|inst15 ; CLOCK        ; CLOCK       ; 0.000        ; 0.219      ; 0.929      ;
; 0.634  ; registros:inst11|inst17 ; registros:inst11|inst17 ; CLOCK        ; CLOCK       ; 0.000        ; 0.037      ; 0.755      ;
; 0.684  ; maquina:inst6|inst22    ; maquina:inst6|inst22    ; CLOCK        ; CLOCK       ; 0.000        ; 0.025      ; 0.793      ;
; 0.693  ; registros:inst11|inst   ; registros:inst11|inst17 ; CLOCK        ; CLOCK       ; 0.000        ; -0.151     ; 0.626      ;
; 0.696  ; registros:inst11|inst11 ; registros:inst11|inst11 ; CLOCK        ; CLOCK       ; 0.000        ; 0.045      ; 0.825      ;
; 0.720  ; maquina:inst6|inst24    ; maquina:inst6|inst23    ; CLOCK        ; CLOCK       ; 0.000        ; 0.025      ; 0.829      ;
; 0.721  ; registros:inst11|inst11 ; maquina:inst6|inst23    ; CLOCK        ; CLOCK       ; 0.000        ; 0.352      ; 1.157      ;
; 0.723  ; registros:inst11|inst   ; registros:inst11|inst   ; CLOCK        ; CLOCK       ; 0.000        ; 0.045      ; 0.852      ;
; 0.735  ; registros:inst11|inst15 ; registros:inst11|inst13 ; CLOCK        ; CLOCK       ; 0.000        ; 0.044      ; 0.863      ;
; 0.738  ; maquina:inst6|inst22    ; maquina:inst6|inst24    ; CLOCK        ; CLOCK       ; 0.000        ; 0.025      ; 0.847      ;
; 0.763  ; maquina:inst6|inst22    ; maquina:inst6|inst23    ; CLOCK        ; CLOCK       ; 0.000        ; 0.025      ; 0.872      ;
; 0.764  ; registros:inst11|inst   ; registros:inst11|inst15 ; CLOCK        ; CLOCK       ; 0.000        ; 0.031      ; 0.879      ;
; 0.771  ; registros:inst11|inst14 ; registros:inst11|inst14 ; CLOCK        ; CLOCK       ; 0.000        ; 0.044      ; 0.899      ;
; 0.774  ; registros:inst11|inst1  ; registros:inst11|inst15 ; CLOCK        ; CLOCK       ; 0.000        ; 0.219      ; 1.077      ;
; 0.788  ; registros:inst11|inst12 ; registros:inst11|inst12 ; CLOCK        ; CLOCK       ; 0.000        ; 0.045      ; 0.917      ;
; 0.790  ; registros:inst11|inst1  ; registros:inst11|inst17 ; CLOCK        ; CLOCK       ; 0.000        ; 0.037      ; 0.911      ;
; 0.791  ; registros:inst11|inst17 ; registros:inst11|inst13 ; CLOCK        ; CLOCK       ; 0.000        ; 0.219      ; 1.094      ;
; 0.792  ; registros:inst11|inst12 ; registros:inst11|inst2  ; CLOCK        ; CLOCK       ; 0.000        ; 0.045      ; 0.921      ;
; 0.807  ; registros:inst11|inst1  ; registros:inst11|inst1  ; CLOCK        ; CLOCK       ; 0.000        ; 0.037      ; 0.928      ;
; 0.831  ; registros:inst11|inst1  ; maquina:inst6|inst22    ; CLOCK        ; CLOCK       ; 0.000        ; 0.541      ; 1.456      ;
; 0.836  ; registros:inst11|inst1  ; registros:inst11|inst   ; CLOCK        ; CLOCK       ; 0.000        ; 0.233      ; 1.153      ;
; 0.840  ; maquina:inst6|inst24    ; registros:inst11|inst15 ; CLOCK        ; CLOCK       ; 0.000        ; -0.222     ; 0.702      ;
; 0.857  ; registros:inst11|inst16 ; registros:inst11|inst13 ; CLOCK        ; CLOCK       ; 0.000        ; 0.044      ; 0.985      ;
; 0.860  ; registros:inst11|inst6  ; maquina:inst6|inst22    ; CLOCK        ; CLOCK       ; 0.000        ; 0.541      ; 1.485      ;
; 0.864  ; maquina:inst6|inst24    ; maquina:inst6|inst24    ; CLOCK        ; CLOCK       ; 0.000        ; 0.025      ; 0.973      ;
; 0.870  ; LOADF                   ; maquina:inst6|inst23    ; LOADF        ; CLOCK       ; -0.500       ; 1.951      ; 2.445      ;
; 0.872  ; registros:inst11|inst17 ; registros:inst11|inst16 ; CLOCK        ; CLOCK       ; 0.000        ; 0.219      ; 1.175      ;
; 0.879  ; registros:inst11|inst16 ; registros:inst11|inst16 ; CLOCK        ; CLOCK       ; 0.000        ; 0.044      ; 1.007      ;
; 0.885  ; LOADF                   ; maquina:inst6|inst24    ; LOADF        ; CLOCK       ; -0.500       ; 1.951      ; 2.460      ;
; 0.889  ; registros:inst11|inst5  ; registros:inst11|inst15 ; CLOCK        ; CLOCK       ; 0.000        ; 0.219      ; 1.192      ;
; 0.891  ; LOADI                   ; maquina:inst6|inst24    ; LOADI        ; CLOCK       ; -0.500       ; 1.951      ; 2.466      ;
; 0.894  ; registros:inst11|inst13 ; registros:inst11|inst2  ; CLOCK        ; CLOCK       ; 0.000        ; 0.059      ; 1.037      ;
; 0.896  ; registros:inst11|inst13 ; registros:inst11|inst12 ; CLOCK        ; CLOCK       ; 0.000        ; 0.059      ; 1.039      ;
; 0.901  ; registros:inst11|inst14 ; registros:inst11|inst2  ; CLOCK        ; CLOCK       ; 0.000        ; 0.059      ; 1.044      ;
; 0.903  ; registros:inst11|inst14 ; registros:inst11|inst12 ; CLOCK        ; CLOCK       ; 0.000        ; 0.059      ; 1.046      ;
; 0.905  ; registros:inst11|inst5  ; registros:inst11|inst17 ; CLOCK        ; CLOCK       ; 0.000        ; 0.037      ; 1.026      ;
; 0.929  ; registros:inst11|inst   ; registros:inst11|inst13 ; CLOCK        ; CLOCK       ; 0.000        ; 0.031      ; 1.044      ;
; 0.931  ; registros:inst11|inst1  ; maquina:inst6|inst23    ; CLOCK        ; CLOCK       ; 0.000        ; 0.541      ; 1.556      ;
; 0.935  ; registros:inst11|inst13 ; maquina:inst6|inst22    ; CLOCK        ; CLOCK       ; 0.000        ; 0.366      ; 1.385      ;
; 0.939  ; registros:inst11|inst1  ; registros:inst11|inst13 ; CLOCK        ; CLOCK       ; 0.000        ; 0.219      ; 1.242      ;
; 0.944  ; maquina:inst6|inst23    ; registros:inst11|inst15 ; CLOCK        ; CLOCK       ; 0.000        ; -0.222     ; 0.806      ;
; 0.946  ; maquina:inst6|inst24    ; registros:inst11|inst13 ; CLOCK        ; CLOCK       ; 0.000        ; -0.222     ; 0.808      ;
; 0.947  ; registros:inst11|inst14 ; maquina:inst6|inst22    ; CLOCK        ; CLOCK       ; 0.000        ; 0.366      ; 1.397      ;
; 0.951  ; registros:inst11|inst5  ; registros:inst11|inst   ; CLOCK        ; CLOCK       ; 0.000        ; 0.233      ; 1.268      ;
; 0.960  ; registros:inst11|inst6  ; maquina:inst6|inst23    ; CLOCK        ; CLOCK       ; 0.000        ; 0.541      ; 1.585      ;
; 0.968  ; registros:inst11|inst5  ; maquina:inst6|inst22    ; CLOCK        ; CLOCK       ; 0.000        ; 0.541      ; 1.593      ;
; 0.976  ; registros:inst11|inst15 ; registros:inst11|inst14 ; CLOCK        ; CLOCK       ; 0.000        ; 0.044      ; 1.104      ;
; 0.981  ; registros:inst11|inst17 ; maquina:inst6|inst22    ; CLOCK        ; CLOCK       ; 0.000        ; 0.541      ; 1.606      ;
; 0.987  ; registros:inst11|inst6  ; registros:inst11|inst15 ; CLOCK        ; CLOCK       ; 0.000        ; 0.219      ; 1.290      ;
; 0.990  ; registros:inst11|inst2  ; maquina:inst6|inst22    ; CLOCK        ; CLOCK       ; 0.000        ; 0.352      ; 1.426      ;
; 0.995  ; maquina:inst6|inst22    ; registros:inst11|inst15 ; CLOCK        ; CLOCK       ; 0.000        ; -0.222     ; 0.857      ;
; 1.000  ; registros:inst11|inst15 ; registros:inst11|inst2  ; CLOCK        ; CLOCK       ; 0.000        ; 0.059      ; 1.143      ;
; 1.001  ; registros:inst11|inst12 ; maquina:inst6|inst22    ; CLOCK        ; CLOCK       ; 0.000        ; 0.352      ; 1.437      ;
; 1.002  ; registros:inst11|inst15 ; registros:inst11|inst12 ; CLOCK        ; CLOCK       ; 0.000        ; 0.059      ; 1.145      ;
; 1.003  ; registros:inst11|inst6  ; registros:inst11|inst17 ; CLOCK        ; CLOCK       ; 0.000        ; 0.037      ; 1.124      ;
; 1.010  ; registros:inst11|inst2  ; registros:inst11|inst2  ; CLOCK        ; CLOCK       ; 0.000        ; 0.045      ; 1.139      ;
; 1.010  ; registros:inst11|inst   ; registros:inst11|inst16 ; CLOCK        ; CLOCK       ; 0.000        ; 0.031      ; 1.125      ;
; 1.020  ; registros:inst11|inst1  ; registros:inst11|inst16 ; CLOCK        ; CLOCK       ; 0.000        ; 0.219      ; 1.323      ;
; 1.025  ; registros:inst11|inst12 ; registros:inst11|inst11 ; CLOCK        ; CLOCK       ; 0.000        ; 0.045      ; 1.154      ;
; 1.025  ; registros:inst11|inst15 ; maquina:inst6|inst22    ; CLOCK        ; CLOCK       ; 0.000        ; 0.366      ; 1.475      ;
; 1.026  ; registros:inst11|inst   ; maquina:inst6|inst22    ; CLOCK        ; CLOCK       ; 0.000        ; 0.353      ; 1.463      ;
; 1.030  ; registros:inst11|inst13 ; maquina:inst6|inst23    ; CLOCK        ; CLOCK       ; 0.000        ; 0.366      ; 1.480      ;
; 1.032  ; registros:inst11|inst17 ; registros:inst11|inst14 ; CLOCK        ; CLOCK       ; 0.000        ; 0.219      ; 1.335      ;
; 1.042  ; registros:inst11|inst14 ; maquina:inst6|inst23    ; CLOCK        ; CLOCK       ; 0.000        ; 0.366      ; 1.492      ;
; 1.049  ; registros:inst11|inst6  ; registros:inst11|inst   ; CLOCK        ; CLOCK       ; 0.000        ; 0.233      ; 1.366      ;
; 1.050  ; maquina:inst6|inst23    ; registros:inst11|inst13 ; CLOCK        ; CLOCK       ; 0.000        ; -0.222     ; 0.912      ;
; 1.054  ; registros:inst11|inst5  ; registros:inst11|inst13 ; CLOCK        ; CLOCK       ; 0.000        ; 0.219      ; 1.357      ;
; 1.056  ; registros:inst11|inst17 ; registros:inst11|inst2  ; CLOCK        ; CLOCK       ; 0.000        ; 0.234      ; 1.374      ;
; 1.058  ; registros:inst11|inst17 ; registros:inst11|inst12 ; CLOCK        ; CLOCK       ; 0.000        ; 0.234      ; 1.376      ;
; 1.068  ; registros:inst11|inst5  ; maquina:inst6|inst23    ; CLOCK        ; CLOCK       ; 0.000        ; 0.541      ; 1.693      ;
; 1.081  ; registros:inst11|inst17 ; maquina:inst6|inst23    ; CLOCK        ; CLOCK       ; 0.000        ; 0.541      ; 1.706      ;
; 1.085  ; registros:inst11|inst2  ; maquina:inst6|inst23    ; CLOCK        ; CLOCK       ; 0.000        ; 0.352      ; 1.521      ;
; 1.091  ; registros:inst11|inst5  ; registros:inst11|inst5  ; CLOCK        ; CLOCK       ; 0.000        ; 0.037      ; 1.212      ;
; 1.096  ; registros:inst11|inst12 ; maquina:inst6|inst23    ; CLOCK        ; CLOCK       ; 0.000        ; 0.352      ; 1.532      ;
; 1.098  ; registros:inst11|inst16 ; registros:inst11|inst14 ; CLOCK        ; CLOCK       ; 0.000        ; 0.044      ; 1.226      ;
; 1.110  ; registros:inst11|inst16 ; maquina:inst6|inst22    ; CLOCK        ; CLOCK       ; 0.000        ; 0.366      ; 1.560      ;
; 1.114  ; maquina:inst6|inst22    ; registros:inst11|inst13 ; CLOCK        ; CLOCK       ; 0.000        ; -0.222     ; 0.976      ;
; 1.120  ; maquina:inst6|inst24    ; registros:inst11|inst2  ; CLOCK        ; CLOCK       ; 0.000        ; -0.207     ; 0.997      ;
; 1.120  ; registros:inst11|inst15 ; maquina:inst6|inst23    ; CLOCK        ; CLOCK       ; 0.000        ; 0.366      ; 1.570      ;
; 1.122  ; registros:inst11|inst16 ; registros:inst11|inst2  ; CLOCK        ; CLOCK       ; 0.000        ; 0.059      ; 1.265      ;
; 1.124  ; registros:inst11|inst16 ; registros:inst11|inst12 ; CLOCK        ; CLOCK       ; 0.000        ; 0.059      ; 1.267      ;
; 1.126  ; registros:inst11|inst   ; maquina:inst6|inst23    ; CLOCK        ; CLOCK       ; 0.000        ; 0.353      ; 1.563      ;
; 1.132  ; maquina:inst6|inst24    ; registros:inst11|inst12 ; CLOCK        ; CLOCK       ; 0.000        ; -0.207     ; 1.009      ;
; 1.135  ; registros:inst11|inst5  ; registros:inst11|inst16 ; CLOCK        ; CLOCK       ; 0.000        ; 0.219      ; 1.438      ;
; 1.135  ; registros:inst11|inst13 ; registros:inst11|inst11 ; CLOCK        ; CLOCK       ; 0.000        ; 0.059      ; 1.278      ;
; 1.142  ; registros:inst11|inst14 ; registros:inst11|inst11 ; CLOCK        ; CLOCK       ; 0.000        ; 0.059      ; 1.285      ;
; 1.152  ; registros:inst11|inst6  ; registros:inst11|inst13 ; CLOCK        ; CLOCK       ; 0.000        ; 0.219      ; 1.455      ;
+--------+-------------------------+-------------------------+--------------+-------------+--------------+------------+------------+


+--------------------------------------------------------------------------------------------------------------+
; Fast 1200mV 0C Model Minimum Pulse Width: 'CLOCK'                                                            ;
+--------+--------------+----------------+------------------+-------+------------+-----------------------------+
; Slack  ; Actual Width ; Required Width ; Type             ; Clock ; Clock Edge ; Target                      ;
+--------+--------------+----------------+------------------+-------+------------+-----------------------------+
; -3.000 ; 1.000        ; 4.000          ; Port Rate        ; CLOCK ; Rise       ; CLOCK                       ;
; -1.000 ; 1.000        ; 2.000          ; Min Period       ; CLOCK ; Rise       ; maquina:inst6|inst22        ;
; -1.000 ; 1.000        ; 2.000          ; Min Period       ; CLOCK ; Rise       ; maquina:inst6|inst23        ;
; -1.000 ; 1.000        ; 2.000          ; Min Period       ; CLOCK ; Rise       ; maquina:inst6|inst24        ;
; -1.000 ; 1.000        ; 2.000          ; Min Period       ; CLOCK ; Rise       ; registros:inst11|inst       ;
; -1.000 ; 1.000        ; 2.000          ; Min Period       ; CLOCK ; Rise       ; registros:inst11|inst1      ;
; -1.000 ; 1.000        ; 2.000          ; Min Period       ; CLOCK ; Rise       ; registros:inst11|inst11     ;
; -1.000 ; 1.000        ; 2.000          ; Min Period       ; CLOCK ; Rise       ; registros:inst11|inst12     ;
; -1.000 ; 1.000        ; 2.000          ; Min Period       ; CLOCK ; Rise       ; registros:inst11|inst13     ;
; -1.000 ; 1.000        ; 2.000          ; Min Period       ; CLOCK ; Rise       ; registros:inst11|inst14     ;
; -1.000 ; 1.000        ; 2.000          ; Min Period       ; CLOCK ; Rise       ; registros:inst11|inst15     ;
; -1.000 ; 1.000        ; 2.000          ; Min Period       ; CLOCK ; Rise       ; registros:inst11|inst16     ;
; -1.000 ; 1.000        ; 2.000          ; Min Period       ; CLOCK ; Rise       ; registros:inst11|inst17     ;
; -1.000 ; 1.000        ; 2.000          ; Min Period       ; CLOCK ; Rise       ; registros:inst11|inst2      ;
; -1.000 ; 1.000        ; 2.000          ; Min Period       ; CLOCK ; Rise       ; registros:inst11|inst5      ;
; -1.000 ; 1.000        ; 2.000          ; Min Period       ; CLOCK ; Rise       ; registros:inst11|inst6      ;
; -0.054 ; 0.130        ; 0.184          ; Low Pulse Width  ; CLOCK ; Rise       ; registros:inst11|inst11     ;
; -0.054 ; 0.130        ; 0.184          ; Low Pulse Width  ; CLOCK ; Rise       ; registros:inst11|inst12     ;
; -0.054 ; 0.130        ; 0.184          ; Low Pulse Width  ; CLOCK ; Rise       ; registros:inst11|inst2      ;
; -0.053 ; 0.131        ; 0.184          ; Low Pulse Width  ; CLOCK ; Rise       ; registros:inst11|inst       ;
; -0.042 ; 0.142        ; 0.184          ; Low Pulse Width  ; CLOCK ; Rise       ; registros:inst11|inst13     ;
; -0.042 ; 0.142        ; 0.184          ; Low Pulse Width  ; CLOCK ; Rise       ; registros:inst11|inst14     ;
; -0.042 ; 0.142        ; 0.184          ; Low Pulse Width  ; CLOCK ; Rise       ; registros:inst11|inst15     ;
; -0.042 ; 0.142        ; 0.184          ; Low Pulse Width  ; CLOCK ; Rise       ; registros:inst11|inst16     ;
; -0.028 ; 0.156        ; 0.184          ; Low Pulse Width  ; CLOCK ; Rise       ; registros:inst11|inst1      ;
; -0.028 ; 0.156        ; 0.184          ; Low Pulse Width  ; CLOCK ; Rise       ; registros:inst11|inst17     ;
; -0.028 ; 0.156        ; 0.184          ; Low Pulse Width  ; CLOCK ; Rise       ; registros:inst11|inst5      ;
; -0.028 ; 0.156        ; 0.184          ; Low Pulse Width  ; CLOCK ; Rise       ; registros:inst11|inst6      ;
; 0.113  ; 0.297        ; 0.184          ; Low Pulse Width  ; CLOCK ; Rise       ; maquina:inst6|inst22        ;
; 0.113  ; 0.297        ; 0.184          ; Low Pulse Width  ; CLOCK ; Rise       ; maquina:inst6|inst23        ;
; 0.113  ; 0.297        ; 0.184          ; Low Pulse Width  ; CLOCK ; Rise       ; maquina:inst6|inst24        ;
; 0.125  ; 0.125        ; 0.000          ; Low Pulse Width  ; CLOCK ; Rise       ; CLOCK~input|o               ;
; 0.126  ; 0.126        ; 0.000          ; Low Pulse Width  ; CLOCK ; Rise       ; inst11|inst11|clk           ;
; 0.126  ; 0.126        ; 0.000          ; Low Pulse Width  ; CLOCK ; Rise       ; inst11|inst12|clk           ;
; 0.126  ; 0.126        ; 0.000          ; Low Pulse Width  ; CLOCK ; Rise       ; inst11|inst2|clk            ;
; 0.127  ; 0.127        ; 0.000          ; Low Pulse Width  ; CLOCK ; Rise       ; inst11|inst|clk             ;
; 0.138  ; 0.138        ; 0.000          ; Low Pulse Width  ; CLOCK ; Rise       ; inst11|inst13|clk           ;
; 0.138  ; 0.138        ; 0.000          ; Low Pulse Width  ; CLOCK ; Rise       ; inst11|inst14|clk           ;
; 0.138  ; 0.138        ; 0.000          ; Low Pulse Width  ; CLOCK ; Rise       ; inst11|inst15|clk           ;
; 0.138  ; 0.138        ; 0.000          ; Low Pulse Width  ; CLOCK ; Rise       ; inst11|inst16|clk           ;
; 0.139  ; 0.139        ; 0.000          ; Low Pulse Width  ; CLOCK ; Rise       ; CLOCK~inputclkctrl|inclk[0] ;
; 0.139  ; 0.139        ; 0.000          ; Low Pulse Width  ; CLOCK ; Rise       ; CLOCK~inputclkctrl|outclk   ;
; 0.152  ; 0.152        ; 0.000          ; Low Pulse Width  ; CLOCK ; Rise       ; inst11|inst17|clk           ;
; 0.152  ; 0.152        ; 0.000          ; Low Pulse Width  ; CLOCK ; Rise       ; inst11|inst1|clk            ;
; 0.152  ; 0.152        ; 0.000          ; Low Pulse Width  ; CLOCK ; Rise       ; inst11|inst5|clk            ;
; 0.152  ; 0.152        ; 0.000          ; Low Pulse Width  ; CLOCK ; Rise       ; inst11|inst6|clk            ;
; 0.291  ; 0.291        ; 0.000          ; Low Pulse Width  ; CLOCK ; Rise       ; inst6|inst22|clk            ;
; 0.291  ; 0.291        ; 0.000          ; Low Pulse Width  ; CLOCK ; Rise       ; inst6|inst23|clk            ;
; 0.291  ; 0.291        ; 0.000          ; Low Pulse Width  ; CLOCK ; Rise       ; inst6|inst24|clk            ;
; 0.482  ; 0.698        ; 0.216          ; High Pulse Width ; CLOCK ; Rise       ; maquina:inst6|inst22        ;
; 0.482  ; 0.698        ; 0.216          ; High Pulse Width ; CLOCK ; Rise       ; maquina:inst6|inst23        ;
; 0.482  ; 0.698        ; 0.216          ; High Pulse Width ; CLOCK ; Rise       ; maquina:inst6|inst24        ;
; 0.500  ; 0.500        ; 0.000          ; High Pulse Width ; CLOCK ; Rise       ; CLOCK~input|i               ;
; 0.500  ; 0.500        ; 0.000          ; Low Pulse Width  ; CLOCK ; Rise       ; CLOCK~input|i               ;
; 0.626  ; 0.842        ; 0.216          ; High Pulse Width ; CLOCK ; Rise       ; registros:inst11|inst1      ;
; 0.626  ; 0.842        ; 0.216          ; High Pulse Width ; CLOCK ; Rise       ; registros:inst11|inst17     ;
; 0.626  ; 0.842        ; 0.216          ; High Pulse Width ; CLOCK ; Rise       ; registros:inst11|inst5      ;
; 0.626  ; 0.842        ; 0.216          ; High Pulse Width ; CLOCK ; Rise       ; registros:inst11|inst6      ;
; 0.640  ; 0.856        ; 0.216          ; High Pulse Width ; CLOCK ; Rise       ; registros:inst11|inst13     ;
; 0.640  ; 0.856        ; 0.216          ; High Pulse Width ; CLOCK ; Rise       ; registros:inst11|inst14     ;
; 0.640  ; 0.856        ; 0.216          ; High Pulse Width ; CLOCK ; Rise       ; registros:inst11|inst15     ;
; 0.640  ; 0.856        ; 0.216          ; High Pulse Width ; CLOCK ; Rise       ; registros:inst11|inst16     ;
; 0.651  ; 0.867        ; 0.216          ; High Pulse Width ; CLOCK ; Rise       ; registros:inst11|inst       ;
; 0.651  ; 0.867        ; 0.216          ; High Pulse Width ; CLOCK ; Rise       ; registros:inst11|inst11     ;
; 0.651  ; 0.867        ; 0.216          ; High Pulse Width ; CLOCK ; Rise       ; registros:inst11|inst12     ;
; 0.651  ; 0.867        ; 0.216          ; High Pulse Width ; CLOCK ; Rise       ; registros:inst11|inst2      ;
; 0.702  ; 0.702        ; 0.000          ; High Pulse Width ; CLOCK ; Rise       ; inst6|inst22|clk            ;
; 0.702  ; 0.702        ; 0.000          ; High Pulse Width ; CLOCK ; Rise       ; inst6|inst23|clk            ;
; 0.702  ; 0.702        ; 0.000          ; High Pulse Width ; CLOCK ; Rise       ; inst6|inst24|clk            ;
; 0.848  ; 0.848        ; 0.000          ; High Pulse Width ; CLOCK ; Rise       ; inst11|inst17|clk           ;
; 0.848  ; 0.848        ; 0.000          ; High Pulse Width ; CLOCK ; Rise       ; inst11|inst1|clk            ;
; 0.848  ; 0.848        ; 0.000          ; High Pulse Width ; CLOCK ; Rise       ; inst11|inst5|clk            ;
; 0.848  ; 0.848        ; 0.000          ; High Pulse Width ; CLOCK ; Rise       ; inst11|inst6|clk            ;
; 0.861  ; 0.861        ; 0.000          ; High Pulse Width ; CLOCK ; Rise       ; CLOCK~inputclkctrl|inclk[0] ;
; 0.861  ; 0.861        ; 0.000          ; High Pulse Width ; CLOCK ; Rise       ; CLOCK~inputclkctrl|outclk   ;
; 0.862  ; 0.862        ; 0.000          ; High Pulse Width ; CLOCK ; Rise       ; inst11|inst13|clk           ;
; 0.862  ; 0.862        ; 0.000          ; High Pulse Width ; CLOCK ; Rise       ; inst11|inst14|clk           ;
; 0.862  ; 0.862        ; 0.000          ; High Pulse Width ; CLOCK ; Rise       ; inst11|inst15|clk           ;
; 0.862  ; 0.862        ; 0.000          ; High Pulse Width ; CLOCK ; Rise       ; inst11|inst16|clk           ;
; 0.873  ; 0.873        ; 0.000          ; High Pulse Width ; CLOCK ; Rise       ; inst11|inst11|clk           ;
; 0.873  ; 0.873        ; 0.000          ; High Pulse Width ; CLOCK ; Rise       ; inst11|inst12|clk           ;
; 0.873  ; 0.873        ; 0.000          ; High Pulse Width ; CLOCK ; Rise       ; inst11|inst2|clk            ;
; 0.873  ; 0.873        ; 0.000          ; High Pulse Width ; CLOCK ; Rise       ; inst11|inst|clk             ;
; 0.875  ; 0.875        ; 0.000          ; High Pulse Width ; CLOCK ; Rise       ; CLOCK~input|o               ;
+--------+--------------+----------------+------------------+-------+------------+-----------------------------+


+--------------------------------------------------------------------------------------------------------------+
; Fast 1200mV 0C Model Minimum Pulse Width: 'LOADF'                                                            ;
+--------+--------------+----------------+------------------+-------+------------+-----------------------------+
; Slack  ; Actual Width ; Required Width ; Type             ; Clock ; Clock Edge ; Target                      ;
+--------+--------------+----------------+------------------+-------+------------+-----------------------------+
; -3.000 ; 1.000        ; 4.000          ; Port Rate        ; LOADF ; Rise       ; LOADF                       ;
; -1.000 ; 1.000        ; 2.000          ; Min Period       ; LOADF ; Rise       ; registros:valorFinal|inst   ;
; -1.000 ; 1.000        ; 2.000          ; Min Period       ; LOADF ; Rise       ; registros:valorFinal|inst1  ;
; -1.000 ; 1.000        ; 2.000          ; Min Period       ; LOADF ; Rise       ; registros:valorFinal|inst11 ;
; -1.000 ; 1.000        ; 2.000          ; Min Period       ; LOADF ; Rise       ; registros:valorFinal|inst12 ;
; -1.000 ; 1.000        ; 2.000          ; Min Period       ; LOADF ; Rise       ; registros:valorFinal|inst13 ;
; -1.000 ; 1.000        ; 2.000          ; Min Period       ; LOADF ; Rise       ; registros:valorFinal|inst14 ;
; -1.000 ; 1.000        ; 2.000          ; Min Period       ; LOADF ; Rise       ; registros:valorFinal|inst15 ;
; -1.000 ; 1.000        ; 2.000          ; Min Period       ; LOADF ; Rise       ; registros:valorFinal|inst16 ;
; -1.000 ; 1.000        ; 2.000          ; Min Period       ; LOADF ; Rise       ; registros:valorFinal|inst17 ;
; -1.000 ; 1.000        ; 2.000          ; Min Period       ; LOADF ; Rise       ; registros:valorFinal|inst2  ;
; -1.000 ; 1.000        ; 2.000          ; Min Period       ; LOADF ; Rise       ; registros:valorFinal|inst5  ;
; -1.000 ; 1.000        ; 2.000          ; Min Period       ; LOADF ; Rise       ; registros:valorFinal|inst6  ;
; -0.227 ; -0.043       ; 0.184          ; Low Pulse Width  ; LOADF ; Rise       ; registros:valorFinal|inst   ;
; -0.227 ; -0.043       ; 0.184          ; Low Pulse Width  ; LOADF ; Rise       ; registros:valorFinal|inst1  ;
; -0.227 ; -0.043       ; 0.184          ; Low Pulse Width  ; LOADF ; Rise       ; registros:valorFinal|inst11 ;
; -0.227 ; -0.043       ; 0.184          ; Low Pulse Width  ; LOADF ; Rise       ; registros:valorFinal|inst12 ;
; -0.227 ; -0.043       ; 0.184          ; Low Pulse Width  ; LOADF ; Rise       ; registros:valorFinal|inst13 ;
; -0.227 ; -0.043       ; 0.184          ; Low Pulse Width  ; LOADF ; Rise       ; registros:valorFinal|inst14 ;
; -0.227 ; -0.043       ; 0.184          ; Low Pulse Width  ; LOADF ; Rise       ; registros:valorFinal|inst15 ;
; -0.227 ; -0.043       ; 0.184          ; Low Pulse Width  ; LOADF ; Rise       ; registros:valorFinal|inst16 ;
; -0.227 ; -0.043       ; 0.184          ; Low Pulse Width  ; LOADF ; Rise       ; registros:valorFinal|inst17 ;
; -0.227 ; -0.043       ; 0.184          ; Low Pulse Width  ; LOADF ; Rise       ; registros:valorFinal|inst2  ;
; -0.227 ; -0.043       ; 0.184          ; Low Pulse Width  ; LOADF ; Rise       ; registros:valorFinal|inst5  ;
; -0.227 ; -0.043       ; 0.184          ; Low Pulse Width  ; LOADF ; Rise       ; registros:valorFinal|inst6  ;
; -0.056 ; -0.056       ; 0.000          ; Low Pulse Width  ; LOADF ; Rise       ; inst8~clkctrl|inclk[0]      ;
; -0.056 ; -0.056       ; 0.000          ; Low Pulse Width  ; LOADF ; Rise       ; inst8~clkctrl|outclk        ;
; -0.047 ; -0.047       ; 0.000          ; Low Pulse Width  ; LOADF ; Rise       ; valorFinal|inst11|clk       ;
; -0.047 ; -0.047       ; 0.000          ; Low Pulse Width  ; LOADF ; Rise       ; valorFinal|inst12|clk       ;
; -0.047 ; -0.047       ; 0.000          ; Low Pulse Width  ; LOADF ; Rise       ; valorFinal|inst13|clk       ;
; -0.047 ; -0.047       ; 0.000          ; Low Pulse Width  ; LOADF ; Rise       ; valorFinal|inst14|clk       ;
; -0.047 ; -0.047       ; 0.000          ; Low Pulse Width  ; LOADF ; Rise       ; valorFinal|inst15|clk       ;
; -0.047 ; -0.047       ; 0.000          ; Low Pulse Width  ; LOADF ; Rise       ; valorFinal|inst16|clk       ;
; -0.047 ; -0.047       ; 0.000          ; Low Pulse Width  ; LOADF ; Rise       ; valorFinal|inst17|clk       ;
; -0.047 ; -0.047       ; 0.000          ; Low Pulse Width  ; LOADF ; Rise       ; valorFinal|inst1|clk        ;
; -0.047 ; -0.047       ; 0.000          ; Low Pulse Width  ; LOADF ; Rise       ; valorFinal|inst2|clk        ;
; -0.047 ; -0.047       ; 0.000          ; Low Pulse Width  ; LOADF ; Rise       ; valorFinal|inst5|clk        ;
; -0.047 ; -0.047       ; 0.000          ; Low Pulse Width  ; LOADF ; Rise       ; valorFinal|inst6|clk        ;
; -0.047 ; -0.047       ; 0.000          ; Low Pulse Width  ; LOADF ; Rise       ; valorFinal|inst|clk         ;
; 0.001  ; 0.001        ; 0.000          ; Low Pulse Width  ; LOADF ; Rise       ; inst8|datab                 ;
; 0.009  ; 0.009        ; 0.000          ; Low Pulse Width  ; LOADF ; Rise       ; inst8|combout               ;
; 0.125  ; 0.125        ; 0.000          ; Low Pulse Width  ; LOADF ; Rise       ; LOADF~input|o               ;
; 0.500  ; 0.500        ; 0.000          ; High Pulse Width ; LOADF ; Rise       ; LOADF~input|i               ;
; 0.500  ; 0.500        ; 0.000          ; Low Pulse Width  ; LOADF ; Rise       ; LOADF~input|i               ;
; 0.818  ; 1.034        ; 0.216          ; High Pulse Width ; LOADF ; Rise       ; registros:valorFinal|inst   ;
; 0.818  ; 1.034        ; 0.216          ; High Pulse Width ; LOADF ; Rise       ; registros:valorFinal|inst1  ;
; 0.818  ; 1.034        ; 0.216          ; High Pulse Width ; LOADF ; Rise       ; registros:valorFinal|inst11 ;
; 0.818  ; 1.034        ; 0.216          ; High Pulse Width ; LOADF ; Rise       ; registros:valorFinal|inst12 ;
; 0.818  ; 1.034        ; 0.216          ; High Pulse Width ; LOADF ; Rise       ; registros:valorFinal|inst13 ;
; 0.818  ; 1.034        ; 0.216          ; High Pulse Width ; LOADF ; Rise       ; registros:valorFinal|inst14 ;
; 0.818  ; 1.034        ; 0.216          ; High Pulse Width ; LOADF ; Rise       ; registros:valorFinal|inst15 ;
; 0.818  ; 1.034        ; 0.216          ; High Pulse Width ; LOADF ; Rise       ; registros:valorFinal|inst16 ;
; 0.818  ; 1.034        ; 0.216          ; High Pulse Width ; LOADF ; Rise       ; registros:valorFinal|inst17 ;
; 0.818  ; 1.034        ; 0.216          ; High Pulse Width ; LOADF ; Rise       ; registros:valorFinal|inst2  ;
; 0.818  ; 1.034        ; 0.216          ; High Pulse Width ; LOADF ; Rise       ; registros:valorFinal|inst5  ;
; 0.818  ; 1.034        ; 0.216          ; High Pulse Width ; LOADF ; Rise       ; registros:valorFinal|inst6  ;
; 0.875  ; 0.875        ; 0.000          ; High Pulse Width ; LOADF ; Rise       ; LOADF~input|o               ;
; 0.986  ; 0.986        ; 0.000          ; High Pulse Width ; LOADF ; Rise       ; inst8|combout               ;
; 0.994  ; 0.994        ; 0.000          ; High Pulse Width ; LOADF ; Rise       ; inst8|datab                 ;
; 1.040  ; 1.040        ; 0.000          ; High Pulse Width ; LOADF ; Rise       ; valorFinal|inst11|clk       ;
; 1.040  ; 1.040        ; 0.000          ; High Pulse Width ; LOADF ; Rise       ; valorFinal|inst12|clk       ;
; 1.040  ; 1.040        ; 0.000          ; High Pulse Width ; LOADF ; Rise       ; valorFinal|inst13|clk       ;
; 1.040  ; 1.040        ; 0.000          ; High Pulse Width ; LOADF ; Rise       ; valorFinal|inst14|clk       ;
; 1.040  ; 1.040        ; 0.000          ; High Pulse Width ; LOADF ; Rise       ; valorFinal|inst15|clk       ;
; 1.040  ; 1.040        ; 0.000          ; High Pulse Width ; LOADF ; Rise       ; valorFinal|inst16|clk       ;
; 1.040  ; 1.040        ; 0.000          ; High Pulse Width ; LOADF ; Rise       ; valorFinal|inst17|clk       ;
; 1.040  ; 1.040        ; 0.000          ; High Pulse Width ; LOADF ; Rise       ; valorFinal|inst1|clk        ;
; 1.040  ; 1.040        ; 0.000          ; High Pulse Width ; LOADF ; Rise       ; valorFinal|inst2|clk        ;
; 1.040  ; 1.040        ; 0.000          ; High Pulse Width ; LOADF ; Rise       ; valorFinal|inst5|clk        ;
; 1.040  ; 1.040        ; 0.000          ; High Pulse Width ; LOADF ; Rise       ; valorFinal|inst6|clk        ;
; 1.040  ; 1.040        ; 0.000          ; High Pulse Width ; LOADF ; Rise       ; valorFinal|inst|clk         ;
; 1.048  ; 1.048        ; 0.000          ; High Pulse Width ; LOADF ; Rise       ; inst8~clkctrl|inclk[0]      ;
; 1.048  ; 1.048        ; 0.000          ; High Pulse Width ; LOADF ; Rise       ; inst8~clkctrl|outclk        ;
+--------+--------------+----------------+------------------+-------+------------+-----------------------------+


+----------------------------------------------------------------------------------------------------------------+
; Fast 1200mV 0C Model Minimum Pulse Width: 'LOADI'                                                              ;
+--------+--------------+----------------+------------------+-------+------------+-------------------------------+
; Slack  ; Actual Width ; Required Width ; Type             ; Clock ; Clock Edge ; Target                        ;
+--------+--------------+----------------+------------------+-------+------------+-------------------------------+
; -3.000 ; 1.000        ; 4.000          ; Port Rate        ; LOADI ; Rise       ; LOADI                         ;
; -1.000 ; 1.000        ; 2.000          ; Min Period       ; LOADI ; Rise       ; registros:valorInicial|inst   ;
; -1.000 ; 1.000        ; 2.000          ; Min Period       ; LOADI ; Rise       ; registros:valorInicial|inst1  ;
; -1.000 ; 1.000        ; 2.000          ; Min Period       ; LOADI ; Rise       ; registros:valorInicial|inst11 ;
; -1.000 ; 1.000        ; 2.000          ; Min Period       ; LOADI ; Rise       ; registros:valorInicial|inst12 ;
; -1.000 ; 1.000        ; 2.000          ; Min Period       ; LOADI ; Rise       ; registros:valorInicial|inst13 ;
; -1.000 ; 1.000        ; 2.000          ; Min Period       ; LOADI ; Rise       ; registros:valorInicial|inst14 ;
; -1.000 ; 1.000        ; 2.000          ; Min Period       ; LOADI ; Rise       ; registros:valorInicial|inst15 ;
; -1.000 ; 1.000        ; 2.000          ; Min Period       ; LOADI ; Rise       ; registros:valorInicial|inst16 ;
; -1.000 ; 1.000        ; 2.000          ; Min Period       ; LOADI ; Rise       ; registros:valorInicial|inst17 ;
; -1.000 ; 1.000        ; 2.000          ; Min Period       ; LOADI ; Rise       ; registros:valorInicial|inst2  ;
; -1.000 ; 1.000        ; 2.000          ; Min Period       ; LOADI ; Rise       ; registros:valorInicial|inst5  ;
; -1.000 ; 1.000        ; 2.000          ; Min Period       ; LOADI ; Rise       ; registros:valorInicial|inst6  ;
; -0.166 ; 0.018        ; 0.184          ; Low Pulse Width  ; LOADI ; Rise       ; registros:valorInicial|inst   ;
; -0.166 ; 0.018        ; 0.184          ; Low Pulse Width  ; LOADI ; Rise       ; registros:valorInicial|inst1  ;
; -0.166 ; 0.018        ; 0.184          ; Low Pulse Width  ; LOADI ; Rise       ; registros:valorInicial|inst11 ;
; -0.166 ; 0.018        ; 0.184          ; Low Pulse Width  ; LOADI ; Rise       ; registros:valorInicial|inst12 ;
; -0.166 ; 0.018        ; 0.184          ; Low Pulse Width  ; LOADI ; Rise       ; registros:valorInicial|inst13 ;
; -0.166 ; 0.018        ; 0.184          ; Low Pulse Width  ; LOADI ; Rise       ; registros:valorInicial|inst14 ;
; -0.166 ; 0.018        ; 0.184          ; Low Pulse Width  ; LOADI ; Rise       ; registros:valorInicial|inst15 ;
; -0.166 ; 0.018        ; 0.184          ; Low Pulse Width  ; LOADI ; Rise       ; registros:valorInicial|inst16 ;
; -0.166 ; 0.018        ; 0.184          ; Low Pulse Width  ; LOADI ; Rise       ; registros:valorInicial|inst17 ;
; -0.166 ; 0.018        ; 0.184          ; Low Pulse Width  ; LOADI ; Rise       ; registros:valorInicial|inst2  ;
; -0.166 ; 0.018        ; 0.184          ; Low Pulse Width  ; LOADI ; Rise       ; registros:valorInicial|inst5  ;
; -0.166 ; 0.018        ; 0.184          ; Low Pulse Width  ; LOADI ; Rise       ; registros:valorInicial|inst6  ;
; -0.003 ; -0.003       ; 0.000          ; Low Pulse Width  ; LOADI ; Rise       ; inst11s~clkctrl|inclk[0]      ;
; -0.003 ; -0.003       ; 0.000          ; Low Pulse Width  ; LOADI ; Rise       ; inst11s~clkctrl|outclk        ;
; 0.014  ; 0.014        ; 0.000          ; Low Pulse Width  ; LOADI ; Rise       ; valorInicial|inst11|clk       ;
; 0.014  ; 0.014        ; 0.000          ; Low Pulse Width  ; LOADI ; Rise       ; valorInicial|inst12|clk       ;
; 0.014  ; 0.014        ; 0.000          ; Low Pulse Width  ; LOADI ; Rise       ; valorInicial|inst13|clk       ;
; 0.014  ; 0.014        ; 0.000          ; Low Pulse Width  ; LOADI ; Rise       ; valorInicial|inst14|clk       ;
; 0.014  ; 0.014        ; 0.000          ; Low Pulse Width  ; LOADI ; Rise       ; valorInicial|inst15|clk       ;
; 0.014  ; 0.014        ; 0.000          ; Low Pulse Width  ; LOADI ; Rise       ; valorInicial|inst16|clk       ;
; 0.014  ; 0.014        ; 0.000          ; Low Pulse Width  ; LOADI ; Rise       ; valorInicial|inst17|clk       ;
; 0.014  ; 0.014        ; 0.000          ; Low Pulse Width  ; LOADI ; Rise       ; valorInicial|inst1|clk        ;
; 0.014  ; 0.014        ; 0.000          ; Low Pulse Width  ; LOADI ; Rise       ; valorInicial|inst2|clk        ;
; 0.014  ; 0.014        ; 0.000          ; Low Pulse Width  ; LOADI ; Rise       ; valorInicial|inst5|clk        ;
; 0.014  ; 0.014        ; 0.000          ; Low Pulse Width  ; LOADI ; Rise       ; valorInicial|inst6|clk        ;
; 0.014  ; 0.014        ; 0.000          ; Low Pulse Width  ; LOADI ; Rise       ; valorInicial|inst|clk         ;
; 0.058  ; 0.058        ; 0.000          ; Low Pulse Width  ; LOADI ; Rise       ; inst11s|datab                 ;
; 0.062  ; 0.062        ; 0.000          ; Low Pulse Width  ; LOADI ; Rise       ; inst11s|combout               ;
; 0.125  ; 0.125        ; 0.000          ; Low Pulse Width  ; LOADI ; Rise       ; LOADI~input|o                 ;
; 0.500  ; 0.500        ; 0.000          ; High Pulse Width ; LOADI ; Rise       ; LOADI~input|i                 ;
; 0.500  ; 0.500        ; 0.000          ; Low Pulse Width  ; LOADI ; Rise       ; LOADI~input|i                 ;
; 0.761  ; 0.977        ; 0.216          ; High Pulse Width ; LOADI ; Rise       ; registros:valorInicial|inst   ;
; 0.761  ; 0.977        ; 0.216          ; High Pulse Width ; LOADI ; Rise       ; registros:valorInicial|inst1  ;
; 0.761  ; 0.977        ; 0.216          ; High Pulse Width ; LOADI ; Rise       ; registros:valorInicial|inst11 ;
; 0.761  ; 0.977        ; 0.216          ; High Pulse Width ; LOADI ; Rise       ; registros:valorInicial|inst12 ;
; 0.761  ; 0.977        ; 0.216          ; High Pulse Width ; LOADI ; Rise       ; registros:valorInicial|inst13 ;
; 0.761  ; 0.977        ; 0.216          ; High Pulse Width ; LOADI ; Rise       ; registros:valorInicial|inst14 ;
; 0.761  ; 0.977        ; 0.216          ; High Pulse Width ; LOADI ; Rise       ; registros:valorInicial|inst15 ;
; 0.761  ; 0.977        ; 0.216          ; High Pulse Width ; LOADI ; Rise       ; registros:valorInicial|inst16 ;
; 0.761  ; 0.977        ; 0.216          ; High Pulse Width ; LOADI ; Rise       ; registros:valorInicial|inst17 ;
; 0.761  ; 0.977        ; 0.216          ; High Pulse Width ; LOADI ; Rise       ; registros:valorInicial|inst2  ;
; 0.761  ; 0.977        ; 0.216          ; High Pulse Width ; LOADI ; Rise       ; registros:valorInicial|inst5  ;
; 0.761  ; 0.977        ; 0.216          ; High Pulse Width ; LOADI ; Rise       ; registros:valorInicial|inst6  ;
; 0.875  ; 0.875        ; 0.000          ; High Pulse Width ; LOADI ; Rise       ; LOADI~input|o                 ;
; 0.936  ; 0.936        ; 0.000          ; High Pulse Width ; LOADI ; Rise       ; inst11s|combout               ;
; 0.940  ; 0.940        ; 0.000          ; High Pulse Width ; LOADI ; Rise       ; inst11s|datab                 ;
; 0.983  ; 0.983        ; 0.000          ; High Pulse Width ; LOADI ; Rise       ; valorInicial|inst11|clk       ;
; 0.983  ; 0.983        ; 0.000          ; High Pulse Width ; LOADI ; Rise       ; valorInicial|inst12|clk       ;
; 0.983  ; 0.983        ; 0.000          ; High Pulse Width ; LOADI ; Rise       ; valorInicial|inst13|clk       ;
; 0.983  ; 0.983        ; 0.000          ; High Pulse Width ; LOADI ; Rise       ; valorInicial|inst14|clk       ;
; 0.983  ; 0.983        ; 0.000          ; High Pulse Width ; LOADI ; Rise       ; valorInicial|inst15|clk       ;
; 0.983  ; 0.983        ; 0.000          ; High Pulse Width ; LOADI ; Rise       ; valorInicial|inst16|clk       ;
; 0.983  ; 0.983        ; 0.000          ; High Pulse Width ; LOADI ; Rise       ; valorInicial|inst17|clk       ;
; 0.983  ; 0.983        ; 0.000          ; High Pulse Width ; LOADI ; Rise       ; valorInicial|inst1|clk        ;
; 0.983  ; 0.983        ; 0.000          ; High Pulse Width ; LOADI ; Rise       ; valorInicial|inst2|clk        ;
; 0.983  ; 0.983        ; 0.000          ; High Pulse Width ; LOADI ; Rise       ; valorInicial|inst5|clk        ;
; 0.983  ; 0.983        ; 0.000          ; High Pulse Width ; LOADI ; Rise       ; valorInicial|inst6|clk        ;
; 0.983  ; 0.983        ; 0.000          ; High Pulse Width ; LOADI ; Rise       ; valorInicial|inst|clk         ;
; 0.999  ; 0.999        ; 0.000          ; High Pulse Width ; LOADI ; Rise       ; inst11s~clkctrl|inclk[0]      ;
; 0.999  ; 0.999        ; 0.000          ; High Pulse Width ; LOADI ; Rise       ; inst11s~clkctrl|outclk        ;
+--------+--------------+----------------+------------------+-------+------------+-------------------------------+


+-------------------------------------------------------------------------+
; Setup Times                                                             ;
+-----------+------------+--------+--------+------------+-----------------+
; Data Port ; Clock Port ; Rise   ; Fall   ; Clock Edge ; Clock Reference ;
+-----------+------------+--------+--------+------------+-----------------+
; CONTINUAR ; CLOCK      ; 1.819  ; 2.559  ; Rise       ; CLOCK           ;
; LOADF     ; CLOCK      ; 0.241  ; 0.692  ; Rise       ; CLOCK           ;
; LOADI     ; CLOCK      ; 0.116  ; 0.704  ; Rise       ; CLOCK           ;
; RECARGAR  ; CLOCK      ; 0.769  ; 1.388  ; Rise       ; CLOCK           ;
; START     ; CLOCK      ; 0.898  ; 1.543  ; Rise       ; CLOCK           ;
; UP_DOWN   ; CLOCK      ; 2.626  ; 3.352  ; Rise       ; CLOCK           ;
; b0        ; CLOCK      ; 2.790  ; 3.428  ; Rise       ; CLOCK           ;
; b1        ; CLOCK      ; 2.746  ; 3.342  ; Rise       ; CLOCK           ;
; b2        ; CLOCK      ; 2.811  ; 3.498  ; Rise       ; CLOCK           ;
; DATA[*]   ; LOADF      ; -0.621 ; -0.005 ; Rise       ; LOADF           ;
;  DATA[0]  ; LOADF      ; -0.811 ; -0.204 ; Rise       ; LOADF           ;
;  DATA[1]  ; LOADF      ; -0.965 ; -0.379 ; Rise       ; LOADF           ;
;  DATA[2]  ; LOADF      ; -0.654 ; -0.063 ; Rise       ; LOADF           ;
;  DATA[3]  ; LOADF      ; -0.631 ; -0.029 ; Rise       ; LOADF           ;
;  DATA[4]  ; LOADF      ; -0.752 ; -0.155 ; Rise       ; LOADF           ;
;  DATA[5]  ; LOADF      ; -0.757 ; -0.183 ; Rise       ; LOADF           ;
;  DATA[6]  ; LOADF      ; -0.645 ; -0.017 ; Rise       ; LOADF           ;
;  DATA[7]  ; LOADF      ; -0.739 ; -0.142 ; Rise       ; LOADF           ;
;  DATA[8]  ; LOADF      ; -0.621 ; -0.005 ; Rise       ; LOADF           ;
;  DATA[9]  ; LOADF      ; -0.701 ; -0.097 ; Rise       ; LOADF           ;
;  DATA[10] ; LOADF      ; -0.621 ; -0.010 ; Rise       ; LOADF           ;
;  DATA[11] ; LOADF      ; -0.636 ; -0.012 ; Rise       ; LOADF           ;
; DATA[*]   ; LOADI      ; -0.262 ; 0.369  ; Rise       ; LOADI           ;
;  DATA[0]  ; LOADI      ; -0.597 ; -0.029 ; Rise       ; LOADI           ;
;  DATA[1]  ; LOADI      ; -0.592 ; -0.017 ; Rise       ; LOADI           ;
;  DATA[2]  ; LOADI      ; -0.526 ; 0.066  ; Rise       ; LOADI           ;
;  DATA[3]  ; LOADI      ; -0.318 ; 0.288  ; Rise       ; LOADI           ;
;  DATA[4]  ; LOADI      ; -0.488 ; 0.108  ; Rise       ; LOADI           ;
;  DATA[5]  ; LOADI      ; -0.377 ; 0.252  ; Rise       ; LOADI           ;
;  DATA[6]  ; LOADI      ; -0.416 ; 0.159  ; Rise       ; LOADI           ;
;  DATA[7]  ; LOADI      ; -0.424 ; 0.163  ; Rise       ; LOADI           ;
;  DATA[8]  ; LOADI      ; -0.361 ; 0.255  ; Rise       ; LOADI           ;
;  DATA[9]  ; LOADI      ; -0.570 ; 0.029  ; Rise       ; LOADI           ;
;  DATA[10] ; LOADI      ; -0.463 ; 0.140  ; Rise       ; LOADI           ;
;  DATA[11] ; LOADI      ; -0.262 ; 0.369  ; Rise       ; LOADI           ;
+-----------+------------+--------+--------+------------+-----------------+


+-------------------------------------------------------------------------+
; Hold Times                                                              ;
+-----------+------------+--------+--------+------------+-----------------+
; Data Port ; Clock Port ; Rise   ; Fall   ; Clock Edge ; Clock Reference ;
+-----------+------------+--------+--------+------------+-----------------+
; CONTINUAR ; CLOCK      ; -1.143 ; -1.814 ; Rise       ; CLOCK           ;
; LOADF     ; CLOCK      ; 0.110  ; -0.410 ; Rise       ; CLOCK           ;
; LOADI     ; CLOCK      ; 0.123  ; -0.431 ; Rise       ; CLOCK           ;
; RECARGAR  ; CLOCK      ; -0.412 ; -1.016 ; Rise       ; CLOCK           ;
; START     ; CLOCK      ; -0.634 ; -1.261 ; Rise       ; CLOCK           ;
; UP_DOWN   ; CLOCK      ; -0.648 ; -1.245 ; Rise       ; CLOCK           ;
; b0        ; CLOCK      ; -1.119 ; -1.727 ; Rise       ; CLOCK           ;
; b1        ; CLOCK      ; -1.600 ; -2.230 ; Rise       ; CLOCK           ;
; b2        ; CLOCK      ; -1.567 ; -2.214 ; Rise       ; CLOCK           ;
; DATA[*]   ; LOADF      ; 1.266  ; 0.694  ; Rise       ; LOADF           ;
;  DATA[0]  ; LOADF      ; 1.118  ; 0.526  ; Rise       ; LOADF           ;
;  DATA[1]  ; LOADF      ; 1.266  ; 0.694  ; Rise       ; LOADF           ;
;  DATA[2]  ; LOADF      ; 0.961  ; 0.378  ; Rise       ; LOADF           ;
;  DATA[3]  ; LOADF      ; 0.938  ; 0.345  ; Rise       ; LOADF           ;
;  DATA[4]  ; LOADF      ; 1.055  ; 0.468  ; Rise       ; LOADF           ;
;  DATA[5]  ; LOADF      ; 1.059  ; 0.493  ; Rise       ; LOADF           ;
;  DATA[6]  ; LOADF      ; 0.953  ; 0.335  ; Rise       ; LOADF           ;
;  DATA[7]  ; LOADF      ; 1.042  ; 0.452  ; Rise       ; LOADF           ;
;  DATA[8]  ; LOADF      ; 0.930  ; 0.323  ; Rise       ; LOADF           ;
;  DATA[9]  ; LOADF      ; 1.007  ; 0.411  ; Rise       ; LOADF           ;
;  DATA[10] ; LOADF      ; 0.928  ; 0.326  ; Rise       ; LOADF           ;
;  DATA[11] ; LOADF      ; 0.945  ; 0.330  ; Rise       ; LOADF           ;
; DATA[*]   ; LOADI      ; 0.887  ; 0.326  ; Rise       ; LOADI           ;
;  DATA[0]  ; LOADI      ; 0.887  ; 0.326  ; Rise       ; LOADI           ;
;  DATA[1]  ; LOADI      ; 0.883  ; 0.315  ; Rise       ; LOADI           ;
;  DATA[2]  ; LOADI      ; 0.818  ; 0.234  ; Rise       ; LOADI           ;
;  DATA[3]  ; LOADI      ; 0.617  ; 0.019  ; Rise       ; LOADI           ;
;  DATA[4]  ; LOADI      ; 0.781  ; 0.194  ; Rise       ; LOADI           ;
;  DATA[5]  ; LOADI      ; 0.673  ; 0.054  ; Rise       ; LOADI           ;
;  DATA[6]  ; LOADI      ; 0.712  ; 0.144  ; Rise       ; LOADI           ;
;  DATA[7]  ; LOADI      ; 0.718  ; 0.140  ; Rise       ; LOADI           ;
;  DATA[8]  ; LOADI      ; 0.660  ; 0.053  ; Rise       ; LOADI           ;
;  DATA[9]  ; LOADI      ; 0.860  ; 0.269  ; Rise       ; LOADI           ;
;  DATA[10] ; LOADI      ; 0.757  ; 0.162  ; Rise       ; LOADI           ;
;  DATA[11] ; LOADI      ; 0.565  ; -0.056 ; Rise       ; LOADI           ;
+-----------+------------+--------+--------+------------+-----------------+


+---------------------------------------------------------------------------------+
; Clock to Output Times                                                           ;
+---------------------+------------+-------+-------+------------+-----------------+
; Data Port           ; Clock Port ; Rise  ; Fall  ; Clock Edge ; Clock Reference ;
+---------------------+------------+-------+-------+------------+-----------------+
; CYOUT               ; CLOCK      ; 5.647 ; 5.860 ; Rise       ; CLOCK           ;
; DATA[*]             ; CLOCK      ; 4.455 ; 4.601 ; Rise       ; CLOCK           ;
;  DATA[0]            ; CLOCK      ; 3.711 ; 3.767 ; Rise       ; CLOCK           ;
;  DATA[1]            ; CLOCK      ; 4.435 ; 4.515 ; Rise       ; CLOCK           ;
;  DATA[2]            ; CLOCK      ; 3.966 ; 4.060 ; Rise       ; CLOCK           ;
;  DATA[3]            ; CLOCK      ; 4.338 ; 4.465 ; Rise       ; CLOCK           ;
;  DATA[4]            ; CLOCK      ; 3.869 ; 3.890 ; Rise       ; CLOCK           ;
;  DATA[5]            ; CLOCK      ; 3.872 ; 3.930 ; Rise       ; CLOCK           ;
;  DATA[6]            ; CLOCK      ; 3.827 ; 3.881 ; Rise       ; CLOCK           ;
;  DATA[7]            ; CLOCK      ; 3.871 ; 3.928 ; Rise       ; CLOCK           ;
;  DATA[8]            ; CLOCK      ; 4.274 ; 4.394 ; Rise       ; CLOCK           ;
;  DATA[9]            ; CLOCK      ; 3.954 ; 4.023 ; Rise       ; CLOCK           ;
;  DATA[10]           ; CLOCK      ; 4.455 ; 4.601 ; Rise       ; CLOCK           ;
;  DATA[11]           ; CLOCK      ; 4.417 ; 4.575 ; Rise       ; CLOCK           ;
; ERROR               ; CLOCK      ; 5.271 ; 5.352 ; Rise       ; CLOCK           ;
; FIN                 ; CLOCK      ; 6.790 ; 7.144 ; Rise       ; CLOCK           ;
; Q0                  ; CLOCK      ; 4.794 ; 4.876 ; Rise       ; CLOCK           ;
; Q1                  ; CLOCK      ; 4.675 ; 4.744 ; Rise       ; CLOCK           ;
; Q2                  ; CLOCK      ; 4.554 ; 4.674 ; Rise       ; CLOCK           ;
; postRegSumador[*]   ; CLOCK      ; 4.657 ; 4.828 ; Rise       ; CLOCK           ;
;  postRegSumador[0]  ; CLOCK      ; 4.336 ; 4.478 ; Rise       ; CLOCK           ;
;  postRegSumador[1]  ; CLOCK      ; 4.011 ; 4.132 ; Rise       ; CLOCK           ;
;  postRegSumador[2]  ; CLOCK      ; 4.112 ; 4.234 ; Rise       ; CLOCK           ;
;  postRegSumador[3]  ; CLOCK      ; 4.268 ; 4.374 ; Rise       ; CLOCK           ;
;  postRegSumador[4]  ; CLOCK      ; 3.859 ; 3.880 ; Rise       ; CLOCK           ;
;  postRegSumador[5]  ; CLOCK      ; 4.186 ; 4.306 ; Rise       ; CLOCK           ;
;  postRegSumador[6]  ; CLOCK      ; 4.009 ; 4.069 ; Rise       ; CLOCK           ;
;  postRegSumador[7]  ; CLOCK      ; 4.176 ; 4.287 ; Rise       ; CLOCK           ;
;  postRegSumador[8]  ; CLOCK      ; 4.632 ; 4.828 ; Rise       ; CLOCK           ;
;  postRegSumador[9]  ; CLOCK      ; 3.787 ; 3.826 ; Rise       ; CLOCK           ;
;  postRegSumador[10] ; CLOCK      ; 4.448 ; 4.600 ; Rise       ; CLOCK           ;
;  postRegSumador[11] ; CLOCK      ; 4.657 ; 4.821 ; Rise       ; CLOCK           ;
; postmux[*]          ; CLOCK      ; 6.759 ; 6.981 ; Rise       ; CLOCK           ;
;  postmux[0]         ; CLOCK      ; 5.713 ; 5.838 ; Rise       ; CLOCK           ;
;  postmux[1]         ; CLOCK      ; 5.489 ; 5.532 ; Rise       ; CLOCK           ;
;  postmux[2]         ; CLOCK      ; 5.648 ; 5.695 ; Rise       ; CLOCK           ;
;  postmux[3]         ; CLOCK      ; 5.825 ; 5.943 ; Rise       ; CLOCK           ;
;  postmux[4]         ; CLOCK      ; 6.759 ; 6.981 ; Rise       ; CLOCK           ;
;  postmux[5]         ; CLOCK      ; 5.841 ; 5.924 ; Rise       ; CLOCK           ;
;  postmux[6]         ; CLOCK      ; 4.992 ; 5.042 ; Rise       ; CLOCK           ;
;  postmux[7]         ; CLOCK      ; 5.882 ; 5.950 ; Rise       ; CLOCK           ;
;  postmux[8]         ; CLOCK      ; 5.912 ; 5.967 ; Rise       ; CLOCK           ;
;  postmux[9]         ; CLOCK      ; 5.854 ; 5.914 ; Rise       ; CLOCK           ;
;  postmux[10]        ; CLOCK      ; 6.202 ; 6.300 ; Rise       ; CLOCK           ;
;  postmux[11]        ; CLOCK      ; 6.209 ; 6.288 ; Rise       ; CLOCK           ;
; ERROR               ; LOADF      ; 7.675 ; 7.743 ; Rise       ; LOADF           ;
; FIN                 ; LOADF      ; 8.221 ; 8.570 ; Rise       ; LOADF           ;
; salidaFinal[*]      ; LOADF      ; 6.379 ; 6.531 ; Rise       ; LOADF           ;
;  salidaFinal[0]     ; LOADF      ; 5.724 ; 5.738 ; Rise       ; LOADF           ;
;  salidaFinal[1]     ; LOADF      ; 5.803 ; 5.877 ; Rise       ; LOADF           ;
;  salidaFinal[2]     ; LOADF      ; 5.947 ; 5.997 ; Rise       ; LOADF           ;
;  salidaFinal[3]     ; LOADF      ; 5.648 ; 5.720 ; Rise       ; LOADF           ;
;  salidaFinal[4]     ; LOADF      ; 5.728 ; 5.756 ; Rise       ; LOADF           ;
;  salidaFinal[5]     ; LOADF      ; 6.039 ; 6.154 ; Rise       ; LOADF           ;
;  salidaFinal[6]     ; LOADF      ; 5.948 ; 6.065 ; Rise       ; LOADF           ;
;  salidaFinal[7]     ; LOADF      ; 5.896 ; 5.948 ; Rise       ; LOADF           ;
;  salidaFinal[8]     ; LOADF      ; 6.379 ; 6.473 ; Rise       ; LOADF           ;
;  salidaFinal[9]     ; LOADF      ; 6.000 ; 6.062 ; Rise       ; LOADF           ;
;  salidaFinal[10]    ; LOADF      ; 6.346 ; 6.452 ; Rise       ; LOADF           ;
;  salidaFinal[11]    ; LOADF      ; 6.353 ; 6.531 ; Rise       ; LOADF           ;
; ERROR               ; LOADI      ; 7.158 ; 7.219 ; Rise       ; LOADI           ;
; postmux[*]          ; LOADI      ; 7.312 ; 7.602 ; Rise       ; LOADI           ;
;  postmux[0]         ; LOADI      ; 6.429 ; 6.633 ; Rise       ; LOADI           ;
;  postmux[1]         ; LOADI      ; 6.111 ; 6.222 ; Rise       ; LOADI           ;
;  postmux[2]         ; LOADI      ; 6.493 ; 6.626 ; Rise       ; LOADI           ;
;  postmux[3]         ; LOADI      ; 6.245 ; 6.432 ; Rise       ; LOADI           ;
;  postmux[4]         ; LOADI      ; 7.312 ; 7.602 ; Rise       ; LOADI           ;
;  postmux[5]         ; LOADI      ; 6.588 ; 6.734 ; Rise       ; LOADI           ;
;  postmux[6]         ; LOADI      ; 5.882 ; 5.993 ; Rise       ; LOADI           ;
;  postmux[7]         ; LOADI      ; 6.549 ; 6.692 ; Rise       ; LOADI           ;
;  postmux[8]         ; LOADI      ; 6.798 ; 6.989 ; Rise       ; LOADI           ;
;  postmux[9]         ; LOADI      ; 6.413 ; 6.547 ; Rise       ; LOADI           ;
;  postmux[10]        ; LOADI      ; 6.945 ; 7.144 ; Rise       ; LOADI           ;
;  postmux[11]        ; LOADI      ; 6.573 ; 6.720 ; Rise       ; LOADI           ;
; salidaInicial[*]    ; LOADI      ; 6.528 ; 6.752 ; Rise       ; LOADI           ;
;  salidaInicial[0]   ; LOADI      ; 6.020 ; 6.169 ; Rise       ; LOADI           ;
;  salidaInicial[1]   ; LOADI      ; 5.656 ; 5.765 ; Rise       ; LOADI           ;
;  salidaInicial[2]   ; LOADI      ; 6.363 ; 6.562 ; Rise       ; LOADI           ;
;  salidaInicial[3]   ; LOADI      ; 5.497 ; 5.512 ; Rise       ; LOADI           ;
;  salidaInicial[4]   ; LOADI      ; 5.736 ; 5.876 ; Rise       ; LOADI           ;
;  salidaInicial[5]   ; LOADI      ; 5.711 ; 5.766 ; Rise       ; LOADI           ;
;  salidaInicial[6]   ; LOADI      ; 6.031 ; 6.184 ; Rise       ; LOADI           ;
;  salidaInicial[7]   ; LOADI      ; 6.059 ; 6.219 ; Rise       ; LOADI           ;
;  salidaInicial[8]   ; LOADI      ; 6.528 ; 6.752 ; Rise       ; LOADI           ;
;  salidaInicial[9]   ; LOADI      ; 6.439 ; 6.588 ; Rise       ; LOADI           ;
;  salidaInicial[10]  ; LOADI      ; 5.706 ; 5.754 ; Rise       ; LOADI           ;
;  salidaInicial[11]  ; LOADI      ; 6.342 ; 6.480 ; Rise       ; LOADI           ;
+---------------------+------------+-------+-------+------------+-----------------+


+---------------------------------------------------------------------------------+
; Minimum Clock to Output Times                                                   ;
+---------------------+------------+-------+-------+------------+-----------------+
; Data Port           ; Clock Port ; Rise  ; Fall  ; Clock Edge ; Clock Reference ;
+---------------------+------------+-------+-------+------------+-----------------+
; CYOUT               ; CLOCK      ; 4.165 ; 4.195 ; Rise       ; CLOCK           ;
; DATA[*]             ; CLOCK      ; 3.584 ; 3.636 ; Rise       ; CLOCK           ;
;  DATA[0]            ; CLOCK      ; 3.584 ; 3.636 ; Rise       ; CLOCK           ;
;  DATA[1]            ; CLOCK      ; 4.304 ; 4.381 ; Rise       ; CLOCK           ;
;  DATA[2]            ; CLOCK      ; 3.832 ; 3.922 ; Rise       ; CLOCK           ;
;  DATA[3]            ; CLOCK      ; 4.190 ; 4.311 ; Rise       ; CLOCK           ;
;  DATA[4]            ; CLOCK      ; 3.740 ; 3.758 ; Rise       ; CLOCK           ;
;  DATA[5]            ; CLOCK      ; 3.743 ; 3.798 ; Rise       ; CLOCK           ;
;  DATA[6]            ; CLOCK      ; 3.699 ; 3.750 ; Rise       ; CLOCK           ;
;  DATA[7]            ; CLOCK      ; 3.742 ; 3.797 ; Rise       ; CLOCK           ;
;  DATA[8]            ; CLOCK      ; 4.127 ; 4.243 ; Rise       ; CLOCK           ;
;  DATA[9]            ; CLOCK      ; 3.820 ; 3.886 ; Rise       ; CLOCK           ;
;  DATA[10]           ; CLOCK      ; 4.303 ; 4.442 ; Rise       ; CLOCK           ;
;  DATA[11]           ; CLOCK      ; 4.264 ; 4.415 ; Rise       ; CLOCK           ;
; ERROR               ; CLOCK      ; 4.818 ; 4.865 ; Rise       ; CLOCK           ;
; FIN                 ; CLOCK      ; 5.635 ; 5.864 ; Rise       ; CLOCK           ;
; Q0                  ; CLOCK      ; 4.629 ; 4.707 ; Rise       ; CLOCK           ;
; Q1                  ; CLOCK      ; 4.515 ; 4.579 ; Rise       ; CLOCK           ;
; Q2                  ; CLOCK      ; 4.398 ; 4.512 ; Rise       ; CLOCK           ;
; postRegSumador[*]   ; CLOCK      ; 3.659 ; 3.695 ; Rise       ; CLOCK           ;
;  postRegSumador[0]  ; CLOCK      ; 4.187 ; 4.323 ; Rise       ; CLOCK           ;
;  postRegSumador[1]  ; CLOCK      ; 3.875 ; 3.991 ; Rise       ; CLOCK           ;
;  postRegSumador[2]  ; CLOCK      ; 3.971 ; 4.088 ; Rise       ; CLOCK           ;
;  postRegSumador[3]  ; CLOCK      ; 4.123 ; 4.224 ; Rise       ; CLOCK           ;
;  postRegSumador[4]  ; CLOCK      ; 3.730 ; 3.748 ; Rise       ; CLOCK           ;
;  postRegSumador[5]  ; CLOCK      ; 4.042 ; 4.157 ; Rise       ; CLOCK           ;
;  postRegSumador[6]  ; CLOCK      ; 3.872 ; 3.928 ; Rise       ; CLOCK           ;
;  postRegSumador[7]  ; CLOCK      ; 4.034 ; 4.140 ; Rise       ; CLOCK           ;
;  postRegSumador[8]  ; CLOCK      ; 4.471 ; 4.659 ; Rise       ; CLOCK           ;
;  postRegSumador[9]  ; CLOCK      ; 3.659 ; 3.695 ; Rise       ; CLOCK           ;
;  postRegSumador[10] ; CLOCK      ; 4.295 ; 4.440 ; Rise       ; CLOCK           ;
;  postRegSumador[11] ; CLOCK      ; 4.496 ; 4.653 ; Rise       ; CLOCK           ;
; postmux[*]          ; CLOCK      ; 4.152 ; 4.199 ; Rise       ; CLOCK           ;
;  postmux[0]         ; CLOCK      ; 4.450 ; 4.576 ; Rise       ; CLOCK           ;
;  postmux[1]         ; CLOCK      ; 4.709 ; 4.820 ; Rise       ; CLOCK           ;
;  postmux[2]         ; CLOCK      ; 4.518 ; 4.593 ; Rise       ; CLOCK           ;
;  postmux[3]         ; CLOCK      ; 4.642 ; 4.767 ; Rise       ; CLOCK           ;
;  postmux[4]         ; CLOCK      ; 5.733 ; 5.978 ; Rise       ; CLOCK           ;
;  postmux[5]         ; CLOCK      ; 5.041 ; 5.136 ; Rise       ; CLOCK           ;
;  postmux[6]         ; CLOCK      ; 4.152 ; 4.199 ; Rise       ; CLOCK           ;
;  postmux[7]         ; CLOCK      ; 4.895 ; 4.981 ; Rise       ; CLOCK           ;
;  postmux[8]         ; CLOCK      ; 4.697 ; 4.792 ; Rise       ; CLOCK           ;
;  postmux[9]         ; CLOCK      ; 4.875 ; 4.947 ; Rise       ; CLOCK           ;
;  postmux[10]        ; CLOCK      ; 5.216 ; 5.325 ; Rise       ; CLOCK           ;
;  postmux[11]        ; CLOCK      ; 4.872 ; 4.958 ; Rise       ; CLOCK           ;
; ERROR               ; LOADF      ; 6.579 ; 6.637 ; Rise       ; LOADF           ;
; FIN                 ; LOADF      ; 7.104 ; 7.340 ; Rise       ; LOADF           ;
; salidaFinal[*]      ; LOADF      ; 5.445 ; 5.513 ; Rise       ; LOADF           ;
;  salidaFinal[0]     ; LOADF      ; 5.519 ; 5.532 ; Rise       ; LOADF           ;
;  salidaFinal[1]     ; LOADF      ; 5.588 ; 5.659 ; Rise       ; LOADF           ;
;  salidaFinal[2]     ; LOADF      ; 5.733 ; 5.779 ; Rise       ; LOADF           ;
;  salidaFinal[3]     ; LOADF      ; 5.445 ; 5.513 ; Rise       ; LOADF           ;
;  salidaFinal[4]     ; LOADF      ; 5.523 ; 5.547 ; Rise       ; LOADF           ;
;  salidaFinal[5]     ; LOADF      ; 5.821 ; 5.931 ; Rise       ; LOADF           ;
;  salidaFinal[6]     ; LOADF      ; 5.732 ; 5.844 ; Rise       ; LOADF           ;
;  salidaFinal[7]     ; LOADF      ; 5.685 ; 5.733 ; Rise       ; LOADF           ;
;  salidaFinal[8]     ; LOADF      ; 6.166 ; 6.256 ; Rise       ; LOADF           ;
;  salidaFinal[9]     ; LOADF      ; 5.784 ; 5.841 ; Rise       ; LOADF           ;
;  salidaFinal[10]    ; LOADF      ; 6.117 ; 6.216 ; Rise       ; LOADF           ;
;  salidaFinal[11]    ; LOADF      ; 6.118 ; 6.288 ; Rise       ; LOADF           ;
; ERROR               ; LOADI      ; 6.235 ; 6.300 ; Rise       ; LOADI           ;
; postmux[*]          ; LOADI      ; 5.653 ; 5.748 ; Rise       ; LOADI           ;
;  postmux[0]         ; LOADI      ; 6.180 ; 6.358 ; Rise       ; LOADI           ;
;  postmux[1]         ; LOADI      ; 5.876 ; 5.965 ; Rise       ; LOADI           ;
;  postmux[2]         ; LOADI      ; 6.255 ; 6.382 ; Rise       ; LOADI           ;
;  postmux[3]         ; LOADI      ; 6.011 ; 6.186 ; Rise       ; LOADI           ;
;  postmux[4]         ; LOADI      ; 7.064 ; 7.342 ; Rise       ; LOADI           ;
;  postmux[5]         ; LOADI      ; 6.340 ; 6.471 ; Rise       ; LOADI           ;
;  postmux[6]         ; LOADI      ; 5.653 ; 5.748 ; Rise       ; LOADI           ;
;  postmux[7]         ; LOADI      ; 6.303 ; 6.431 ; Rise       ; LOADI           ;
;  postmux[8]         ; LOADI      ; 6.549 ; 6.730 ; Rise       ; LOADI           ;
;  postmux[9]         ; LOADI      ; 6.173 ; 6.298 ; Rise       ; LOADI           ;
;  postmux[10]        ; LOADI      ; 6.657 ; 6.837 ; Rise       ; LOADI           ;
;  postmux[11]        ; LOADI      ; 6.326 ; 6.462 ; Rise       ; LOADI           ;
; salidaInicial[*]    ; LOADI      ; 5.301 ; 5.313 ; Rise       ; LOADI           ;
;  salidaInicial[0]   ; LOADI      ; 5.800 ; 5.943 ; Rise       ; LOADI           ;
;  salidaInicial[1]   ; LOADI      ; 5.450 ; 5.554 ; Rise       ; LOADI           ;
;  salidaInicial[2]   ; LOADI      ; 6.130 ; 6.321 ; Rise       ; LOADI           ;
;  salidaInicial[3]   ; LOADI      ; 5.301 ; 5.313 ; Rise       ; LOADI           ;
;  salidaInicial[4]   ; LOADI      ; 5.527 ; 5.661 ; Rise       ; LOADI           ;
;  salidaInicial[5]   ; LOADI      ; 5.505 ; 5.556 ; Rise       ; LOADI           ;
;  salidaInicial[6]   ; LOADI      ; 5.811 ; 5.958 ; Rise       ; LOADI           ;
;  salidaInicial[7]   ; LOADI      ; 5.833 ; 5.985 ; Rise       ; LOADI           ;
;  salidaInicial[8]   ; LOADI      ; 6.289 ; 6.503 ; Rise       ; LOADI           ;
;  salidaInicial[9]   ; LOADI      ; 6.205 ; 6.346 ; Rise       ; LOADI           ;
;  salidaInicial[10]  ; LOADI      ; 5.501 ; 5.545 ; Rise       ; LOADI           ;
;  salidaInicial[11]  ; LOADI      ; 6.112 ; 6.243 ; Rise       ; LOADI           ;
+---------------------+------------+-------+-------+------------+-----------------+


+----------------------------------------------------------+
; Propagation Delay                                        ;
+------------+-------------+-------+-------+-------+-------+
; Input Port ; Output Port ; RR    ; RF    ; FR    ; FF    ;
+------------+-------------+-------+-------+-------+-------+
; UP_DOWN    ; CYOUT       ; 6.325 ; 6.340 ; 6.779 ; 7.114 ;
; UP_DOWN    ; ERROR       ; 5.361 ; 5.411 ; 5.947 ; 6.035 ;
; UP_DOWN    ; FIN         ; 5.951 ; 6.247 ; 6.601 ; 6.808 ;
; UP_DOWN    ; postmux[1]  ; 5.738 ; 5.851 ; 6.370 ; 6.476 ;
; UP_DOWN    ; postmux[2]  ; 5.936 ; 6.032 ; 6.604 ; 6.668 ;
; UP_DOWN    ; postmux[3]  ; 5.832 ; 5.978 ; 6.520 ; 6.637 ;
; UP_DOWN    ; postmux[4]  ; 6.993 ; 7.255 ; 7.653 ; 7.908 ;
; UP_DOWN    ; postmux[5]  ; 6.283 ; 6.388 ; 6.998 ; 7.074 ;
; UP_DOWN    ; postmux[6]  ; 5.562 ; 5.619 ; 6.246 ; 6.296 ;
; UP_DOWN    ; postmux[7]  ; 6.404 ; 6.501 ; 7.136 ; 7.204 ;
; UP_DOWN    ; postmux[8]  ; 6.430 ; 6.548 ; 7.166 ; 7.221 ;
; UP_DOWN    ; postmux[9]  ; 6.387 ; 6.454 ; 7.108 ; 7.168 ;
; UP_DOWN    ; postmux[10] ; 6.735 ; 6.840 ; 7.456 ; 7.554 ;
; UP_DOWN    ; postmux[11] ; 6.730 ; 6.816 ; 7.463 ; 7.542 ;
; b0         ; CYOUT       ; 6.377 ; 6.552 ; 6.996 ; 7.190 ;
; b0         ; PAUSE       ;       ; 6.021 ; 6.779 ;       ;
; b0         ; postmux[0]  ; 5.147 ; 5.269 ; 5.764 ; 5.905 ;
; b0         ; postmux[1]  ; 5.808 ; 5.914 ; 6.446 ; 6.552 ;
; b0         ; postmux[2]  ; 6.042 ; 6.106 ; 6.680 ; 6.744 ;
; b0         ; postmux[3]  ; 5.958 ; 6.075 ; 6.596 ; 6.713 ;
; b0         ; postmux[4]  ; 7.091 ; 7.346 ; 7.729 ; 7.984 ;
; b0         ; postmux[5]  ; 6.436 ; 6.512 ; 7.074 ; 7.150 ;
; b0         ; postmux[6]  ; 5.684 ; 5.734 ; 6.322 ; 6.372 ;
; b0         ; postmux[7]  ; 6.574 ; 6.642 ; 7.212 ; 7.280 ;
; b0         ; postmux[8]  ; 6.604 ; 6.659 ; 7.242 ; 7.297 ;
; b0         ; postmux[9]  ; 6.546 ; 6.606 ; 7.184 ; 7.244 ;
; b0         ; postmux[10] ; 6.894 ; 6.992 ; 7.532 ; 7.630 ;
; b0         ; postmux[11] ; 6.901 ; 6.980 ; 7.539 ; 7.618 ;
; b1         ; CYOUT       ; 6.327 ; 6.508 ; 6.964 ; 7.104 ;
; b1         ; PAUSE       ;       ; 6.060 ; 6.801 ;       ;
; b1         ; postmux[1]  ; 5.749 ; 5.876 ; 6.387 ; 6.482 ;
; b1         ; postmux[2]  ; 5.998 ; 6.062 ; 6.594 ; 6.671 ;
; b1         ; postmux[3]  ; 5.914 ; 6.031 ; 6.510 ; 6.627 ;
; b1         ; postmux[4]  ; 7.047 ; 7.302 ; 7.643 ; 7.898 ;
; b1         ; postmux[5]  ; 6.392 ; 6.468 ; 6.988 ; 7.064 ;
; b1         ; postmux[6]  ; 5.640 ; 5.690 ; 6.236 ; 6.286 ;
; b1         ; postmux[7]  ; 6.530 ; 6.598 ; 7.126 ; 7.194 ;
; b1         ; postmux[8]  ; 6.560 ; 6.615 ; 7.156 ; 7.211 ;
; b1         ; postmux[9]  ; 6.502 ; 6.562 ; 7.098 ; 7.158 ;
; b1         ; postmux[10] ; 6.850 ; 6.948 ; 7.446 ; 7.544 ;
; b1         ; postmux[11] ; 6.857 ; 6.936 ; 7.453 ; 7.532 ;
; b2         ; CYOUT       ; 6.404 ; 6.573 ; 7.107 ; 7.260 ;
; b2         ; PAUSE       ;       ; 6.004 ; 6.780 ;       ;
; b2         ; postmux[2]  ; 5.501 ; 5.583 ; 6.158 ; 6.233 ;
; b2         ; postmux[3]  ; 5.979 ; 6.096 ; 6.666 ; 6.783 ;
; b2         ; postmux[4]  ; 7.112 ; 7.367 ; 7.799 ; 8.054 ;
; b2         ; postmux[5]  ; 6.457 ; 6.533 ; 7.144 ; 7.220 ;
; b2         ; postmux[6]  ; 5.705 ; 5.755 ; 6.392 ; 6.442 ;
; b2         ; postmux[7]  ; 6.595 ; 6.663 ; 7.282 ; 7.350 ;
; b2         ; postmux[8]  ; 6.625 ; 6.680 ; 7.312 ; 7.367 ;
; b2         ; postmux[9]  ; 6.567 ; 6.627 ; 7.254 ; 7.314 ;
; b2         ; postmux[10] ; 6.915 ; 7.013 ; 7.602 ; 7.700 ;
; b2         ; postmux[11] ; 6.922 ; 7.001 ; 7.609 ; 7.688 ;
+------------+-------------+-------+-------+-------+-------+


+----------------------------------------------------------+
; Minimum Propagation Delay                                ;
+------------+-------------+-------+-------+-------+-------+
; Input Port ; Output Port ; RR    ; RF    ; FR    ; FF    ;
+------------+-------------+-------+-------+-------+-------+
; UP_DOWN    ; CYOUT       ; 4.574 ; 5.801 ; 6.247 ; 5.169 ;
; UP_DOWN    ; ERROR       ; 5.169 ; 5.211 ; 5.737 ; 5.812 ;
; UP_DOWN    ; FIN         ; 5.740 ; 6.023 ; 6.378 ; 6.577 ;
; UP_DOWN    ; postmux[1]  ; 5.350 ; 5.465 ; 5.947 ; 6.044 ;
; UP_DOWN    ; postmux[2]  ; 5.158 ; 5.237 ; 5.754 ; 5.815 ;
; UP_DOWN    ; postmux[3]  ; 5.076 ; 5.210 ; 5.674 ; 5.792 ;
; UP_DOWN    ; postmux[4]  ; 6.247 ; 6.493 ; 6.844 ; 7.089 ;
; UP_DOWN    ; postmux[5]  ; 5.141 ; 5.225 ; 5.697 ; 5.800 ;
; UP_DOWN    ; postmux[6]  ; 4.600 ; 4.650 ; 5.179 ; 5.228 ;
; UP_DOWN    ; postmux[7]  ; 5.096 ; 5.173 ; 5.653 ; 5.749 ;
; UP_DOWN    ; postmux[8]  ; 5.230 ; 5.328 ; 5.827 ; 5.922 ;
; UP_DOWN    ; postmux[9]  ; 4.997 ; 5.067 ; 5.589 ; 5.656 ;
; UP_DOWN    ; postmux[10] ; 5.279 ; 5.372 ; 5.836 ; 5.949 ;
; UP_DOWN    ; postmux[11] ; 5.150 ; 5.238 ; 5.729 ; 5.816 ;
; b0         ; CYOUT       ; 6.121 ; 6.276 ; 6.731 ; 6.905 ;
; b0         ; PAUSE       ;       ; 5.821 ; 6.556 ;       ;
; b0         ; postmux[0]  ; 4.967 ; 5.083 ; 5.575 ; 5.710 ;
; b0         ; postmux[1]  ; 5.587 ; 5.694 ; 6.197 ; 6.304 ;
; b0         ; postmux[2]  ; 5.732 ; 5.811 ; 6.342 ; 6.421 ;
; b0         ; postmux[3]  ; 5.671 ; 5.807 ; 6.281 ; 6.417 ;
; b0         ; postmux[4]  ; 6.805 ; 7.044 ; 7.415 ; 7.654 ;
; b0         ; postmux[5]  ; 6.105 ; 6.200 ; 6.715 ; 6.810 ;
; b0         ; postmux[6]  ; 5.406 ; 5.449 ; 6.016 ; 6.059 ;
; b0         ; postmux[7]  ; 6.220 ; 6.308 ; 6.830 ; 6.918 ;
; b0         ; postmux[8]  ; 6.222 ; 6.321 ; 6.832 ; 6.931 ;
; b0         ; postmux[9]  ; 6.209 ; 6.274 ; 6.819 ; 6.884 ;
; b0         ; postmux[10] ; 6.544 ; 6.642 ; 7.154 ; 7.252 ;
; b0         ; postmux[11] ; 6.537 ; 6.618 ; 7.147 ; 7.228 ;
; b1         ; CYOUT       ; 6.053 ; 6.208 ; 6.683 ; 6.803 ;
; b1         ; PAUSE       ;       ; 5.858 ; 6.576 ;       ;
; b1         ; postmux[1]  ; 5.513 ; 5.628 ; 6.135 ; 6.231 ;
; b1         ; postmux[2]  ; 5.664 ; 5.743 ; 6.294 ; 6.365 ;
; b1         ; postmux[3]  ; 5.603 ; 5.739 ; 6.233 ; 6.369 ;
; b1         ; postmux[4]  ; 6.737 ; 6.976 ; 7.367 ; 7.606 ;
; b1         ; postmux[5]  ; 6.037 ; 6.132 ; 6.667 ; 6.762 ;
; b1         ; postmux[6]  ; 5.338 ; 5.381 ; 5.968 ; 6.011 ;
; b1         ; postmux[7]  ; 6.152 ; 6.240 ; 6.782 ; 6.870 ;
; b1         ; postmux[8]  ; 6.154 ; 6.253 ; 6.784 ; 6.883 ;
; b1         ; postmux[9]  ; 6.141 ; 6.206 ; 6.771 ; 6.836 ;
; b1         ; postmux[10] ; 6.476 ; 6.574 ; 7.106 ; 7.204 ;
; b1         ; postmux[11] ; 6.469 ; 6.550 ; 7.099 ; 7.180 ;
; b2         ; CYOUT       ; 6.126 ; 6.257 ; 6.806 ; 6.927 ;
; b2         ; PAUSE       ;       ; 5.811 ; 6.570 ;       ;
; b2         ; postmux[2]  ; 5.300 ; 5.371 ; 5.947 ; 6.011 ;
; b2         ; postmux[3]  ; 5.676 ; 5.812 ; 6.356 ; 6.492 ;
; b2         ; postmux[4]  ; 6.810 ; 7.049 ; 7.490 ; 7.729 ;
; b2         ; postmux[5]  ; 6.110 ; 6.205 ; 6.790 ; 6.885 ;
; b2         ; postmux[6]  ; 5.411 ; 5.454 ; 6.091 ; 6.134 ;
; b2         ; postmux[7]  ; 6.225 ; 6.313 ; 6.905 ; 6.993 ;
; b2         ; postmux[8]  ; 6.227 ; 6.326 ; 6.907 ; 7.006 ;
; b2         ; postmux[9]  ; 6.214 ; 6.279 ; 6.894 ; 6.959 ;
; b2         ; postmux[10] ; 6.549 ; 6.647 ; 7.229 ; 7.327 ;
; b2         ; postmux[11] ; 6.542 ; 6.623 ; 7.222 ; 7.303 ;
+------------+-------------+-------+-------+-------+-------+


+-----------------------------------------------------------------------+
; Output Enable Times                                                   ;
+-----------+------------+-------+-------+------------+-----------------+
; Data Port ; Clock Port ; Rise  ; Fall  ; Clock Edge ; Clock Reference ;
+-----------+------------+-------+-------+------------+-----------------+
; DATA[*]   ; CLOCK      ; 4.864 ; 4.819 ; Rise       ; CLOCK           ;
;  DATA[0]  ; CLOCK      ; 4.864 ; 4.819 ; Rise       ; CLOCK           ;
;  DATA[1]  ; CLOCK      ; 5.499 ; 5.455 ; Rise       ; CLOCK           ;
;  DATA[2]  ; CLOCK      ; 4.920 ; 4.880 ; Rise       ; CLOCK           ;
;  DATA[3]  ; CLOCK      ; 5.245 ; 5.205 ; Rise       ; CLOCK           ;
;  DATA[4]  ; CLOCK      ; 4.910 ; 4.828 ; Rise       ; CLOCK           ;
;  DATA[5]  ; CLOCK      ; 4.911 ; 4.871 ; Rise       ; CLOCK           ;
;  DATA[6]  ; CLOCK      ; 4.911 ; 4.871 ; Rise       ; CLOCK           ;
;  DATA[7]  ; CLOCK      ; 4.911 ; 4.871 ; Rise       ; CLOCK           ;
;  DATA[8]  ; CLOCK      ; 5.253 ; 5.213 ; Rise       ; CLOCK           ;
;  DATA[9]  ; CLOCK      ; 4.911 ; 4.871 ; Rise       ; CLOCK           ;
;  DATA[10] ; CLOCK      ; 5.245 ; 5.205 ; Rise       ; CLOCK           ;
;  DATA[11] ; CLOCK      ; 5.253 ; 5.213 ; Rise       ; CLOCK           ;
+-----------+------------+-------+-------+------------+-----------------+


+-----------------------------------------------------------------------+
; Minimum Output Enable Times                                           ;
+-----------+------------+-------+-------+------------+-----------------+
; Data Port ; Clock Port ; Rise  ; Fall  ; Clock Edge ; Clock Reference ;
+-----------+------------+-------+-------+------------+-----------------+
; DATA[*]   ; CLOCK      ; 4.464 ; 4.419 ; Rise       ; CLOCK           ;
;  DATA[0]  ; CLOCK      ; 4.464 ; 4.419 ; Rise       ; CLOCK           ;
;  DATA[1]  ; CLOCK      ; 5.099 ; 5.055 ; Rise       ; CLOCK           ;
;  DATA[2]  ; CLOCK      ; 4.520 ; 4.480 ; Rise       ; CLOCK           ;
;  DATA[3]  ; CLOCK      ; 4.832 ; 4.792 ; Rise       ; CLOCK           ;
;  DATA[4]  ; CLOCK      ; 4.529 ; 4.447 ; Rise       ; CLOCK           ;
;  DATA[5]  ; CLOCK      ; 4.511 ; 4.471 ; Rise       ; CLOCK           ;
;  DATA[6]  ; CLOCK      ; 4.511 ; 4.471 ; Rise       ; CLOCK           ;
;  DATA[7]  ; CLOCK      ; 4.511 ; 4.471 ; Rise       ; CLOCK           ;
;  DATA[8]  ; CLOCK      ; 4.839 ; 4.799 ; Rise       ; CLOCK           ;
;  DATA[9]  ; CLOCK      ; 4.511 ; 4.471 ; Rise       ; CLOCK           ;
;  DATA[10] ; CLOCK      ; 4.832 ; 4.792 ; Rise       ; CLOCK           ;
;  DATA[11] ; CLOCK      ; 4.839 ; 4.799 ; Rise       ; CLOCK           ;
+-----------+------------+-------+-------+------------+-----------------+


+-------------------------------------------------------------------------------+
; Output Disable Times                                                          ;
+-----------+------------+-----------+-----------+------------+-----------------+
; Data Port ; Clock Port ; 0 to Hi-Z ; 1 to Hi-Z ; Clock Edge ; Clock Reference ;
+-----------+------------+-----------+-----------+------------+-----------------+
; DATA[*]   ; CLOCK      ; 4.809     ; 4.857     ; Rise       ; CLOCK           ;
;  DATA[0]  ; CLOCK      ; 4.812     ; 4.857     ; Rise       ; CLOCK           ;
;  DATA[1]  ; CLOCK      ; 5.448     ; 5.492     ; Rise       ; CLOCK           ;
;  DATA[2]  ; CLOCK      ; 4.873     ; 4.913     ; Rise       ; CLOCK           ;
;  DATA[3]  ; CLOCK      ; 5.244     ; 5.284     ; Rise       ; CLOCK           ;
;  DATA[4]  ; CLOCK      ; 4.809     ; 4.891     ; Rise       ; CLOCK           ;
;  DATA[5]  ; CLOCK      ; 4.861     ; 4.901     ; Rise       ; CLOCK           ;
;  DATA[6]  ; CLOCK      ; 4.861     ; 4.901     ; Rise       ; CLOCK           ;
;  DATA[7]  ; CLOCK      ; 4.861     ; 4.901     ; Rise       ; CLOCK           ;
;  DATA[8]  ; CLOCK      ; 5.251     ; 5.291     ; Rise       ; CLOCK           ;
;  DATA[9]  ; CLOCK      ; 4.861     ; 4.901     ; Rise       ; CLOCK           ;
;  DATA[10] ; CLOCK      ; 5.244     ; 5.284     ; Rise       ; CLOCK           ;
;  DATA[11] ; CLOCK      ; 5.251     ; 5.291     ; Rise       ; CLOCK           ;
+-----------+------------+-----------+-----------+------------+-----------------+


+-------------------------------------------------------------------------------+
; Minimum Output Disable Times                                                  ;
+-----------+------------+-----------+-----------+------------+-----------------+
; Data Port ; Clock Port ; 0 to Hi-Z ; 1 to Hi-Z ; Clock Edge ; Clock Reference ;
+-----------+------------+-----------+-----------+------------+-----------------+
; DATA[*]   ; CLOCK      ; 4.521     ; 4.566     ; Rise       ; CLOCK           ;
;  DATA[0]  ; CLOCK      ; 4.521     ; 4.566     ; Rise       ; CLOCK           ;
;  DATA[1]  ; CLOCK      ; 5.157     ; 5.201     ; Rise       ; CLOCK           ;
;  DATA[2]  ; CLOCK      ; 4.582     ; 4.622     ; Rise       ; CLOCK           ;
;  DATA[3]  ; CLOCK      ; 4.938     ; 4.978     ; Rise       ; CLOCK           ;
;  DATA[4]  ; CLOCK      ; 4.537     ; 4.619     ; Rise       ; CLOCK           ;
;  DATA[5]  ; CLOCK      ; 4.570     ; 4.610     ; Rise       ; CLOCK           ;
;  DATA[6]  ; CLOCK      ; 4.570     ; 4.610     ; Rise       ; CLOCK           ;
;  DATA[7]  ; CLOCK      ; 4.570     ; 4.610     ; Rise       ; CLOCK           ;
;  DATA[8]  ; CLOCK      ; 4.944     ; 4.984     ; Rise       ; CLOCK           ;
;  DATA[9]  ; CLOCK      ; 4.570     ; 4.610     ; Rise       ; CLOCK           ;
;  DATA[10] ; CLOCK      ; 4.938     ; 4.978     ; Rise       ; CLOCK           ;
;  DATA[11] ; CLOCK      ; 4.944     ; 4.984     ; Rise       ; CLOCK           ;
+-----------+------------+-----------+-----------+------------+-----------------+


---------------------------------------------
; Fast 1200mV 0C Model Metastability Report ;
---------------------------------------------
No synchronizer chains to report.


+--------------------------------------------------------------------------------+
; Multicorner Timing Analysis Summary                                            ;
+------------------+---------+--------+----------+---------+---------------------+
; Clock            ; Setup   ; Hold   ; Recovery ; Removal ; Minimum Pulse Width ;
+------------------+---------+--------+----------+---------+---------------------+
; Worst-case Slack ; -5.387  ; -0.163 ; N/A      ; N/A     ; -3.000              ;
;  CLOCK           ; -5.387  ; -0.163 ; N/A      ; N/A     ; -3.000              ;
;  LOADF           ; N/A     ; N/A    ; N/A      ; N/A     ; -3.000              ;
;  LOADI           ; N/A     ; N/A    ; N/A      ; N/A     ; -3.000              ;
; Design-wide TNS  ; -59.6   ; -0.313 ; 0.0      ; 0.0     ; -53.893             ;
;  CLOCK           ; -59.600 ; -0.313 ; N/A      ; N/A     ; -18.495             ;
;  LOADF           ; N/A     ; N/A    ; N/A      ; N/A     ; -18.400             ;
;  LOADI           ; N/A     ; N/A    ; N/A      ; N/A     ; -16.998             ;
+------------------+---------+--------+----------+---------+---------------------+


+-------------------------------------------------------------------------+
; Setup Times                                                             ;
+-----------+------------+--------+--------+------------+-----------------+
; Data Port ; Clock Port ; Rise   ; Fall   ; Clock Edge ; Clock Reference ;
+-----------+------------+--------+--------+------------+-----------------+
; CONTINUAR ; CLOCK      ; 3.455  ; 3.969  ; Rise       ; CLOCK           ;
; LOADF     ; CLOCK      ; 0.651  ; 0.885  ; Rise       ; CLOCK           ;
; LOADI     ; CLOCK      ; 0.518  ; 0.906  ; Rise       ; CLOCK           ;
; RECARGAR  ; CLOCK      ; 1.456  ; 1.935  ; Rise       ; CLOCK           ;
; START     ; CLOCK      ; 1.687  ; 2.191  ; Rise       ; CLOCK           ;
; UP_DOWN   ; CLOCK      ; 4.896  ; 5.411  ; Rise       ; CLOCK           ;
; b0        ; CLOCK      ; 4.996  ; 5.489  ; Rise       ; CLOCK           ;
; b1        ; CLOCK      ; 4.919  ; 5.350  ; Rise       ; CLOCK           ;
; b2        ; CLOCK      ; 4.972  ; 5.514  ; Rise       ; CLOCK           ;
; DATA[*]   ; LOADF      ; -0.621 ; -0.005 ; Rise       ; LOADF           ;
;  DATA[0]  ; LOADF      ; -0.811 ; -0.204 ; Rise       ; LOADF           ;
;  DATA[1]  ; LOADF      ; -0.965 ; -0.379 ; Rise       ; LOADF           ;
;  DATA[2]  ; LOADF      ; -0.654 ; -0.063 ; Rise       ; LOADF           ;
;  DATA[3]  ; LOADF      ; -0.631 ; -0.029 ; Rise       ; LOADF           ;
;  DATA[4]  ; LOADF      ; -0.752 ; -0.155 ; Rise       ; LOADF           ;
;  DATA[5]  ; LOADF      ; -0.757 ; -0.183 ; Rise       ; LOADF           ;
;  DATA[6]  ; LOADF      ; -0.645 ; -0.017 ; Rise       ; LOADF           ;
;  DATA[7]  ; LOADF      ; -0.739 ; -0.142 ; Rise       ; LOADF           ;
;  DATA[8]  ; LOADF      ; -0.621 ; -0.005 ; Rise       ; LOADF           ;
;  DATA[9]  ; LOADF      ; -0.701 ; -0.097 ; Rise       ; LOADF           ;
;  DATA[10] ; LOADF      ; -0.621 ; -0.010 ; Rise       ; LOADF           ;
;  DATA[11] ; LOADF      ; -0.636 ; -0.012 ; Rise       ; LOADF           ;
; DATA[*]   ; LOADI      ; -0.262 ; 0.369  ; Rise       ; LOADI           ;
;  DATA[0]  ; LOADI      ; -0.597 ; -0.029 ; Rise       ; LOADI           ;
;  DATA[1]  ; LOADI      ; -0.592 ; -0.017 ; Rise       ; LOADI           ;
;  DATA[2]  ; LOADI      ; -0.526 ; 0.066  ; Rise       ; LOADI           ;
;  DATA[3]  ; LOADI      ; -0.318 ; 0.288  ; Rise       ; LOADI           ;
;  DATA[4]  ; LOADI      ; -0.488 ; 0.108  ; Rise       ; LOADI           ;
;  DATA[5]  ; LOADI      ; -0.377 ; 0.252  ; Rise       ; LOADI           ;
;  DATA[6]  ; LOADI      ; -0.416 ; 0.159  ; Rise       ; LOADI           ;
;  DATA[7]  ; LOADI      ; -0.424 ; 0.163  ; Rise       ; LOADI           ;
;  DATA[8]  ; LOADI      ; -0.361 ; 0.255  ; Rise       ; LOADI           ;
;  DATA[9]  ; LOADI      ; -0.570 ; 0.029  ; Rise       ; LOADI           ;
;  DATA[10] ; LOADI      ; -0.463 ; 0.140  ; Rise       ; LOADI           ;
;  DATA[11] ; LOADI      ; -0.262 ; 0.369  ; Rise       ; LOADI           ;
+-----------+------------+--------+--------+------------+-----------------+


+-------------------------------------------------------------------------+
; Hold Times                                                              ;
+-----------+------------+--------+--------+------------+-----------------+
; Data Port ; Clock Port ; Rise   ; Fall   ; Clock Edge ; Clock Reference ;
+-----------+------------+--------+--------+------------+-----------------+
; CONTINUAR ; CLOCK      ; -1.143 ; -1.814 ; Rise       ; CLOCK           ;
; LOADF     ; CLOCK      ; 0.110  ; -0.296 ; Rise       ; CLOCK           ;
; LOADI     ; CLOCK      ; 0.123  ; -0.330 ; Rise       ; CLOCK           ;
; RECARGAR  ; CLOCK      ; -0.412 ; -1.016 ; Rise       ; CLOCK           ;
; START     ; CLOCK      ; -0.634 ; -1.261 ; Rise       ; CLOCK           ;
; UP_DOWN   ; CLOCK      ; -0.648 ; -1.245 ; Rise       ; CLOCK           ;
; b0        ; CLOCK      ; -1.119 ; -1.727 ; Rise       ; CLOCK           ;
; b1        ; CLOCK      ; -1.600 ; -2.230 ; Rise       ; CLOCK           ;
; b2        ; CLOCK      ; -1.567 ; -2.214 ; Rise       ; CLOCK           ;
; DATA[*]   ; LOADF      ; 2.220  ; 1.805  ; Rise       ; LOADF           ;
;  DATA[0]  ; LOADF      ; 1.955  ; 1.528  ; Rise       ; LOADF           ;
;  DATA[1]  ; LOADF      ; 2.220  ; 1.805  ; Rise       ; LOADF           ;
;  DATA[2]  ; LOADF      ; 1.695  ; 1.295  ; Rise       ; LOADF           ;
;  DATA[3]  ; LOADF      ; 1.695  ; 1.259  ; Rise       ; LOADF           ;
;  DATA[4]  ; LOADF      ; 1.842  ; 1.400  ; Rise       ; LOADF           ;
;  DATA[5]  ; LOADF      ; 1.909  ; 1.486  ; Rise       ; LOADF           ;
;  DATA[6]  ; LOADF      ; 1.677  ; 1.225  ; Rise       ; LOADF           ;
;  DATA[7]  ; LOADF      ; 1.893  ; 1.431  ; Rise       ; LOADF           ;
;  DATA[8]  ; LOADF      ; 1.654  ; 1.216  ; Rise       ; LOADF           ;
;  DATA[9]  ; LOADF      ; 1.775  ; 1.334  ; Rise       ; LOADF           ;
;  DATA[10] ; LOADF      ; 1.666  ; 1.234  ; Rise       ; LOADF           ;
;  DATA[11] ; LOADF      ; 1.691  ; 1.222  ; Rise       ; LOADF           ;
; DATA[*]   ; LOADI      ; 1.580  ; 1.208  ; Rise       ; LOADI           ;
;  DATA[0]  ; LOADI      ; 1.580  ; 1.208  ; Rise       ; LOADI           ;
;  DATA[1]  ; LOADI      ; 1.569  ; 1.193  ; Rise       ; LOADI           ;
;  DATA[2]  ; LOADI      ; 1.485  ; 1.094  ; Rise       ; LOADI           ;
;  DATA[3]  ; LOADI      ; 1.170  ; 0.804  ; Rise       ; LOADI           ;
;  DATA[4]  ; LOADI      ; 1.380  ; 1.011  ; Rise       ; LOADI           ;
;  DATA[5]  ; LOADI      ; 1.227  ; 0.833  ; Rise       ; LOADI           ;
;  DATA[6]  ; LOADI      ; 1.297  ; 0.969  ; Rise       ; LOADI           ;
;  DATA[7]  ; LOADI      ; 1.315  ; 0.963  ; Rise       ; LOADI           ;
;  DATA[8]  ; LOADI      ; 1.197  ; 0.831  ; Rise       ; LOADI           ;
;  DATA[9]  ; LOADI      ; 1.538  ; 1.142  ; Rise       ; LOADI           ;
;  DATA[10] ; LOADI      ; 1.412  ; 1.011  ; Rise       ; LOADI           ;
;  DATA[11] ; LOADI      ; 1.038  ; 0.657  ; Rise       ; LOADI           ;
+-----------+------------+--------+--------+------------+-----------------+


+-----------------------------------------------------------------------------------+
; Clock to Output Times                                                             ;
+---------------------+------------+--------+--------+------------+-----------------+
; Data Port           ; Clock Port ; Rise   ; Fall   ; Clock Edge ; Clock Reference ;
+---------------------+------------+--------+--------+------------+-----------------+
; CYOUT               ; CLOCK      ; 9.852  ; 9.930  ; Rise       ; CLOCK           ;
; DATA[*]             ; CLOCK      ; 7.667  ; 7.637  ; Rise       ; CLOCK           ;
;  DATA[0]            ; CLOCK      ; 6.353  ; 6.293  ; Rise       ; CLOCK           ;
;  DATA[1]            ; CLOCK      ; 7.390  ; 7.372  ; Rise       ; CLOCK           ;
;  DATA[2]            ; CLOCK      ; 6.791  ; 6.739  ; Rise       ; CLOCK           ;
;  DATA[3]            ; CLOCK      ; 7.397  ; 7.361  ; Rise       ; CLOCK           ;
;  DATA[4]            ; CLOCK      ; 6.527  ; 6.474  ; Rise       ; CLOCK           ;
;  DATA[5]            ; CLOCK      ; 6.606  ; 6.543  ; Rise       ; CLOCK           ;
;  DATA[6]            ; CLOCK      ; 6.551  ; 6.485  ; Rise       ; CLOCK           ;
;  DATA[7]            ; CLOCK      ; 6.593  ; 6.535  ; Rise       ; CLOCK           ;
;  DATA[8]            ; CLOCK      ; 7.314  ; 7.286  ; Rise       ; CLOCK           ;
;  DATA[9]            ; CLOCK      ; 6.796  ; 6.725  ; Rise       ; CLOCK           ;
;  DATA[10]           ; CLOCK      ; 7.667  ; 7.637  ; Rise       ; CLOCK           ;
;  DATA[11]           ; CLOCK      ; 7.576  ; 7.621  ; Rise       ; CLOCK           ;
; ERROR               ; CLOCK      ; 8.887  ; 8.891  ; Rise       ; CLOCK           ;
; FIN                 ; CLOCK      ; 11.773 ; 11.867 ; Rise       ; CLOCK           ;
; Q0                  ; CLOCK      ; 8.066  ; 8.028  ; Rise       ; CLOCK           ;
; Q1                  ; CLOCK      ; 7.834  ; 7.843  ; Rise       ; CLOCK           ;
; Q2                  ; CLOCK      ; 7.683  ; 7.691  ; Rise       ; CLOCK           ;
; postRegSumador[*]   ; CLOCK      ; 7.975  ; 8.002  ; Rise       ; CLOCK           ;
;  postRegSumador[0]  ; CLOCK      ; 7.419  ; 7.378  ; Rise       ; CLOCK           ;
;  postRegSumador[1]  ; CLOCK      ; 6.849  ; 6.830  ; Rise       ; CLOCK           ;
;  postRegSumador[2]  ; CLOCK      ; 7.058  ; 7.036  ; Rise       ; CLOCK           ;
;  postRegSumador[3]  ; CLOCK      ; 7.318  ; 7.261  ; Rise       ; CLOCK           ;
;  postRegSumador[4]  ; CLOCK      ; 6.517  ; 6.464  ; Rise       ; CLOCK           ;
;  postRegSumador[5]  ; CLOCK      ; 7.173  ; 7.169  ; Rise       ; CLOCK           ;
;  postRegSumador[6]  ; CLOCK      ; 6.897  ; 6.820  ; Rise       ; CLOCK           ;
;  postRegSumador[7]  ; CLOCK      ; 7.146  ; 7.139  ; Rise       ; CLOCK           ;
;  postRegSumador[8]  ; CLOCK      ; 7.893  ; 7.974  ; Rise       ; CLOCK           ;
;  postRegSumador[9]  ; CLOCK      ; 6.473  ; 6.409  ; Rise       ; CLOCK           ;
;  postRegSumador[10] ; CLOCK      ; 7.652  ; 7.638  ; Rise       ; CLOCK           ;
;  postRegSumador[11] ; CLOCK      ; 7.975  ; 8.002  ; Rise       ; CLOCK           ;
; postmux[*]          ; CLOCK      ; 11.333 ; 11.432 ; Rise       ; CLOCK           ;
;  postmux[0]         ; CLOCK      ; 9.797  ; 9.737  ; Rise       ; CLOCK           ;
;  postmux[1]         ; CLOCK      ; 9.343  ; 9.282  ; Rise       ; CLOCK           ;
;  postmux[2]         ; CLOCK      ; 9.591  ; 9.507  ; Rise       ; CLOCK           ;
;  postmux[3]         ; CLOCK      ; 10.036 ; 9.947  ; Rise       ; CLOCK           ;
;  postmux[4]         ; CLOCK      ; 11.333 ; 11.432 ; Rise       ; CLOCK           ;
;  postmux[5]         ; CLOCK      ; 9.882  ; 9.809  ; Rise       ; CLOCK           ;
;  postmux[6]         ; CLOCK      ; 8.646  ; 8.550  ; Rise       ; CLOCK           ;
;  postmux[7]         ; CLOCK      ; 10.089 ; 10.012 ; Rise       ; CLOCK           ;
;  postmux[8]         ; CLOCK      ; 10.140 ; 10.026 ; Rise       ; CLOCK           ;
;  postmux[9]         ; CLOCK      ; 10.037 ; 9.995  ; Rise       ; CLOCK           ;
;  postmux[10]        ; CLOCK      ; 10.617 ; 10.536 ; Rise       ; CLOCK           ;
;  postmux[11]        ; CLOCK      ; 10.654 ; 10.569 ; Rise       ; CLOCK           ;
; ERROR               ; LOADF      ; 13.325 ; 13.278 ; Rise       ; LOADF           ;
; FIN                 ; LOADF      ; 14.363 ; 14.455 ; Rise       ; LOADF           ;
; salidaFinal[*]      ; LOADF      ; 11.055 ; 11.065 ; Rise       ; LOADF           ;
;  salidaFinal[0]     ; LOADF      ; 9.832  ; 9.774  ; Rise       ; LOADF           ;
;  salidaFinal[1]     ; LOADF      ; 10.143 ; 10.050 ; Rise       ; LOADF           ;
;  salidaFinal[2]     ; LOADF      ; 10.260 ; 10.214 ; Rise       ; LOADF           ;
;  salidaFinal[3]     ; LOADF      ; 9.813  ; 9.748  ; Rise       ; LOADF           ;
;  salidaFinal[4]     ; LOADF      ; 9.860  ; 9.825  ; Rise       ; LOADF           ;
;  salidaFinal[5]     ; LOADF      ; 10.481 ; 10.428 ; Rise       ; LOADF           ;
;  salidaFinal[6]     ; LOADF      ; 10.314 ; 10.275 ; Rise       ; LOADF           ;
;  salidaFinal[7]     ; LOADF      ; 10.154 ; 10.118 ; Rise       ; LOADF           ;
;  salidaFinal[8]     ; LOADF      ; 10.857 ; 10.874 ; Rise       ; LOADF           ;
;  salidaFinal[9]     ; LOADF      ; 10.335 ; 10.294 ; Rise       ; LOADF           ;
;  salidaFinal[10]    ; LOADF      ; 10.930 ; 10.918 ; Rise       ; LOADF           ;
;  salidaFinal[11]    ; LOADF      ; 11.055 ; 11.065 ; Rise       ; LOADF           ;
; ERROR               ; LOADI      ; 12.404 ; 12.348 ; Rise       ; LOADI           ;
; postmux[*]          ; LOADI      ; 12.505 ; 12.667 ; Rise       ; LOADI           ;
;  postmux[0]         ; LOADI      ; 11.261 ; 11.261 ; Rise       ; LOADI           ;
;  postmux[1]         ; LOADI      ; 10.627 ; 10.635 ; Rise       ; LOADI           ;
;  postmux[2]         ; LOADI      ; 11.304 ; 11.257 ; Rise       ; LOADI           ;
;  postmux[3]         ; LOADI      ; 10.935 ; 10.941 ; Rise       ; LOADI           ;
;  postmux[4]         ; LOADI      ; 12.505 ; 12.667 ; Rise       ; LOADI           ;
;  postmux[5]         ; LOADI      ; 11.403 ; 11.396 ; Rise       ; LOADI           ;
;  postmux[6]         ; LOADI      ; 10.326 ; 10.268 ; Rise       ; LOADI           ;
;  postmux[7]         ; LOADI      ; 11.381 ; 11.364 ; Rise       ; LOADI           ;
;  postmux[8]         ; LOADI      ; 11.826 ; 11.809 ; Rise       ; LOADI           ;
;  postmux[9]         ; LOADI      ; 11.125 ; 11.148 ; Rise       ; LOADI           ;
;  postmux[10]        ; LOADI      ; 12.036 ; 12.036 ; Rise       ; LOADI           ;
;  postmux[11]        ; LOADI      ; 11.400 ; 11.370 ; Rise       ; LOADI           ;
; salidaInicial[*]    ; LOADI      ; 11.313 ; 11.291 ; Rise       ; LOADI           ;
;  salidaInicial[0]   ; LOADI      ; 10.458 ; 10.422 ; Rise       ; LOADI           ;
;  salidaInicial[1]   ; LOADI      ; 9.850  ; 9.793  ; Rise       ; LOADI           ;
;  salidaInicial[2]   ; LOADI      ; 11.022 ; 10.993 ; Rise       ; LOADI           ;
;  salidaInicial[3]   ; LOADI      ; 9.450  ; 9.404  ; Rise       ; LOADI           ;
;  salidaInicial[4]   ; LOADI      ; 9.949  ; 9.944  ; Rise       ; LOADI           ;
;  salidaInicial[5]   ; LOADI      ; 9.849  ; 9.804  ; Rise       ; LOADI           ;
;  salidaInicial[6]   ; LOADI      ; 10.487 ; 10.450 ; Rise       ; LOADI           ;
;  salidaInicial[7]   ; LOADI      ; 10.596 ; 10.561 ; Rise       ; LOADI           ;
;  salidaInicial[8]   ; LOADI      ; 11.313 ; 11.291 ; Rise       ; LOADI           ;
;  salidaInicial[9]   ; LOADI      ; 11.080 ; 11.060 ; Rise       ; LOADI           ;
;  salidaInicial[10]  ; LOADI      ; 9.837  ; 9.795  ; Rise       ; LOADI           ;
;  salidaInicial[11]  ; LOADI      ; 10.944 ; 10.906 ; Rise       ; LOADI           ;
+---------------------+------------+--------+--------+------------+-----------------+


+---------------------------------------------------------------------------------+
; Minimum Clock to Output Times                                                   ;
+---------------------+------------+-------+-------+------------+-----------------+
; Data Port           ; Clock Port ; Rise  ; Fall  ; Clock Edge ; Clock Reference ;
+---------------------+------------+-------+-------+------------+-----------------+
; CYOUT               ; CLOCK      ; 4.165 ; 4.195 ; Rise       ; CLOCK           ;
; DATA[*]             ; CLOCK      ; 3.584 ; 3.636 ; Rise       ; CLOCK           ;
;  DATA[0]            ; CLOCK      ; 3.584 ; 3.636 ; Rise       ; CLOCK           ;
;  DATA[1]            ; CLOCK      ; 4.304 ; 4.381 ; Rise       ; CLOCK           ;
;  DATA[2]            ; CLOCK      ; 3.832 ; 3.922 ; Rise       ; CLOCK           ;
;  DATA[3]            ; CLOCK      ; 4.190 ; 4.311 ; Rise       ; CLOCK           ;
;  DATA[4]            ; CLOCK      ; 3.740 ; 3.758 ; Rise       ; CLOCK           ;
;  DATA[5]            ; CLOCK      ; 3.743 ; 3.798 ; Rise       ; CLOCK           ;
;  DATA[6]            ; CLOCK      ; 3.699 ; 3.750 ; Rise       ; CLOCK           ;
;  DATA[7]            ; CLOCK      ; 3.742 ; 3.797 ; Rise       ; CLOCK           ;
;  DATA[8]            ; CLOCK      ; 4.127 ; 4.243 ; Rise       ; CLOCK           ;
;  DATA[9]            ; CLOCK      ; 3.820 ; 3.886 ; Rise       ; CLOCK           ;
;  DATA[10]           ; CLOCK      ; 4.303 ; 4.442 ; Rise       ; CLOCK           ;
;  DATA[11]           ; CLOCK      ; 4.264 ; 4.415 ; Rise       ; CLOCK           ;
; ERROR               ; CLOCK      ; 4.818 ; 4.865 ; Rise       ; CLOCK           ;
; FIN                 ; CLOCK      ; 5.635 ; 5.864 ; Rise       ; CLOCK           ;
; Q0                  ; CLOCK      ; 4.629 ; 4.707 ; Rise       ; CLOCK           ;
; Q1                  ; CLOCK      ; 4.515 ; 4.579 ; Rise       ; CLOCK           ;
; Q2                  ; CLOCK      ; 4.398 ; 4.512 ; Rise       ; CLOCK           ;
; postRegSumador[*]   ; CLOCK      ; 3.659 ; 3.695 ; Rise       ; CLOCK           ;
;  postRegSumador[0]  ; CLOCK      ; 4.187 ; 4.323 ; Rise       ; CLOCK           ;
;  postRegSumador[1]  ; CLOCK      ; 3.875 ; 3.991 ; Rise       ; CLOCK           ;
;  postRegSumador[2]  ; CLOCK      ; 3.971 ; 4.088 ; Rise       ; CLOCK           ;
;  postRegSumador[3]  ; CLOCK      ; 4.123 ; 4.224 ; Rise       ; CLOCK           ;
;  postRegSumador[4]  ; CLOCK      ; 3.730 ; 3.748 ; Rise       ; CLOCK           ;
;  postRegSumador[5]  ; CLOCK      ; 4.042 ; 4.157 ; Rise       ; CLOCK           ;
;  postRegSumador[6]  ; CLOCK      ; 3.872 ; 3.928 ; Rise       ; CLOCK           ;
;  postRegSumador[7]  ; CLOCK      ; 4.034 ; 4.140 ; Rise       ; CLOCK           ;
;  postRegSumador[8]  ; CLOCK      ; 4.471 ; 4.659 ; Rise       ; CLOCK           ;
;  postRegSumador[9]  ; CLOCK      ; 3.659 ; 3.695 ; Rise       ; CLOCK           ;
;  postRegSumador[10] ; CLOCK      ; 4.295 ; 4.440 ; Rise       ; CLOCK           ;
;  postRegSumador[11] ; CLOCK      ; 4.496 ; 4.653 ; Rise       ; CLOCK           ;
; postmux[*]          ; CLOCK      ; 4.152 ; 4.199 ; Rise       ; CLOCK           ;
;  postmux[0]         ; CLOCK      ; 4.450 ; 4.576 ; Rise       ; CLOCK           ;
;  postmux[1]         ; CLOCK      ; 4.709 ; 4.820 ; Rise       ; CLOCK           ;
;  postmux[2]         ; CLOCK      ; 4.518 ; 4.593 ; Rise       ; CLOCK           ;
;  postmux[3]         ; CLOCK      ; 4.642 ; 4.767 ; Rise       ; CLOCK           ;
;  postmux[4]         ; CLOCK      ; 5.733 ; 5.978 ; Rise       ; CLOCK           ;
;  postmux[5]         ; CLOCK      ; 5.041 ; 5.136 ; Rise       ; CLOCK           ;
;  postmux[6]         ; CLOCK      ; 4.152 ; 4.199 ; Rise       ; CLOCK           ;
;  postmux[7]         ; CLOCK      ; 4.895 ; 4.981 ; Rise       ; CLOCK           ;
;  postmux[8]         ; CLOCK      ; 4.697 ; 4.792 ; Rise       ; CLOCK           ;
;  postmux[9]         ; CLOCK      ; 4.875 ; 4.947 ; Rise       ; CLOCK           ;
;  postmux[10]        ; CLOCK      ; 5.216 ; 5.325 ; Rise       ; CLOCK           ;
;  postmux[11]        ; CLOCK      ; 4.872 ; 4.958 ; Rise       ; CLOCK           ;
; ERROR               ; LOADF      ; 6.579 ; 6.637 ; Rise       ; LOADF           ;
; FIN                 ; LOADF      ; 7.104 ; 7.340 ; Rise       ; LOADF           ;
; salidaFinal[*]      ; LOADF      ; 5.445 ; 5.513 ; Rise       ; LOADF           ;
;  salidaFinal[0]     ; LOADF      ; 5.519 ; 5.532 ; Rise       ; LOADF           ;
;  salidaFinal[1]     ; LOADF      ; 5.588 ; 5.659 ; Rise       ; LOADF           ;
;  salidaFinal[2]     ; LOADF      ; 5.733 ; 5.779 ; Rise       ; LOADF           ;
;  salidaFinal[3]     ; LOADF      ; 5.445 ; 5.513 ; Rise       ; LOADF           ;
;  salidaFinal[4]     ; LOADF      ; 5.523 ; 5.547 ; Rise       ; LOADF           ;
;  salidaFinal[5]     ; LOADF      ; 5.821 ; 5.931 ; Rise       ; LOADF           ;
;  salidaFinal[6]     ; LOADF      ; 5.732 ; 5.844 ; Rise       ; LOADF           ;
;  salidaFinal[7]     ; LOADF      ; 5.685 ; 5.733 ; Rise       ; LOADF           ;
;  salidaFinal[8]     ; LOADF      ; 6.166 ; 6.256 ; Rise       ; LOADF           ;
;  salidaFinal[9]     ; LOADF      ; 5.784 ; 5.841 ; Rise       ; LOADF           ;
;  salidaFinal[10]    ; LOADF      ; 6.117 ; 6.216 ; Rise       ; LOADF           ;
;  salidaFinal[11]    ; LOADF      ; 6.118 ; 6.288 ; Rise       ; LOADF           ;
; ERROR               ; LOADI      ; 6.235 ; 6.300 ; Rise       ; LOADI           ;
; postmux[*]          ; LOADI      ; 5.653 ; 5.748 ; Rise       ; LOADI           ;
;  postmux[0]         ; LOADI      ; 6.180 ; 6.358 ; Rise       ; LOADI           ;
;  postmux[1]         ; LOADI      ; 5.876 ; 5.965 ; Rise       ; LOADI           ;
;  postmux[2]         ; LOADI      ; 6.255 ; 6.382 ; Rise       ; LOADI           ;
;  postmux[3]         ; LOADI      ; 6.011 ; 6.186 ; Rise       ; LOADI           ;
;  postmux[4]         ; LOADI      ; 7.064 ; 7.342 ; Rise       ; LOADI           ;
;  postmux[5]         ; LOADI      ; 6.340 ; 6.471 ; Rise       ; LOADI           ;
;  postmux[6]         ; LOADI      ; 5.653 ; 5.748 ; Rise       ; LOADI           ;
;  postmux[7]         ; LOADI      ; 6.303 ; 6.431 ; Rise       ; LOADI           ;
;  postmux[8]         ; LOADI      ; 6.549 ; 6.730 ; Rise       ; LOADI           ;
;  postmux[9]         ; LOADI      ; 6.173 ; 6.298 ; Rise       ; LOADI           ;
;  postmux[10]        ; LOADI      ; 6.657 ; 6.837 ; Rise       ; LOADI           ;
;  postmux[11]        ; LOADI      ; 6.326 ; 6.462 ; Rise       ; LOADI           ;
; salidaInicial[*]    ; LOADI      ; 5.301 ; 5.313 ; Rise       ; LOADI           ;
;  salidaInicial[0]   ; LOADI      ; 5.800 ; 5.943 ; Rise       ; LOADI           ;
;  salidaInicial[1]   ; LOADI      ; 5.450 ; 5.554 ; Rise       ; LOADI           ;
;  salidaInicial[2]   ; LOADI      ; 6.130 ; 6.321 ; Rise       ; LOADI           ;
;  salidaInicial[3]   ; LOADI      ; 5.301 ; 5.313 ; Rise       ; LOADI           ;
;  salidaInicial[4]   ; LOADI      ; 5.527 ; 5.661 ; Rise       ; LOADI           ;
;  salidaInicial[5]   ; LOADI      ; 5.505 ; 5.556 ; Rise       ; LOADI           ;
;  salidaInicial[6]   ; LOADI      ; 5.811 ; 5.958 ; Rise       ; LOADI           ;
;  salidaInicial[7]   ; LOADI      ; 5.833 ; 5.985 ; Rise       ; LOADI           ;
;  salidaInicial[8]   ; LOADI      ; 6.289 ; 6.503 ; Rise       ; LOADI           ;
;  salidaInicial[9]   ; LOADI      ; 6.205 ; 6.346 ; Rise       ; LOADI           ;
;  salidaInicial[10]  ; LOADI      ; 5.501 ; 5.545 ; Rise       ; LOADI           ;
;  salidaInicial[11]  ; LOADI      ; 6.112 ; 6.243 ; Rise       ; LOADI           ;
+---------------------+------------+-------+-------+------------+-----------------+


+--------------------------------------------------------------+
; Propagation Delay                                            ;
+------------+-------------+--------+--------+--------+--------+
; Input Port ; Output Port ; RR     ; RF     ; FR     ; FF     ;
+------------+-------------+--------+--------+--------+--------+
; UP_DOWN    ; CYOUT       ; 11.080 ; 10.817 ; 11.248 ; 11.589 ;
; UP_DOWN    ; ERROR       ; 9.221  ; 9.150  ; 9.623  ; 9.628  ;
; UP_DOWN    ; FIN         ; 10.222 ; 10.370 ; 10.737 ; 10.733 ;
; UP_DOWN    ; postmux[1]  ; 9.963  ; 9.915  ; 10.467 ; 10.410 ;
; UP_DOWN    ; postmux[2]  ; 10.314 ; 10.281 ; 10.829 ; 10.752 ;
; UP_DOWN    ; postmux[3]  ; 10.225 ; 10.206 ; 10.781 ; 10.710 ;
; UP_DOWN    ; postmux[4]  ; 11.962 ; 12.087 ; 12.479 ; 12.595 ;
; UP_DOWN    ; postmux[5]  ; 10.920 ; 10.893 ; 11.474 ; 11.395 ;
; UP_DOWN    ; postmux[6]  ; 9.787  ; 9.700  ; 10.305 ; 10.209 ;
; UP_DOWN    ; postmux[7]  ; 11.177 ; 11.152 ; 11.748 ; 11.671 ;
; UP_DOWN    ; postmux[8]  ; 11.221 ; 11.208 ; 11.799 ; 11.685 ;
; UP_DOWN    ; postmux[9]  ; 11.176 ; 11.143 ; 11.696 ; 11.654 ;
; UP_DOWN    ; postmux[10] ; 11.756 ; 11.684 ; 12.276 ; 12.195 ;
; UP_DOWN    ; postmux[11] ; 11.789 ; 11.713 ; 12.313 ; 12.228 ;
; b0         ; CYOUT       ; 11.155 ; 11.174 ; 11.615 ; 11.667 ;
; b0         ; PAUSE       ;        ; 10.189 ; 10.619 ;        ;
; b0         ; postmux[0]  ; 8.896  ; 8.836  ; 9.354  ; 9.325  ;
; b0         ; postmux[1]  ; 10.052 ; 9.995  ; 10.545 ; 10.488 ;
; b0         ; postmux[2]  ; 10.414 ; 10.356 ; 10.907 ; 10.830 ;
; b0         ; postmux[3]  ; 10.366 ; 10.295 ; 10.859 ; 10.788 ;
; b0         ; postmux[4]  ; 12.064 ; 12.180 ; 12.557 ; 12.673 ;
; b0         ; postmux[5]  ; 11.059 ; 10.980 ; 11.552 ; 11.473 ;
; b0         ; postmux[6]  ; 9.890  ; 9.794  ; 10.383 ; 10.287 ;
; b0         ; postmux[7]  ; 11.333 ; 11.256 ; 11.826 ; 11.749 ;
; b0         ; postmux[8]  ; 11.384 ; 11.283 ; 11.877 ; 11.763 ;
; b0         ; postmux[9]  ; 11.281 ; 11.239 ; 11.774 ; 11.732 ;
; b0         ; postmux[10] ; 11.861 ; 11.780 ; 12.354 ; 12.273 ;
; b0         ; postmux[11] ; 11.898 ; 11.813 ; 12.391 ; 12.306 ;
; b1         ; CYOUT       ; 11.045 ; 11.097 ; 11.534 ; 11.522 ;
; b1         ; PAUSE       ;        ; 10.246 ; 10.666 ;        ;
; b1         ; postmux[1]  ; 9.944  ; 9.928  ; 10.435 ; 10.375 ;
; b1         ; postmux[2]  ; 10.337 ; 10.260 ; 10.768 ; 10.735 ;
; b1         ; postmux[3]  ; 10.289 ; 10.218 ; 10.714 ; 10.660 ;
; b1         ; postmux[4]  ; 11.987 ; 12.103 ; 12.416 ; 12.541 ;
; b1         ; postmux[5]  ; 10.982 ; 10.903 ; 11.407 ; 11.347 ;
; b1         ; postmux[6]  ; 9.813  ; 9.717  ; 10.241 ; 10.154 ;
; b1         ; postmux[7]  ; 11.256 ; 11.179 ; 11.681 ; 11.606 ;
; b1         ; postmux[8]  ; 11.307 ; 11.193 ; 11.732 ; 11.662 ;
; b1         ; postmux[9]  ; 11.204 ; 11.162 ; 11.630 ; 11.597 ;
; b1         ; postmux[10] ; 11.784 ; 11.703 ; 12.210 ; 12.138 ;
; b1         ; postmux[11] ; 11.821 ; 11.736 ; 12.246 ; 12.167 ;
; b2         ; CYOUT       ; 11.100 ; 11.150 ; 11.660 ; 11.692 ;
; b2         ; PAUSE       ;        ; 10.079 ; 10.555 ;        ;
; b2         ; postmux[2]  ; 9.392  ; 9.327  ; 9.931  ; 9.857  ;
; b2         ; postmux[3]  ; 10.342 ; 10.271 ; 10.884 ; 10.813 ;
; b2         ; postmux[4]  ; 12.040 ; 12.156 ; 12.582 ; 12.698 ;
; b2         ; postmux[5]  ; 11.035 ; 10.956 ; 11.577 ; 11.498 ;
; b2         ; postmux[6]  ; 9.866  ; 9.770  ; 10.408 ; 10.312 ;
; b2         ; postmux[7]  ; 11.309 ; 11.232 ; 11.851 ; 11.774 ;
; b2         ; postmux[8]  ; 11.360 ; 11.246 ; 11.902 ; 11.788 ;
; b2         ; postmux[9]  ; 11.257 ; 11.215 ; 11.799 ; 11.757 ;
; b2         ; postmux[10] ; 11.837 ; 11.756 ; 12.379 ; 12.298 ;
; b2         ; postmux[11] ; 11.874 ; 11.789 ; 12.416 ; 12.331 ;
+------------+-------------+--------+--------+--------+--------+


+----------------------------------------------------------+
; Minimum Propagation Delay                                ;
+------------+-------------+-------+-------+-------+-------+
; Input Port ; Output Port ; RR    ; RF    ; FR    ; FF    ;
+------------+-------------+-------+-------+-------+-------+
; UP_DOWN    ; CYOUT       ; 4.574 ; 5.801 ; 6.247 ; 5.169 ;
; UP_DOWN    ; ERROR       ; 5.169 ; 5.211 ; 5.737 ; 5.812 ;
; UP_DOWN    ; FIN         ; 5.740 ; 6.023 ; 6.378 ; 6.577 ;
; UP_DOWN    ; postmux[1]  ; 5.350 ; 5.465 ; 5.947 ; 6.044 ;
; UP_DOWN    ; postmux[2]  ; 5.158 ; 5.237 ; 5.754 ; 5.815 ;
; UP_DOWN    ; postmux[3]  ; 5.076 ; 5.210 ; 5.674 ; 5.792 ;
; UP_DOWN    ; postmux[4]  ; 6.247 ; 6.493 ; 6.844 ; 7.089 ;
; UP_DOWN    ; postmux[5]  ; 5.141 ; 5.225 ; 5.697 ; 5.800 ;
; UP_DOWN    ; postmux[6]  ; 4.600 ; 4.650 ; 5.179 ; 5.228 ;
; UP_DOWN    ; postmux[7]  ; 5.096 ; 5.173 ; 5.653 ; 5.749 ;
; UP_DOWN    ; postmux[8]  ; 5.230 ; 5.328 ; 5.827 ; 5.922 ;
; UP_DOWN    ; postmux[9]  ; 4.997 ; 5.067 ; 5.589 ; 5.656 ;
; UP_DOWN    ; postmux[10] ; 5.279 ; 5.372 ; 5.836 ; 5.949 ;
; UP_DOWN    ; postmux[11] ; 5.150 ; 5.238 ; 5.729 ; 5.816 ;
; b0         ; CYOUT       ; 6.121 ; 6.276 ; 6.731 ; 6.905 ;
; b0         ; PAUSE       ;       ; 5.821 ; 6.556 ;       ;
; b0         ; postmux[0]  ; 4.967 ; 5.083 ; 5.575 ; 5.710 ;
; b0         ; postmux[1]  ; 5.587 ; 5.694 ; 6.197 ; 6.304 ;
; b0         ; postmux[2]  ; 5.732 ; 5.811 ; 6.342 ; 6.421 ;
; b0         ; postmux[3]  ; 5.671 ; 5.807 ; 6.281 ; 6.417 ;
; b0         ; postmux[4]  ; 6.805 ; 7.044 ; 7.415 ; 7.654 ;
; b0         ; postmux[5]  ; 6.105 ; 6.200 ; 6.715 ; 6.810 ;
; b0         ; postmux[6]  ; 5.406 ; 5.449 ; 6.016 ; 6.059 ;
; b0         ; postmux[7]  ; 6.220 ; 6.308 ; 6.830 ; 6.918 ;
; b0         ; postmux[8]  ; 6.222 ; 6.321 ; 6.832 ; 6.931 ;
; b0         ; postmux[9]  ; 6.209 ; 6.274 ; 6.819 ; 6.884 ;
; b0         ; postmux[10] ; 6.544 ; 6.642 ; 7.154 ; 7.252 ;
; b0         ; postmux[11] ; 6.537 ; 6.618 ; 7.147 ; 7.228 ;
; b1         ; CYOUT       ; 6.053 ; 6.208 ; 6.683 ; 6.803 ;
; b1         ; PAUSE       ;       ; 5.858 ; 6.576 ;       ;
; b1         ; postmux[1]  ; 5.513 ; 5.628 ; 6.135 ; 6.231 ;
; b1         ; postmux[2]  ; 5.664 ; 5.743 ; 6.294 ; 6.365 ;
; b1         ; postmux[3]  ; 5.603 ; 5.739 ; 6.233 ; 6.369 ;
; b1         ; postmux[4]  ; 6.737 ; 6.976 ; 7.367 ; 7.606 ;
; b1         ; postmux[5]  ; 6.037 ; 6.132 ; 6.667 ; 6.762 ;
; b1         ; postmux[6]  ; 5.338 ; 5.381 ; 5.968 ; 6.011 ;
; b1         ; postmux[7]  ; 6.152 ; 6.240 ; 6.782 ; 6.870 ;
; b1         ; postmux[8]  ; 6.154 ; 6.253 ; 6.784 ; 6.883 ;
; b1         ; postmux[9]  ; 6.141 ; 6.206 ; 6.771 ; 6.836 ;
; b1         ; postmux[10] ; 6.476 ; 6.574 ; 7.106 ; 7.204 ;
; b1         ; postmux[11] ; 6.469 ; 6.550 ; 7.099 ; 7.180 ;
; b2         ; CYOUT       ; 6.126 ; 6.257 ; 6.806 ; 6.927 ;
; b2         ; PAUSE       ;       ; 5.811 ; 6.570 ;       ;
; b2         ; postmux[2]  ; 5.300 ; 5.371 ; 5.947 ; 6.011 ;
; b2         ; postmux[3]  ; 5.676 ; 5.812 ; 6.356 ; 6.492 ;
; b2         ; postmux[4]  ; 6.810 ; 7.049 ; 7.490 ; 7.729 ;
; b2         ; postmux[5]  ; 6.110 ; 6.205 ; 6.790 ; 6.885 ;
; b2         ; postmux[6]  ; 5.411 ; 5.454 ; 6.091 ; 6.134 ;
; b2         ; postmux[7]  ; 6.225 ; 6.313 ; 6.905 ; 6.993 ;
; b2         ; postmux[8]  ; 6.227 ; 6.326 ; 6.907 ; 7.006 ;
; b2         ; postmux[9]  ; 6.214 ; 6.279 ; 6.894 ; 6.959 ;
; b2         ; postmux[10] ; 6.549 ; 6.647 ; 7.229 ; 7.327 ;
; b2         ; postmux[11] ; 6.542 ; 6.623 ; 7.222 ; 7.303 ;
+------------+-------------+-------+-------+-------+-------+


+-----------------------------------------------------------------------------------------------------------------------------------------------------------------------------------------------------------------------------------------------------------------------------------------------------------------------------------------------------------------------------------------------------------------------+
; Board Trace Model Assignments                                                                                                                                                                                                                                                                                                                                                                                         ;
+--------------------+--------------+-------------------+-------------------------+-------------------------+---------------+---------------------+----------------+------------------+--------+------------------+------------------------+------------------------+--------------+---------------+-----------------+-------+---------------------+--------------------+---------------+-----------------+-------------+
; Pin                ; I/O Standard ; Near Tline Length ; Near Tline L per Length ; Near Tline C per Length ; Near Series R ; Near Differential R ; Near Pull-up R ; Near Pull-down R ; Near C ; Far Tline Length ; Far Tline L per Length ; Far Tline C per Length ; Far Series R ; Far Pull-up R ; Far Pull-down R ; Far C ; Termination Voltage ; Far Differential R ; EBD File Name ; EBD Signal Name ; EBD Far-end ;
+--------------------+--------------+-------------------+-------------------------+-------------------------+---------------+---------------------+----------------+------------------+--------+------------------+------------------------+------------------------+--------------+---------------+-----------------+-------+---------------------+--------------------+---------------+-----------------+-------------+
; PAUSE              ; 2.5 V        ; 0 in              ; 0 H/in                  ; 0 F/in                  ; short         ; -                   ; open           ; open             ; open   ; 0 in             ; 0 H/in                 ; 0 F/in                 ; short        ; open          ; open            ; open  ; 0 V                 ; -                  ; n/a           ; n/a             ; n/a         ;
; ERROR              ; 2.5 V        ; 0 in              ; 0 H/in                  ; 0 F/in                  ; short         ; -                   ; open           ; open             ; open   ; 0 in             ; 0 H/in                 ; 0 F/in                 ; short        ; open          ; open            ; open  ; 0 V                 ; -                  ; n/a           ; n/a             ; n/a         ;
; Q2                 ; 2.5 V        ; 0 in              ; 0 H/in                  ; 0 F/in                  ; short         ; -                   ; open           ; open             ; open   ; 0 in             ; 0 H/in                 ; 0 F/in                 ; short        ; open          ; open            ; open  ; 0 V                 ; -                  ; n/a           ; n/a             ; n/a         ;
; FIN                ; 2.5 V        ; 0 in              ; 0 H/in                  ; 0 F/in                  ; short         ; -                   ; open           ; open             ; open   ; 0 in             ; 0 H/in                 ; 0 F/in                 ; short        ; open          ; open            ; open  ; 0 V                 ; -                  ; n/a           ; n/a             ; n/a         ;
; Q1                 ; 2.5 V        ; 0 in              ; 0 H/in                  ; 0 F/in                  ; short         ; -                   ; open           ; open             ; open   ; 0 in             ; 0 H/in                 ; 0 F/in                 ; short        ; open          ; open            ; open  ; 0 V                 ; -                  ; n/a           ; n/a             ; n/a         ;
; Q0                 ; 2.5 V        ; 0 in              ; 0 H/in                  ; 0 F/in                  ; short         ; -                   ; open           ; open             ; open   ; 0 in             ; 0 H/in                 ; 0 F/in                 ; short        ; open          ; open            ; open  ; 0 V                 ; -                  ; n/a           ; n/a             ; n/a         ;
; postRegSumador[11] ; 2.5 V        ; 0 in              ; 0 H/in                  ; 0 F/in                  ; short         ; -                   ; open           ; open             ; open   ; 0 in             ; 0 H/in                 ; 0 F/in                 ; short        ; open          ; open            ; open  ; 0 V                 ; -                  ; n/a           ; n/a             ; n/a         ;
; postRegSumador[10] ; 2.5 V        ; 0 in              ; 0 H/in                  ; 0 F/in                  ; short         ; -                   ; open           ; open             ; open   ; 0 in             ; 0 H/in                 ; 0 F/in                 ; short        ; open          ; open            ; open  ; 0 V                 ; -                  ; n/a           ; n/a             ; n/a         ;
; postRegSumador[9]  ; 2.5 V        ; 0 in              ; 0 H/in                  ; 0 F/in                  ; short         ; -                   ; open           ; open             ; open   ; 0 in             ; 0 H/in                 ; 0 F/in                 ; short        ; open          ; open            ; open  ; 0 V                 ; -                  ; n/a           ; n/a             ; n/a         ;
; postRegSumador[8]  ; 2.5 V        ; 0 in              ; 0 H/in                  ; 0 F/in                  ; short         ; -                   ; open           ; open             ; open   ; 0 in             ; 0 H/in                 ; 0 F/in                 ; short        ; open          ; open            ; open  ; 0 V                 ; -                  ; n/a           ; n/a             ; n/a         ;
; postRegSumador[7]  ; 2.5 V        ; 0 in              ; 0 H/in                  ; 0 F/in                  ; short         ; -                   ; open           ; open             ; open   ; 0 in             ; 0 H/in                 ; 0 F/in                 ; short        ; open          ; open            ; open  ; 0 V                 ; -                  ; n/a           ; n/a             ; n/a         ;
; postRegSumador[6]  ; 2.5 V        ; 0 in              ; 0 H/in                  ; 0 F/in                  ; short         ; -                   ; open           ; open             ; open   ; 0 in             ; 0 H/in                 ; 0 F/in                 ; short        ; open          ; open            ; open  ; 0 V                 ; -                  ; n/a           ; n/a             ; n/a         ;
; postRegSumador[5]  ; 2.5 V        ; 0 in              ; 0 H/in                  ; 0 F/in                  ; short         ; -                   ; open           ; open             ; open   ; 0 in             ; 0 H/in                 ; 0 F/in                 ; short        ; open          ; open            ; open  ; 0 V                 ; -                  ; n/a           ; n/a             ; n/a         ;
; postRegSumador[4]  ; 2.5 V        ; 0 in              ; 0 H/in                  ; 0 F/in                  ; short         ; -                   ; open           ; open             ; open   ; 0 in             ; 0 H/in                 ; 0 F/in                 ; short        ; open          ; open            ; open  ; 0 V                 ; -                  ; n/a           ; n/a             ; n/a         ;
; postRegSumador[3]  ; 2.5 V        ; 0 in              ; 0 H/in                  ; 0 F/in                  ; short         ; -                   ; open           ; open             ; open   ; 0 in             ; 0 H/in                 ; 0 F/in                 ; short        ; open          ; open            ; open  ; 0 V                 ; -                  ; n/a           ; n/a             ; n/a         ;
; postRegSumador[2]  ; 2.5 V        ; 0 in              ; 0 H/in                  ; 0 F/in                  ; short         ; -                   ; open           ; open             ; open   ; 0 in             ; 0 H/in                 ; 0 F/in                 ; short        ; open          ; open            ; open  ; 0 V                 ; -                  ; n/a           ; n/a             ; n/a         ;
; postRegSumador[1]  ; 2.5 V        ; 0 in              ; 0 H/in                  ; 0 F/in                  ; short         ; -                   ; open           ; open             ; open   ; 0 in             ; 0 H/in                 ; 0 F/in                 ; short        ; open          ; open            ; open  ; 0 V                 ; -                  ; n/a           ; n/a             ; n/a         ;
; postRegSumador[0]  ; 2.5 V        ; 0 in              ; 0 H/in                  ; 0 F/in                  ; short         ; -                   ; open           ; open             ; open   ; 0 in             ; 0 H/in                 ; 0 F/in                 ; short        ; open          ; open            ; open  ; 0 V                 ; -                  ; n/a           ; n/a             ; n/a         ;
; CYOUT              ; 2.5 V        ; 0 in              ; 0 H/in                  ; 0 F/in                  ; short         ; -                   ; open           ; open             ; open   ; 0 in             ; 0 H/in                 ; 0 F/in                 ; short        ; open          ; open            ; open  ; 0 V                 ; -                  ; n/a           ; n/a             ; n/a         ;
; postmux[11]        ; 2.5 V        ; 0 in              ; 0 H/in                  ; 0 F/in                  ; short         ; -                   ; open           ; open             ; open   ; 0 in             ; 0 H/in                 ; 0 F/in                 ; short        ; open          ; open            ; open  ; 0 V                 ; -                  ; n/a           ; n/a             ; n/a         ;
; postmux[10]        ; 2.5 V        ; 0 in              ; 0 H/in                  ; 0 F/in                  ; short         ; -                   ; open           ; open             ; open   ; 0 in             ; 0 H/in                 ; 0 F/in                 ; short        ; open          ; open            ; open  ; 0 V                 ; -                  ; n/a           ; n/a             ; n/a         ;
; postmux[9]         ; 2.5 V        ; 0 in              ; 0 H/in                  ; 0 F/in                  ; short         ; -                   ; open           ; open             ; open   ; 0 in             ; 0 H/in                 ; 0 F/in                 ; short        ; open          ; open            ; open  ; 0 V                 ; -                  ; n/a           ; n/a             ; n/a         ;
; postmux[8]         ; 2.5 V        ; 0 in              ; 0 H/in                  ; 0 F/in                  ; short         ; -                   ; open           ; open             ; open   ; 0 in             ; 0 H/in                 ; 0 F/in                 ; short        ; open          ; open            ; open  ; 0 V                 ; -                  ; n/a           ; n/a             ; n/a         ;
; postmux[7]         ; 2.5 V        ; 0 in              ; 0 H/in                  ; 0 F/in                  ; short         ; -                   ; open           ; open             ; open   ; 0 in             ; 0 H/in                 ; 0 F/in                 ; short        ; open          ; open            ; open  ; 0 V                 ; -                  ; n/a           ; n/a             ; n/a         ;
; postmux[6]         ; 2.5 V        ; 0 in              ; 0 H/in                  ; 0 F/in                  ; short         ; -                   ; open           ; open             ; open   ; 0 in             ; 0 H/in                 ; 0 F/in                 ; short        ; open          ; open            ; open  ; 0 V                 ; -                  ; n/a           ; n/a             ; n/a         ;
; postmux[5]         ; 2.5 V        ; 0 in              ; 0 H/in                  ; 0 F/in                  ; short         ; -                   ; open           ; open             ; open   ; 0 in             ; 0 H/in                 ; 0 F/in                 ; short        ; open          ; open            ; open  ; 0 V                 ; -                  ; n/a           ; n/a             ; n/a         ;
; postmux[4]         ; 2.5 V        ; 0 in              ; 0 H/in                  ; 0 F/in                  ; short         ; -                   ; open           ; open             ; open   ; 0 in             ; 0 H/in                 ; 0 F/in                 ; short        ; open          ; open            ; open  ; 0 V                 ; -                  ; n/a           ; n/a             ; n/a         ;
; postmux[3]         ; 2.5 V        ; 0 in              ; 0 H/in                  ; 0 F/in                  ; short         ; -                   ; open           ; open             ; open   ; 0 in             ; 0 H/in                 ; 0 F/in                 ; short        ; open          ; open            ; open  ; 0 V                 ; -                  ; n/a           ; n/a             ; n/a         ;
; postmux[2]         ; 2.5 V        ; 0 in              ; 0 H/in                  ; 0 F/in                  ; short         ; -                   ; open           ; open             ; open   ; 0 in             ; 0 H/in                 ; 0 F/in                 ; short        ; open          ; open            ; open  ; 0 V                 ; -                  ; n/a           ; n/a             ; n/a         ;
; postmux[1]         ; 2.5 V        ; 0 in              ; 0 H/in                  ; 0 F/in                  ; short         ; -                   ; open           ; open             ; open   ; 0 in             ; 0 H/in                 ; 0 F/in                 ; short        ; open          ; open            ; open  ; 0 V                 ; -                  ; n/a           ; n/a             ; n/a         ;
; postmux[0]         ; 2.5 V        ; 0 in              ; 0 H/in                  ; 0 F/in                  ; short         ; -                   ; open           ; open             ; open   ; 0 in             ; 0 H/in                 ; 0 F/in                 ; short        ; open          ; open            ; open  ; 0 V                 ; -                  ; n/a           ; n/a             ; n/a         ;
; salidaFinal[11]    ; 2.5 V        ; 0 in              ; 0 H/in                  ; 0 F/in                  ; short         ; -                   ; open           ; open             ; open   ; 0 in             ; 0 H/in                 ; 0 F/in                 ; short        ; open          ; open            ; open  ; 0 V                 ; -                  ; n/a           ; n/a             ; n/a         ;
; salidaFinal[10]    ; 2.5 V        ; 0 in              ; 0 H/in                  ; 0 F/in                  ; short         ; -                   ; open           ; open             ; open   ; 0 in             ; 0 H/in                 ; 0 F/in                 ; short        ; open          ; open            ; open  ; 0 V                 ; -                  ; n/a           ; n/a             ; n/a         ;
; salidaFinal[9]     ; 2.5 V        ; 0 in              ; 0 H/in                  ; 0 F/in                  ; short         ; -                   ; open           ; open             ; open   ; 0 in             ; 0 H/in                 ; 0 F/in                 ; short        ; open          ; open            ; open  ; 0 V                 ; -                  ; n/a           ; n/a             ; n/a         ;
; salidaFinal[8]     ; 2.5 V        ; 0 in              ; 0 H/in                  ; 0 F/in                  ; short         ; -                   ; open           ; open             ; open   ; 0 in             ; 0 H/in                 ; 0 F/in                 ; short        ; open          ; open            ; open  ; 0 V                 ; -                  ; n/a           ; n/a             ; n/a         ;
; salidaFinal[7]     ; 2.5 V        ; 0 in              ; 0 H/in                  ; 0 F/in                  ; short         ; -                   ; open           ; open             ; open   ; 0 in             ; 0 H/in                 ; 0 F/in                 ; short        ; open          ; open            ; open  ; 0 V                 ; -                  ; n/a           ; n/a             ; n/a         ;
; salidaFinal[6]     ; 2.5 V        ; 0 in              ; 0 H/in                  ; 0 F/in                  ; short         ; -                   ; open           ; open             ; open   ; 0 in             ; 0 H/in                 ; 0 F/in                 ; short        ; open          ; open            ; open  ; 0 V                 ; -                  ; n/a           ; n/a             ; n/a         ;
; salidaFinal[5]     ; 2.5 V        ; 0 in              ; 0 H/in                  ; 0 F/in                  ; short         ; -                   ; open           ; open             ; open   ; 0 in             ; 0 H/in                 ; 0 F/in                 ; short        ; open          ; open            ; open  ; 0 V                 ; -                  ; n/a           ; n/a             ; n/a         ;
; salidaFinal[4]     ; 2.5 V        ; 0 in              ; 0 H/in                  ; 0 F/in                  ; short         ; -                   ; open           ; open             ; open   ; 0 in             ; 0 H/in                 ; 0 F/in                 ; short        ; open          ; open            ; open  ; 0 V                 ; -                  ; n/a           ; n/a             ; n/a         ;
; salidaFinal[3]     ; 2.5 V        ; 0 in              ; 0 H/in                  ; 0 F/in                  ; short         ; -                   ; open           ; open             ; open   ; 0 in             ; 0 H/in                 ; 0 F/in                 ; short        ; open          ; open            ; open  ; 0 V                 ; -                  ; n/a           ; n/a             ; n/a         ;
; salidaFinal[2]     ; 2.5 V        ; 0 in              ; 0 H/in                  ; 0 F/in                  ; short         ; -                   ; open           ; open             ; open   ; 0 in             ; 0 H/in                 ; 0 F/in                 ; short        ; open          ; open            ; open  ; 0 V                 ; -                  ; n/a           ; n/a             ; n/a         ;
; salidaFinal[1]     ; 2.5 V        ; 0 in              ; 0 H/in                  ; 0 F/in                  ; short         ; -                   ; open           ; open             ; open   ; 0 in             ; 0 H/in                 ; 0 F/in                 ; short        ; open          ; open            ; open  ; 0 V                 ; -                  ; n/a           ; n/a             ; n/a         ;
; salidaFinal[0]     ; 2.5 V        ; 0 in              ; 0 H/in                  ; 0 F/in                  ; short         ; -                   ; open           ; open             ; open   ; 0 in             ; 0 H/in                 ; 0 F/in                 ; short        ; open          ; open            ; open  ; 0 V                 ; -                  ; n/a           ; n/a             ; n/a         ;
; salidaInicial[11]  ; 2.5 V        ; 0 in              ; 0 H/in                  ; 0 F/in                  ; short         ; -                   ; open           ; open             ; open   ; 0 in             ; 0 H/in                 ; 0 F/in                 ; short        ; open          ; open            ; open  ; 0 V                 ; -                  ; n/a           ; n/a             ; n/a         ;
; salidaInicial[10]  ; 2.5 V        ; 0 in              ; 0 H/in                  ; 0 F/in                  ; short         ; -                   ; open           ; open             ; open   ; 0 in             ; 0 H/in                 ; 0 F/in                 ; short        ; open          ; open            ; open  ; 0 V                 ; -                  ; n/a           ; n/a             ; n/a         ;
; salidaInicial[9]   ; 2.5 V        ; 0 in              ; 0 H/in                  ; 0 F/in                  ; short         ; -                   ; open           ; open             ; open   ; 0 in             ; 0 H/in                 ; 0 F/in                 ; short        ; open          ; open            ; open  ; 0 V                 ; -                  ; n/a           ; n/a             ; n/a         ;
; salidaInicial[8]   ; 2.5 V        ; 0 in              ; 0 H/in                  ; 0 F/in                  ; short         ; -                   ; open           ; open             ; open   ; 0 in             ; 0 H/in                 ; 0 F/in                 ; short        ; open          ; open            ; open  ; 0 V                 ; -                  ; n/a           ; n/a             ; n/a         ;
; salidaInicial[7]   ; 2.5 V        ; 0 in              ; 0 H/in                  ; 0 F/in                  ; short         ; -                   ; open           ; open             ; open   ; 0 in             ; 0 H/in                 ; 0 F/in                 ; short        ; open          ; open            ; open  ; 0 V                 ; -                  ; n/a           ; n/a             ; n/a         ;
; salidaInicial[6]   ; 2.5 V        ; 0 in              ; 0 H/in                  ; 0 F/in                  ; short         ; -                   ; open           ; open             ; open   ; 0 in             ; 0 H/in                 ; 0 F/in                 ; short        ; open          ; open            ; open  ; 0 V                 ; -                  ; n/a           ; n/a             ; n/a         ;
; salidaInicial[5]   ; 2.5 V        ; 0 in              ; 0 H/in                  ; 0 F/in                  ; short         ; -                   ; open           ; open             ; open   ; 0 in             ; 0 H/in                 ; 0 F/in                 ; short        ; open          ; open            ; open  ; 0 V                 ; -                  ; n/a           ; n/a             ; n/a         ;
; salidaInicial[4]   ; 2.5 V        ; 0 in              ; 0 H/in                  ; 0 F/in                  ; short         ; -                   ; open           ; open             ; open   ; 0 in             ; 0 H/in                 ; 0 F/in                 ; short        ; open          ; open            ; open  ; 0 V                 ; -                  ; n/a           ; n/a             ; n/a         ;
; salidaInicial[3]   ; 2.5 V        ; 0 in              ; 0 H/in                  ; 0 F/in                  ; short         ; -                   ; open           ; open             ; open   ; 0 in             ; 0 H/in                 ; 0 F/in                 ; short        ; open          ; open            ; open  ; 0 V                 ; -                  ; n/a           ; n/a             ; n/a         ;
; salidaInicial[2]   ; 2.5 V        ; 0 in              ; 0 H/in                  ; 0 F/in                  ; short         ; -                   ; open           ; open             ; open   ; 0 in             ; 0 H/in                 ; 0 F/in                 ; short        ; open          ; open            ; open  ; 0 V                 ; -                  ; n/a           ; n/a             ; n/a         ;
; salidaInicial[1]   ; 2.5 V        ; 0 in              ; 0 H/in                  ; 0 F/in                  ; short         ; -                   ; open           ; open             ; open   ; 0 in             ; 0 H/in                 ; 0 F/in                 ; short        ; open          ; open            ; open  ; 0 V                 ; -                  ; n/a           ; n/a             ; n/a         ;
; salidaInicial[0]   ; 2.5 V        ; 0 in              ; 0 H/in                  ; 0 F/in                  ; short         ; -                   ; open           ; open             ; open   ; 0 in             ; 0 H/in                 ; 0 F/in                 ; short        ; open          ; open            ; open  ; 0 V                 ; -                  ; n/a           ; n/a             ; n/a         ;
; DATA[11]           ; 2.5 V        ; 0 in              ; 0 H/in                  ; 0 F/in                  ; short         ; -                   ; open           ; open             ; open   ; 0 in             ; 0 H/in                 ; 0 F/in                 ; short        ; open          ; open            ; open  ; 0 V                 ; -                  ; n/a           ; n/a             ; n/a         ;
; DATA[10]           ; 2.5 V        ; 0 in              ; 0 H/in                  ; 0 F/in                  ; short         ; -                   ; open           ; open             ; open   ; 0 in             ; 0 H/in                 ; 0 F/in                 ; short        ; open          ; open            ; open  ; 0 V                 ; -                  ; n/a           ; n/a             ; n/a         ;
; DATA[9]            ; 2.5 V        ; 0 in              ; 0 H/in                  ; 0 F/in                  ; short         ; -                   ; open           ; open             ; open   ; 0 in             ; 0 H/in                 ; 0 F/in                 ; short        ; open          ; open            ; open  ; 0 V                 ; -                  ; n/a           ; n/a             ; n/a         ;
; DATA[8]            ; 2.5 V        ; 0 in              ; 0 H/in                  ; 0 F/in                  ; short         ; -                   ; open           ; open             ; open   ; 0 in             ; 0 H/in                 ; 0 F/in                 ; short        ; open          ; open            ; open  ; 0 V                 ; -                  ; n/a           ; n/a             ; n/a         ;
; DATA[7]            ; 2.5 V        ; 0 in              ; 0 H/in                  ; 0 F/in                  ; short         ; -                   ; open           ; open             ; open   ; 0 in             ; 0 H/in                 ; 0 F/in                 ; short        ; open          ; open            ; open  ; 0 V                 ; -                  ; n/a           ; n/a             ; n/a         ;
; DATA[6]            ; 2.5 V        ; 0 in              ; 0 H/in                  ; 0 F/in                  ; short         ; -                   ; open           ; open             ; open   ; 0 in             ; 0 H/in                 ; 0 F/in                 ; short        ; open          ; open            ; open  ; 0 V                 ; -                  ; n/a           ; n/a             ; n/a         ;
; DATA[5]            ; 2.5 V        ; 0 in              ; 0 H/in                  ; 0 F/in                  ; short         ; -                   ; open           ; open             ; open   ; 0 in             ; 0 H/in                 ; 0 F/in                 ; short        ; open          ; open            ; open  ; 0 V                 ; -                  ; n/a           ; n/a             ; n/a         ;
; DATA[4]            ; 2.5 V        ; 0 in              ; 0 H/in                  ; 0 F/in                  ; short         ; -                   ; open           ; open             ; open   ; 0 in             ; 0 H/in                 ; 0 F/in                 ; short        ; open          ; open            ; open  ; 0 V                 ; -                  ; n/a           ; n/a             ; n/a         ;
; DATA[3]            ; 2.5 V        ; 0 in              ; 0 H/in                  ; 0 F/in                  ; short         ; -                   ; open           ; open             ; open   ; 0 in             ; 0 H/in                 ; 0 F/in                 ; short        ; open          ; open            ; open  ; 0 V                 ; -                  ; n/a           ; n/a             ; n/a         ;
; DATA[2]            ; 2.5 V        ; 0 in              ; 0 H/in                  ; 0 F/in                  ; short         ; -                   ; open           ; open             ; open   ; 0 in             ; 0 H/in                 ; 0 F/in                 ; short        ; open          ; open            ; open  ; 0 V                 ; -                  ; n/a           ; n/a             ; n/a         ;
; DATA[1]            ; 2.5 V        ; 0 in              ; 0 H/in                  ; 0 F/in                  ; short         ; -                   ; open           ; open             ; open   ; 0 in             ; 0 H/in                 ; 0 F/in                 ; short        ; open          ; open            ; open  ; 0 V                 ; -                  ; n/a           ; n/a             ; n/a         ;
; DATA[0]            ; 2.5 V        ; 0 in              ; 0 H/in                  ; 0 F/in                  ; short         ; -                   ; open           ; open             ; open   ; 0 in             ; 0 H/in                 ; 0 F/in                 ; short        ; open          ; open            ; open  ; 0 V                 ; -                  ; n/a           ; n/a             ; n/a         ;
; ~ALTERA_NCEO~      ; 2.5 V        ; 0 in              ; 0 H/in                  ; 0 F/in                  ; short         ; -                   ; open           ; open             ; open   ; 0 in             ; 0 H/in                 ; 0 F/in                 ; short        ; open          ; open            ; open  ; 0 V                 ; -                  ; n/a           ; n/a             ; n/a         ;
; ~ALTERA_DCLK~      ; 2.5 V        ; 0 in              ; 0 H/in                  ; 0 F/in                  ; short         ; -                   ; open           ; open             ; open   ; 0 in             ; 0 H/in                 ; 0 F/in                 ; short        ; open          ; open            ; open  ; 0 V                 ; -                  ; n/a           ; n/a             ; n/a         ;
+--------------------+--------------+-------------------+-------------------------+-------------------------+---------------+---------------------+----------------+------------------+--------+------------------+------------------------+------------------------+--------------+---------------+-----------------+-------+---------------------+--------------------+---------------+-----------------+-------------+


+-------------------------------------------------------------------+
; Input Transition Times                                            ;
+----------------+--------------+-----------------+-----------------+
; Pin            ; I/O Standard ; 10-90 Rise Time ; 90-10 Fall Time ;
+----------------+--------------+-----------------+-----------------+
; DATA[11]       ; 2.5 V        ; 2000 ps         ; 2000 ps         ;
; DATA[10]       ; 2.5 V        ; 2000 ps         ; 2000 ps         ;
; DATA[9]        ; 2.5 V        ; 2000 ps         ; 2000 ps         ;
; DATA[8]        ; 2.5 V        ; 2000 ps         ; 2000 ps         ;
; DATA[7]        ; 2.5 V        ; 2000 ps         ; 2000 ps         ;
; DATA[6]        ; 2.5 V        ; 2000 ps         ; 2000 ps         ;
; DATA[5]        ; 2.5 V        ; 2000 ps         ; 2000 ps         ;
; DATA[4]        ; 2.5 V        ; 2000 ps         ; 2000 ps         ;
; DATA[3]        ; 2.5 V        ; 2000 ps         ; 2000 ps         ;
; DATA[2]        ; 2.5 V        ; 2000 ps         ; 2000 ps         ;
; DATA[1]        ; 2.5 V        ; 2000 ps         ; 2000 ps         ;
; DATA[0]        ; 2.5 V        ; 2000 ps         ; 2000 ps         ;
; b2             ; 2.5 V        ; 2000 ps         ; 2000 ps         ;
; b1             ; 2.5 V        ; 2000 ps         ; 2000 ps         ;
; b0             ; 2.5 V        ; 2000 ps         ; 2000 ps         ;
; UP_DOWN        ; 2.5 V        ; 2000 ps         ; 2000 ps         ;
; RECARGAR       ; 2.5 V        ; 2000 ps         ; 2000 ps         ;
; CLOCK          ; 2.5 V        ; 2000 ps         ; 2000 ps         ;
; CONTINUAR      ; 2.5 V        ; 2000 ps         ; 2000 ps         ;
; LOADF          ; 2.5 V        ; 2000 ps         ; 2000 ps         ;
; LOADI          ; 2.5 V        ; 2000 ps         ; 2000 ps         ;
; START          ; 2.5 V        ; 2000 ps         ; 2000 ps         ;
; ~ALTERA_DATA0~ ; 2.5 V        ; 2000 ps         ; 2000 ps         ;
; ~ALTERA_ASDO~  ; 2.5 V        ; 2000 ps         ; 2000 ps         ;
; ~ALTERA_NCSO~  ; 2.5 V        ; 2000 ps         ; 2000 ps         ;
+----------------+--------------+-----------------+-----------------+


+-------------------------------------------------------------------------------------------------------------------------------------------------------------------------------------------------------------------------------------------------------------------------------------------------------------------------------------------------------------------------------------------------------------------------------------------------------------------------------------------------------------------------------------------------------------------------------------------------------------------------------------------------------------------------------------------------+
; Signal Integrity Metrics (Slow 1200mv 0c Model)                                                                                                                                                                                                                                                                                                                                                                                                                                                                                                                                                                                                                                                 ;
+--------------------+--------------+---------------------+---------------------+------------------------------+------------------------------+---------------------+---------------------+--------------------------------------+--------------------------------------+-----------------------------+-----------------------------+----------------------------+----------------------------+-----------------------------+-----------------------------+--------------------+--------------------+-------------------------------------+-------------------------------------+----------------------------+----------------------------+---------------------------+---------------------------+
; Pin                ; I/O Standard ; Board Delay on Rise ; Board Delay on Fall ; Steady State Voh at FPGA Pin ; Steady State Vol at FPGA Pin ; Voh Max at FPGA Pin ; Vol Min at FPGA Pin ; Ringback Voltage on Rise at FPGA Pin ; Ringback Voltage on Fall at FPGA Pin ; 10-90 Rise Time at FPGA Pin ; 90-10 Fall Time at FPGA Pin ; Monotonic Rise at FPGA Pin ; Monotonic Fall at FPGA Pin ; Steady State Voh at Far-end ; Steady State Vol at Far-end ; Voh Max at Far-end ; Vol Min at Far-end ; Ringback Voltage on Rise at Far-end ; Ringback Voltage on Fall at Far-end ; 10-90 Rise Time at Far-end ; 90-10 Fall Time at Far-end ; Monotonic Rise at Far-end ; Monotonic Fall at Far-end ;
+--------------------+--------------+---------------------+---------------------+------------------------------+------------------------------+---------------------+---------------------+--------------------------------------+--------------------------------------+-----------------------------+-----------------------------+----------------------------+----------------------------+-----------------------------+-----------------------------+--------------------+--------------------+-------------------------------------+-------------------------------------+----------------------------+----------------------------+---------------------------+---------------------------+
; PAUSE              ; 2.5 V        ; 0 s                 ; 0 s                 ; 2.32 V                       ; 5.16e-09 V                   ; 2.34 V              ; -0.00633 V          ; 0.232 V                              ; 0.083 V                              ; 1.94e-09 s                  ; 1.83e-09 s                  ; No                         ; Yes                        ; 2.32 V                      ; 5.16e-09 V                  ; 2.34 V             ; -0.00633 V         ; 0.232 V                             ; 0.083 V                             ; 1.94e-09 s                 ; 1.83e-09 s                 ; No                        ; Yes                       ;
; ERROR              ; 2.5 V        ; 0 s                 ; 0 s                 ; 2.32 V                       ; 5.16e-09 V                   ; 2.37 V              ; -0.00861 V          ; 0.168 V                              ; 0.038 V                              ; 6.79e-10 s                  ; 6.49e-10 s                  ; No                         ; Yes                        ; 2.32 V                      ; 5.16e-09 V                  ; 2.37 V             ; -0.00861 V         ; 0.168 V                             ; 0.038 V                             ; 6.79e-10 s                 ; 6.49e-10 s                 ; No                        ; Yes                       ;
; Q2                 ; 2.5 V        ; 0 s                 ; 0 s                 ; 2.32 V                       ; 7.29e-09 V                   ; 2.39 V              ; -0.00317 V          ; 0.179 V                              ; 0.007 V                              ; 4.7e-10 s                   ; 4.72e-10 s                  ; No                         ; Yes                        ; 2.32 V                      ; 7.29e-09 V                  ; 2.39 V             ; -0.00317 V         ; 0.179 V                             ; 0.007 V                             ; 4.7e-10 s                  ; 4.72e-10 s                 ; No                        ; Yes                       ;
; FIN                ; 2.5 V        ; 0 s                 ; 0 s                 ; 2.32 V                       ; 7.29e-09 V                   ; 2.39 V              ; -0.00317 V          ; 0.179 V                              ; 0.007 V                              ; 4.7e-10 s                   ; 4.72e-10 s                  ; No                         ; Yes                        ; 2.32 V                      ; 7.29e-09 V                  ; 2.39 V             ; -0.00317 V         ; 0.179 V                             ; 0.007 V                             ; 4.7e-10 s                  ; 4.72e-10 s                 ; No                        ; Yes                       ;
; Q1                 ; 2.5 V        ; 0 s                 ; 0 s                 ; 2.32 V                       ; 5.16e-09 V                   ; 2.37 V              ; -0.00861 V          ; 0.168 V                              ; 0.038 V                              ; 6.79e-10 s                  ; 6.49e-10 s                  ; No                         ; Yes                        ; 2.32 V                      ; 5.16e-09 V                  ; 2.37 V             ; -0.00861 V         ; 0.168 V                             ; 0.038 V                             ; 6.79e-10 s                 ; 6.49e-10 s                 ; No                        ; Yes                       ;
; Q0                 ; 2.5 V        ; 0 s                 ; 0 s                 ; 2.32 V                       ; 5.16e-09 V                   ; 2.37 V              ; -0.00861 V          ; 0.168 V                              ; 0.038 V                              ; 6.79e-10 s                  ; 6.49e-10 s                  ; No                         ; Yes                        ; 2.32 V                      ; 5.16e-09 V                  ; 2.37 V             ; -0.00861 V         ; 0.168 V                             ; 0.038 V                             ; 6.79e-10 s                 ; 6.49e-10 s                 ; No                        ; Yes                       ;
; postRegSumador[11] ; 2.5 V        ; 0 s                 ; 0 s                 ; 2.32 V                       ; 7.29e-09 V                   ; 2.39 V              ; -0.00317 V          ; 0.179 V                              ; 0.007 V                              ; 4.7e-10 s                   ; 4.72e-10 s                  ; No                         ; Yes                        ; 2.32 V                      ; 7.29e-09 V                  ; 2.39 V             ; -0.00317 V         ; 0.179 V                             ; 0.007 V                             ; 4.7e-10 s                  ; 4.72e-10 s                 ; No                        ; Yes                       ;
; postRegSumador[10] ; 2.5 V        ; 0 s                 ; 0 s                 ; 2.32 V                       ; 7.29e-09 V                   ; 2.39 V              ; -0.00317 V          ; 0.179 V                              ; 0.007 V                              ; 4.7e-10 s                   ; 4.72e-10 s                  ; No                         ; Yes                        ; 2.32 V                      ; 7.29e-09 V                  ; 2.39 V             ; -0.00317 V         ; 0.179 V                             ; 0.007 V                             ; 4.7e-10 s                  ; 4.72e-10 s                 ; No                        ; Yes                       ;
; postRegSumador[9]  ; 2.5 V        ; 0 s                 ; 0 s                 ; 2.32 V                       ; 7.29e-09 V                   ; 2.39 V              ; -0.00339 V          ; 0.206 V                              ; 0.007 V                              ; 2.77e-10 s                  ; 3.24e-10 s                  ; Yes                        ; Yes                        ; 2.32 V                      ; 7.29e-09 V                  ; 2.39 V             ; -0.00339 V         ; 0.206 V                             ; 0.007 V                             ; 2.77e-10 s                 ; 3.24e-10 s                 ; Yes                       ; Yes                       ;
; postRegSumador[8]  ; 2.5 V        ; 0 s                 ; 0 s                 ; 2.32 V                       ; 7.29e-09 V                   ; 2.39 V              ; -0.00317 V          ; 0.179 V                              ; 0.007 V                              ; 4.7e-10 s                   ; 4.72e-10 s                  ; No                         ; Yes                        ; 2.32 V                      ; 7.29e-09 V                  ; 2.39 V             ; -0.00317 V         ; 0.179 V                             ; 0.007 V                             ; 4.7e-10 s                  ; 4.72e-10 s                 ; No                        ; Yes                       ;
; postRegSumador[7]  ; 2.5 V        ; 0 s                 ; 0 s                 ; 2.32 V                       ; 7.29e-09 V                   ; 2.39 V              ; -0.00317 V          ; 0.179 V                              ; 0.007 V                              ; 4.7e-10 s                   ; 4.72e-10 s                  ; No                         ; Yes                        ; 2.32 V                      ; 7.29e-09 V                  ; 2.39 V             ; -0.00317 V         ; 0.179 V                             ; 0.007 V                             ; 4.7e-10 s                  ; 4.72e-10 s                 ; No                        ; Yes                       ;
; postRegSumador[6]  ; 2.5 V        ; 0 s                 ; 0 s                 ; 2.32 V                       ; 7.29e-09 V                   ; 2.39 V              ; -0.00339 V          ; 0.206 V                              ; 0.007 V                              ; 2.77e-10 s                  ; 3.24e-10 s                  ; Yes                        ; Yes                        ; 2.32 V                      ; 7.29e-09 V                  ; 2.39 V             ; -0.00339 V         ; 0.206 V                             ; 0.007 V                             ; 2.77e-10 s                 ; 3.24e-10 s                 ; Yes                       ; Yes                       ;
; postRegSumador[5]  ; 2.5 V        ; 0 s                 ; 0 s                 ; 2.32 V                       ; 7.29e-09 V                   ; 2.39 V              ; -0.00317 V          ; 0.179 V                              ; 0.007 V                              ; 4.7e-10 s                   ; 4.72e-10 s                  ; No                         ; Yes                        ; 2.32 V                      ; 7.29e-09 V                  ; 2.39 V             ; -0.00317 V         ; 0.179 V                             ; 0.007 V                             ; 4.7e-10 s                  ; 4.72e-10 s                 ; No                        ; Yes                       ;
; postRegSumador[4]  ; 2.5 V        ; 0 s                 ; 0 s                 ; 2.32 V                       ; 5.16e-09 V                   ; 2.37 V              ; -0.00861 V          ; 0.168 V                              ; 0.038 V                              ; 6.79e-10 s                  ; 6.49e-10 s                  ; No                         ; Yes                        ; 2.32 V                      ; 5.16e-09 V                  ; 2.37 V             ; -0.00861 V         ; 0.168 V                             ; 0.038 V                             ; 6.79e-10 s                 ; 6.49e-10 s                 ; No                        ; Yes                       ;
; postRegSumador[3]  ; 2.5 V        ; 0 s                 ; 0 s                 ; 2.32 V                       ; 7.29e-09 V                   ; 2.39 V              ; -0.00317 V          ; 0.179 V                              ; 0.007 V                              ; 4.7e-10 s                   ; 4.72e-10 s                  ; No                         ; Yes                        ; 2.32 V                      ; 7.29e-09 V                  ; 2.39 V             ; -0.00317 V         ; 0.179 V                             ; 0.007 V                             ; 4.7e-10 s                  ; 4.72e-10 s                 ; No                        ; Yes                       ;
; postRegSumador[2]  ; 2.5 V        ; 0 s                 ; 0 s                 ; 2.32 V                       ; 7.29e-09 V                   ; 2.39 V              ; -0.00317 V          ; 0.179 V                              ; 0.007 V                              ; 4.7e-10 s                   ; 4.72e-10 s                  ; No                         ; Yes                        ; 2.32 V                      ; 7.29e-09 V                  ; 2.39 V             ; -0.00317 V         ; 0.179 V                             ; 0.007 V                             ; 4.7e-10 s                  ; 4.72e-10 s                 ; No                        ; Yes                       ;
; postRegSumador[1]  ; 2.5 V        ; 0 s                 ; 0 s                 ; 2.32 V                       ; 7.29e-09 V                   ; 2.39 V              ; -0.00317 V          ; 0.179 V                              ; 0.007 V                              ; 4.7e-10 s                   ; 4.72e-10 s                  ; No                         ; Yes                        ; 2.32 V                      ; 7.29e-09 V                  ; 2.39 V             ; -0.00317 V         ; 0.179 V                             ; 0.007 V                             ; 4.7e-10 s                  ; 4.72e-10 s                 ; No                        ; Yes                       ;
; postRegSumador[0]  ; 2.5 V        ; 0 s                 ; 0 s                 ; 2.32 V                       ; 7.29e-09 V                   ; 2.39 V              ; -0.00317 V          ; 0.179 V                              ; 0.007 V                              ; 4.7e-10 s                   ; 4.72e-10 s                  ; No                         ; Yes                        ; 2.32 V                      ; 7.29e-09 V                  ; 2.39 V             ; -0.00317 V         ; 0.179 V                             ; 0.007 V                             ; 4.7e-10 s                  ; 4.72e-10 s                 ; No                        ; Yes                       ;
; CYOUT              ; 2.5 V        ; 0 s                 ; 0 s                 ; 2.32 V                       ; 5.16e-09 V                   ; 2.37 V              ; -0.00861 V          ; 0.168 V                              ; 0.038 V                              ; 6.79e-10 s                  ; 6.49e-10 s                  ; No                         ; Yes                        ; 2.32 V                      ; 5.16e-09 V                  ; 2.37 V             ; -0.00861 V         ; 0.168 V                             ; 0.038 V                             ; 6.79e-10 s                 ; 6.49e-10 s                 ; No                        ; Yes                       ;
; postmux[11]        ; 2.5 V        ; 0 s                 ; 0 s                 ; 2.32 V                       ; 5.16e-09 V                   ; 2.37 V              ; -0.00861 V          ; 0.168 V                              ; 0.038 V                              ; 6.79e-10 s                  ; 6.49e-10 s                  ; No                         ; Yes                        ; 2.32 V                      ; 5.16e-09 V                  ; 2.37 V             ; -0.00861 V         ; 0.168 V                             ; 0.038 V                             ; 6.79e-10 s                 ; 6.49e-10 s                 ; No                        ; Yes                       ;
; postmux[10]        ; 2.5 V        ; 0 s                 ; 0 s                 ; 2.32 V                       ; 5.16e-09 V                   ; 2.37 V              ; -0.00861 V          ; 0.168 V                              ; 0.038 V                              ; 6.79e-10 s                  ; 6.49e-10 s                  ; No                         ; Yes                        ; 2.32 V                      ; 5.16e-09 V                  ; 2.37 V             ; -0.00861 V         ; 0.168 V                             ; 0.038 V                             ; 6.79e-10 s                 ; 6.49e-10 s                 ; No                        ; Yes                       ;
; postmux[9]         ; 2.5 V        ; 0 s                 ; 0 s                 ; 2.32 V                       ; 5.16e-09 V                   ; 2.37 V              ; -0.00861 V          ; 0.168 V                              ; 0.038 V                              ; 6.79e-10 s                  ; 6.49e-10 s                  ; No                         ; Yes                        ; 2.32 V                      ; 5.16e-09 V                  ; 2.37 V             ; -0.00861 V         ; 0.168 V                             ; 0.038 V                             ; 6.79e-10 s                 ; 6.49e-10 s                 ; No                        ; Yes                       ;
; postmux[8]         ; 2.5 V        ; 0 s                 ; 0 s                 ; 2.32 V                       ; 5.16e-09 V                   ; 2.37 V              ; -0.00861 V          ; 0.168 V                              ; 0.038 V                              ; 6.79e-10 s                  ; 6.49e-10 s                  ; No                         ; Yes                        ; 2.32 V                      ; 5.16e-09 V                  ; 2.37 V             ; -0.00861 V         ; 0.168 V                             ; 0.038 V                             ; 6.79e-10 s                 ; 6.49e-10 s                 ; No                        ; Yes                       ;
; postmux[7]         ; 2.5 V        ; 0 s                 ; 0 s                 ; 2.32 V                       ; 5.16e-09 V                   ; 2.37 V              ; -0.00861 V          ; 0.168 V                              ; 0.038 V                              ; 6.79e-10 s                  ; 6.49e-10 s                  ; No                         ; Yes                        ; 2.32 V                      ; 5.16e-09 V                  ; 2.37 V             ; -0.00861 V         ; 0.168 V                             ; 0.038 V                             ; 6.79e-10 s                 ; 6.49e-10 s                 ; No                        ; Yes                       ;
; postmux[6]         ; 2.5 V        ; 0 s                 ; 0 s                 ; 2.32 V                       ; 7.29e-09 V                   ; 2.39 V              ; -0.00339 V          ; 0.206 V                              ; 0.007 V                              ; 2.77e-10 s                  ; 3.24e-10 s                  ; Yes                        ; Yes                        ; 2.32 V                      ; 7.29e-09 V                  ; 2.39 V             ; -0.00339 V         ; 0.206 V                             ; 0.007 V                             ; 2.77e-10 s                 ; 3.24e-10 s                 ; Yes                       ; Yes                       ;
; postmux[5]         ; 2.5 V        ; 0 s                 ; 0 s                 ; 2.32 V                       ; 5.16e-09 V                   ; 2.37 V              ; -0.00861 V          ; 0.168 V                              ; 0.038 V                              ; 6.79e-10 s                  ; 6.49e-10 s                  ; No                         ; Yes                        ; 2.32 V                      ; 5.16e-09 V                  ; 2.37 V             ; -0.00861 V         ; 0.168 V                             ; 0.038 V                             ; 6.79e-10 s                 ; 6.49e-10 s                 ; No                        ; Yes                       ;
; postmux[4]         ; 2.5 V        ; 0 s                 ; 0 s                 ; 2.32 V                       ; 7.29e-09 V                   ; 2.34 V              ; -0.00668 V          ; 0.218 V                              ; 0.076 V                              ; 1.92e-09 s                  ; 1.81e-09 s                  ; No                         ; Yes                        ; 2.32 V                      ; 7.29e-09 V                  ; 2.34 V             ; -0.00668 V         ; 0.218 V                             ; 0.076 V                             ; 1.92e-09 s                 ; 1.81e-09 s                 ; No                        ; Yes                       ;
; postmux[3]         ; 2.5 V        ; 0 s                 ; 0 s                 ; 2.32 V                       ; 7.29e-09 V                   ; 2.39 V              ; -0.00317 V          ; 0.179 V                              ; 0.007 V                              ; 4.7e-10 s                   ; 4.72e-10 s                  ; No                         ; Yes                        ; 2.32 V                      ; 7.29e-09 V                  ; 2.39 V             ; -0.00317 V         ; 0.179 V                             ; 0.007 V                             ; 4.7e-10 s                  ; 4.72e-10 s                 ; No                        ; Yes                       ;
; postmux[2]         ; 2.5 V        ; 0 s                 ; 0 s                 ; 2.32 V                       ; 5.16e-09 V                   ; 2.37 V              ; -0.00861 V          ; 0.168 V                              ; 0.038 V                              ; 6.79e-10 s                  ; 6.49e-10 s                  ; No                         ; Yes                        ; 2.32 V                      ; 5.16e-09 V                  ; 2.37 V             ; -0.00861 V         ; 0.168 V                             ; 0.038 V                             ; 6.79e-10 s                 ; 6.49e-10 s                 ; No                        ; Yes                       ;
; postmux[1]         ; 2.5 V        ; 0 s                 ; 0 s                 ; 2.32 V                       ; 5.16e-09 V                   ; 2.37 V              ; -0.00861 V          ; 0.168 V                              ; 0.038 V                              ; 6.79e-10 s                  ; 6.49e-10 s                  ; No                         ; Yes                        ; 2.32 V                      ; 5.16e-09 V                  ; 2.37 V             ; -0.00861 V         ; 0.168 V                             ; 0.038 V                             ; 6.79e-10 s                 ; 6.49e-10 s                 ; No                        ; Yes                       ;
; postmux[0]         ; 2.5 V        ; 0 s                 ; 0 s                 ; 2.32 V                       ; 7.29e-09 V                   ; 2.39 V              ; -0.00317 V          ; 0.179 V                              ; 0.007 V                              ; 4.7e-10 s                   ; 4.72e-10 s                  ; No                         ; Yes                        ; 2.32 V                      ; 7.29e-09 V                  ; 2.39 V             ; -0.00317 V         ; 0.179 V                             ; 0.007 V                             ; 4.7e-10 s                  ; 4.72e-10 s                 ; No                        ; Yes                       ;
; salidaFinal[11]    ; 2.5 V        ; 0 s                 ; 0 s                 ; 2.32 V                       ; 7.29e-09 V                   ; 2.39 V              ; -0.00339 V          ; 0.206 V                              ; 0.007 V                              ; 2.77e-10 s                  ; 3.24e-10 s                  ; Yes                        ; Yes                        ; 2.32 V                      ; 7.29e-09 V                  ; 2.39 V             ; -0.00339 V         ; 0.206 V                             ; 0.007 V                             ; 2.77e-10 s                 ; 3.24e-10 s                 ; Yes                       ; Yes                       ;
; salidaFinal[10]    ; 2.5 V        ; 0 s                 ; 0 s                 ; 2.32 V                       ; 5.16e-09 V                   ; 2.37 V              ; -0.00861 V          ; 0.168 V                              ; 0.038 V                              ; 6.79e-10 s                  ; 6.49e-10 s                  ; No                         ; Yes                        ; 2.32 V                      ; 5.16e-09 V                  ; 2.37 V             ; -0.00861 V         ; 0.168 V                             ; 0.038 V                             ; 6.79e-10 s                 ; 6.49e-10 s                 ; No                        ; Yes                       ;
; salidaFinal[9]     ; 2.5 V        ; 0 s                 ; 0 s                 ; 2.32 V                       ; 5.16e-09 V                   ; 2.37 V              ; -0.00861 V          ; 0.168 V                              ; 0.038 V                              ; 6.79e-10 s                  ; 6.49e-10 s                  ; No                         ; Yes                        ; 2.32 V                      ; 5.16e-09 V                  ; 2.37 V             ; -0.00861 V         ; 0.168 V                             ; 0.038 V                             ; 6.79e-10 s                 ; 6.49e-10 s                 ; No                        ; Yes                       ;
; salidaFinal[8]     ; 2.5 V        ; 0 s                 ; 0 s                 ; 2.32 V                       ; 5.16e-09 V                   ; 2.34 V              ; -0.00633 V          ; 0.232 V                              ; 0.083 V                              ; 1.94e-09 s                  ; 1.83e-09 s                  ; No                         ; Yes                        ; 2.32 V                      ; 5.16e-09 V                  ; 2.34 V             ; -0.00633 V         ; 0.232 V                             ; 0.083 V                             ; 1.94e-09 s                 ; 1.83e-09 s                 ; No                        ; Yes                       ;
; salidaFinal[7]     ; 2.5 V        ; 0 s                 ; 0 s                 ; 2.32 V                       ; 5.16e-09 V                   ; 2.37 V              ; -0.00861 V          ; 0.168 V                              ; 0.038 V                              ; 6.79e-10 s                  ; 6.49e-10 s                  ; No                         ; Yes                        ; 2.32 V                      ; 5.16e-09 V                  ; 2.37 V             ; -0.00861 V         ; 0.168 V                             ; 0.038 V                             ; 6.79e-10 s                 ; 6.49e-10 s                 ; No                        ; Yes                       ;
; salidaFinal[6]     ; 2.5 V        ; 0 s                 ; 0 s                 ; 2.32 V                       ; 7.29e-09 V                   ; 2.39 V              ; -0.00317 V          ; 0.179 V                              ; 0.007 V                              ; 4.7e-10 s                   ; 4.72e-10 s                  ; No                         ; Yes                        ; 2.32 V                      ; 7.29e-09 V                  ; 2.39 V             ; -0.00317 V         ; 0.179 V                             ; 0.007 V                             ; 4.7e-10 s                  ; 4.72e-10 s                 ; No                        ; Yes                       ;
; salidaFinal[5]     ; 2.5 V        ; 0 s                 ; 0 s                 ; 2.32 V                       ; 7.29e-09 V                   ; 2.39 V              ; -0.00317 V          ; 0.179 V                              ; 0.007 V                              ; 4.7e-10 s                   ; 4.72e-10 s                  ; No                         ; Yes                        ; 2.32 V                      ; 7.29e-09 V                  ; 2.39 V             ; -0.00317 V         ; 0.179 V                             ; 0.007 V                             ; 4.7e-10 s                  ; 4.72e-10 s                 ; No                        ; Yes                       ;
; salidaFinal[4]     ; 2.5 V        ; 0 s                 ; 0 s                 ; 2.32 V                       ; 5.16e-09 V                   ; 2.37 V              ; -0.00861 V          ; 0.168 V                              ; 0.038 V                              ; 6.79e-10 s                  ; 6.49e-10 s                  ; No                         ; Yes                        ; 2.32 V                      ; 5.16e-09 V                  ; 2.37 V             ; -0.00861 V         ; 0.168 V                             ; 0.038 V                             ; 6.79e-10 s                 ; 6.49e-10 s                 ; No                        ; Yes                       ;
; salidaFinal[3]     ; 2.5 V        ; 0 s                 ; 0 s                 ; 2.32 V                       ; 7.29e-09 V                   ; 2.39 V              ; -0.00317 V          ; 0.179 V                              ; 0.007 V                              ; 4.7e-10 s                   ; 4.72e-10 s                  ; No                         ; Yes                        ; 2.32 V                      ; 7.29e-09 V                  ; 2.39 V             ; -0.00317 V         ; 0.179 V                             ; 0.007 V                             ; 4.7e-10 s                  ; 4.72e-10 s                 ; No                        ; Yes                       ;
; salidaFinal[2]     ; 2.5 V        ; 0 s                 ; 0 s                 ; 2.32 V                       ; 5.16e-09 V                   ; 2.37 V              ; -0.00861 V          ; 0.168 V                              ; 0.038 V                              ; 6.79e-10 s                  ; 6.49e-10 s                  ; No                         ; Yes                        ; 2.32 V                      ; 5.16e-09 V                  ; 2.37 V             ; -0.00861 V         ; 0.168 V                             ; 0.038 V                             ; 6.79e-10 s                 ; 6.49e-10 s                 ; No                        ; Yes                       ;
; salidaFinal[1]     ; 2.5 V        ; 0 s                 ; 0 s                 ; 2.32 V                       ; 5.16e-09 V                   ; 2.4 V               ; -0.00557 V          ; 0.238 V                              ; 0.014 V                              ; 2.9e-10 s                   ; 3.48e-10 s                  ; No                         ; Yes                        ; 2.32 V                      ; 5.16e-09 V                  ; 2.4 V              ; -0.00557 V         ; 0.238 V                             ; 0.014 V                             ; 2.9e-10 s                  ; 3.48e-10 s                 ; No                        ; Yes                       ;
; salidaFinal[0]     ; 2.5 V        ; 0 s                 ; 0 s                 ; 2.32 V                       ; 5.16e-09 V                   ; 2.37 V              ; -0.00861 V          ; 0.168 V                              ; 0.038 V                              ; 6.79e-10 s                  ; 6.49e-10 s                  ; No                         ; Yes                        ; 2.32 V                      ; 5.16e-09 V                  ; 2.37 V             ; -0.00861 V         ; 0.168 V                             ; 0.038 V                             ; 6.79e-10 s                 ; 6.49e-10 s                 ; No                        ; Yes                       ;
; salidaInicial[11]  ; 2.5 V        ; 0 s                 ; 0 s                 ; 2.32 V                       ; 5.16e-09 V                   ; 2.37 V              ; -0.00861 V          ; 0.168 V                              ; 0.038 V                              ; 6.79e-10 s                  ; 6.49e-10 s                  ; No                         ; Yes                        ; 2.32 V                      ; 5.16e-09 V                  ; 2.37 V             ; -0.00861 V         ; 0.168 V                             ; 0.038 V                             ; 6.79e-10 s                 ; 6.49e-10 s                 ; No                        ; Yes                       ;
; salidaInicial[10]  ; 2.5 V        ; 0 s                 ; 0 s                 ; 2.32 V                       ; 5.16e-09 V                   ; 2.37 V              ; -0.00861 V          ; 0.168 V                              ; 0.038 V                              ; 6.79e-10 s                  ; 6.49e-10 s                  ; No                         ; Yes                        ; 2.32 V                      ; 5.16e-09 V                  ; 2.37 V             ; -0.00861 V         ; 0.168 V                             ; 0.038 V                             ; 6.79e-10 s                 ; 6.49e-10 s                 ; No                        ; Yes                       ;
; salidaInicial[9]   ; 2.5 V        ; 0 s                 ; 0 s                 ; 2.32 V                       ; 5.16e-09 V                   ; 2.37 V              ; -0.00861 V          ; 0.168 V                              ; 0.038 V                              ; 6.79e-10 s                  ; 6.49e-10 s                  ; No                         ; Yes                        ; 2.32 V                      ; 5.16e-09 V                  ; 2.37 V             ; -0.00861 V         ; 0.168 V                             ; 0.038 V                             ; 6.79e-10 s                 ; 6.49e-10 s                 ; No                        ; Yes                       ;
; salidaInicial[8]   ; 2.5 V        ; 0 s                 ; 0 s                 ; 2.32 V                       ; 7.29e-09 V                   ; 2.39 V              ; -0.00317 V          ; 0.179 V                              ; 0.007 V                              ; 4.7e-10 s                   ; 4.72e-10 s                  ; No                         ; Yes                        ; 2.32 V                      ; 7.29e-09 V                  ; 2.39 V             ; -0.00317 V         ; 0.179 V                             ; 0.007 V                             ; 4.7e-10 s                  ; 4.72e-10 s                 ; No                        ; Yes                       ;
; salidaInicial[7]   ; 2.5 V        ; 0 s                 ; 0 s                 ; 2.32 V                       ; 5.16e-09 V                   ; 2.4 V               ; -0.00557 V          ; 0.238 V                              ; 0.014 V                              ; 2.9e-10 s                   ; 3.48e-10 s                  ; No                         ; Yes                        ; 2.32 V                      ; 5.16e-09 V                  ; 2.4 V              ; -0.00557 V         ; 0.238 V                             ; 0.014 V                             ; 2.9e-10 s                  ; 3.48e-10 s                 ; No                        ; Yes                       ;
; salidaInicial[6]   ; 2.5 V        ; 0 s                 ; 0 s                 ; 2.32 V                       ; 7.29e-09 V                   ; 2.39 V              ; -0.00317 V          ; 0.179 V                              ; 0.007 V                              ; 4.7e-10 s                   ; 4.72e-10 s                  ; No                         ; Yes                        ; 2.32 V                      ; 7.29e-09 V                  ; 2.39 V             ; -0.00317 V         ; 0.179 V                             ; 0.007 V                             ; 4.7e-10 s                  ; 4.72e-10 s                 ; No                        ; Yes                       ;
; salidaInicial[5]   ; 2.5 V        ; 0 s                 ; 0 s                 ; 2.32 V                       ; 5.16e-09 V                   ; 2.37 V              ; -0.00861 V          ; 0.168 V                              ; 0.038 V                              ; 6.79e-10 s                  ; 6.49e-10 s                  ; No                         ; Yes                        ; 2.32 V                      ; 5.16e-09 V                  ; 2.37 V             ; -0.00861 V         ; 0.168 V                             ; 0.038 V                             ; 6.79e-10 s                 ; 6.49e-10 s                 ; No                        ; Yes                       ;
; salidaInicial[4]   ; 2.5 V        ; 0 s                 ; 0 s                 ; 2.32 V                       ; 7.29e-09 V                   ; 2.39 V              ; -0.00317 V          ; 0.179 V                              ; 0.007 V                              ; 4.7e-10 s                   ; 4.72e-10 s                  ; No                         ; Yes                        ; 2.32 V                      ; 7.29e-09 V                  ; 2.39 V             ; -0.00317 V         ; 0.179 V                             ; 0.007 V                             ; 4.7e-10 s                  ; 4.72e-10 s                 ; No                        ; Yes                       ;
; salidaInicial[3]   ; 2.5 V        ; 0 s                 ; 0 s                 ; 2.32 V                       ; 5.16e-09 V                   ; 2.37 V              ; -0.00861 V          ; 0.168 V                              ; 0.038 V                              ; 6.79e-10 s                  ; 6.49e-10 s                  ; No                         ; Yes                        ; 2.32 V                      ; 5.16e-09 V                  ; 2.37 V             ; -0.00861 V         ; 0.168 V                             ; 0.038 V                             ; 6.79e-10 s                 ; 6.49e-10 s                 ; No                        ; Yes                       ;
; salidaInicial[2]   ; 2.5 V        ; 0 s                 ; 0 s                 ; 2.32 V                       ; 7.29e-09 V                   ; 2.39 V              ; -0.00317 V          ; 0.179 V                              ; 0.007 V                              ; 4.7e-10 s                   ; 4.72e-10 s                  ; No                         ; Yes                        ; 2.32 V                      ; 7.29e-09 V                  ; 2.39 V             ; -0.00317 V         ; 0.179 V                             ; 0.007 V                             ; 4.7e-10 s                  ; 4.72e-10 s                 ; No                        ; Yes                       ;
; salidaInicial[1]   ; 2.5 V        ; 0 s                 ; 0 s                 ; 2.32 V                       ; 7.29e-09 V                   ; 2.39 V              ; -0.00317 V          ; 0.179 V                              ; 0.007 V                              ; 4.7e-10 s                   ; 4.72e-10 s                  ; No                         ; Yes                        ; 2.32 V                      ; 7.29e-09 V                  ; 2.39 V             ; -0.00317 V         ; 0.179 V                             ; 0.007 V                             ; 4.7e-10 s                  ; 4.72e-10 s                 ; No                        ; Yes                       ;
; salidaInicial[0]   ; 2.5 V        ; 0 s                 ; 0 s                 ; 2.32 V                       ; 7.29e-09 V                   ; 2.39 V              ; -0.00317 V          ; 0.179 V                              ; 0.007 V                              ; 4.7e-10 s                   ; 4.72e-10 s                  ; No                         ; Yes                        ; 2.32 V                      ; 7.29e-09 V                  ; 2.39 V             ; -0.00317 V         ; 0.179 V                             ; 0.007 V                             ; 4.7e-10 s                  ; 4.72e-10 s                 ; No                        ; Yes                       ;
; DATA[11]           ; 2.5 V        ; 0 s                 ; 0 s                 ; 2.32 V                       ; 7.29e-09 V                   ; 2.39 V              ; -0.00317 V          ; 0.179 V                              ; 0.007 V                              ; 4.7e-10 s                   ; 4.72e-10 s                  ; No                         ; Yes                        ; 2.32 V                      ; 7.29e-09 V                  ; 2.39 V             ; -0.00317 V         ; 0.179 V                             ; 0.007 V                             ; 4.7e-10 s                  ; 4.72e-10 s                 ; No                        ; Yes                       ;
; DATA[10]           ; 2.5 V        ; 0 s                 ; 0 s                 ; 2.32 V                       ; 7.29e-09 V                   ; 2.39 V              ; -0.00317 V          ; 0.179 V                              ; 0.007 V                              ; 4.7e-10 s                   ; 4.72e-10 s                  ; No                         ; Yes                        ; 2.32 V                      ; 7.29e-09 V                  ; 2.39 V             ; -0.00317 V         ; 0.179 V                             ; 0.007 V                             ; 4.7e-10 s                  ; 4.72e-10 s                 ; No                        ; Yes                       ;
; DATA[9]            ; 2.5 V        ; 0 s                 ; 0 s                 ; 2.32 V                       ; 7.29e-09 V                   ; 2.39 V              ; -0.00317 V          ; 0.179 V                              ; 0.007 V                              ; 4.7e-10 s                   ; 4.72e-10 s                  ; No                         ; Yes                        ; 2.32 V                      ; 7.29e-09 V                  ; 2.39 V             ; -0.00317 V         ; 0.179 V                             ; 0.007 V                             ; 4.7e-10 s                  ; 4.72e-10 s                 ; No                        ; Yes                       ;
; DATA[8]            ; 2.5 V        ; 0 s                 ; 0 s                 ; 2.32 V                       ; 7.29e-09 V                   ; 2.39 V              ; -0.00317 V          ; 0.179 V                              ; 0.007 V                              ; 4.7e-10 s                   ; 4.72e-10 s                  ; No                         ; Yes                        ; 2.32 V                      ; 7.29e-09 V                  ; 2.39 V             ; -0.00317 V         ; 0.179 V                             ; 0.007 V                             ; 4.7e-10 s                  ; 4.72e-10 s                 ; No                        ; Yes                       ;
; DATA[7]            ; 2.5 V        ; 0 s                 ; 0 s                 ; 2.32 V                       ; 7.29e-09 V                   ; 2.39 V              ; -0.00317 V          ; 0.179 V                              ; 0.007 V                              ; 4.7e-10 s                   ; 4.72e-10 s                  ; No                         ; Yes                        ; 2.32 V                      ; 7.29e-09 V                  ; 2.39 V             ; -0.00317 V         ; 0.179 V                             ; 0.007 V                             ; 4.7e-10 s                  ; 4.72e-10 s                 ; No                        ; Yes                       ;
; DATA[6]            ; 2.5 V        ; 0 s                 ; 0 s                 ; 2.32 V                       ; 7.29e-09 V                   ; 2.39 V              ; -0.00317 V          ; 0.179 V                              ; 0.007 V                              ; 4.7e-10 s                   ; 4.72e-10 s                  ; No                         ; Yes                        ; 2.32 V                      ; 7.29e-09 V                  ; 2.39 V             ; -0.00317 V         ; 0.179 V                             ; 0.007 V                             ; 4.7e-10 s                  ; 4.72e-10 s                 ; No                        ; Yes                       ;
; DATA[5]            ; 2.5 V        ; 0 s                 ; 0 s                 ; 2.32 V                       ; 7.29e-09 V                   ; 2.39 V              ; -0.00317 V          ; 0.179 V                              ; 0.007 V                              ; 4.7e-10 s                   ; 4.72e-10 s                  ; No                         ; Yes                        ; 2.32 V                      ; 7.29e-09 V                  ; 2.39 V             ; -0.00317 V         ; 0.179 V                             ; 0.007 V                             ; 4.7e-10 s                  ; 4.72e-10 s                 ; No                        ; Yes                       ;
; DATA[4]            ; 2.5 V        ; 0 s                 ; 0 s                 ; 2.32 V                       ; 5.16e-09 V                   ; 2.37 V              ; -0.00861 V          ; 0.168 V                              ; 0.038 V                              ; 6.79e-10 s                  ; 6.49e-10 s                  ; No                         ; Yes                        ; 2.32 V                      ; 5.16e-09 V                  ; 2.37 V             ; -0.00861 V         ; 0.168 V                             ; 0.038 V                             ; 6.79e-10 s                 ; 6.49e-10 s                 ; No                        ; Yes                       ;
; DATA[3]            ; 2.5 V        ; 0 s                 ; 0 s                 ; 2.32 V                       ; 7.29e-09 V                   ; 2.39 V              ; -0.00317 V          ; 0.179 V                              ; 0.007 V                              ; 4.7e-10 s                   ; 4.72e-10 s                  ; No                         ; Yes                        ; 2.32 V                      ; 7.29e-09 V                  ; 2.39 V             ; -0.00317 V         ; 0.179 V                             ; 0.007 V                             ; 4.7e-10 s                  ; 4.72e-10 s                 ; No                        ; Yes                       ;
; DATA[2]            ; 2.5 V        ; 0 s                 ; 0 s                 ; 2.32 V                       ; 7.29e-09 V                   ; 2.39 V              ; -0.00317 V          ; 0.179 V                              ; 0.007 V                              ; 4.7e-10 s                   ; 4.72e-10 s                  ; No                         ; Yes                        ; 2.32 V                      ; 7.29e-09 V                  ; 2.39 V             ; -0.00317 V         ; 0.179 V                             ; 0.007 V                             ; 4.7e-10 s                  ; 4.72e-10 s                 ; No                        ; Yes                       ;
; DATA[1]            ; 2.5 V        ; 0 s                 ; 0 s                 ; 2.32 V                       ; 7.29e-09 V                   ; 2.34 V              ; -0.00668 V          ; 0.218 V                              ; 0.076 V                              ; 1.92e-09 s                  ; 1.81e-09 s                  ; No                         ; Yes                        ; 2.32 V                      ; 7.29e-09 V                  ; 2.34 V             ; -0.00668 V         ; 0.218 V                             ; 0.076 V                             ; 1.92e-09 s                 ; 1.81e-09 s                 ; No                        ; Yes                       ;
; DATA[0]            ; 2.5 V        ; 0 s                 ; 0 s                 ; 2.32 V                       ; 7.29e-09 V                   ; 2.39 V              ; -0.00339 V          ; 0.206 V                              ; 0.007 V                              ; 2.77e-10 s                  ; 3.24e-10 s                  ; Yes                        ; Yes                        ; 2.32 V                      ; 7.29e-09 V                  ; 2.39 V             ; -0.00339 V         ; 0.206 V                             ; 0.007 V                             ; 2.77e-10 s                 ; 3.24e-10 s                 ; Yes                       ; Yes                       ;
; ~ALTERA_NCEO~      ; 2.5 V        ; 0 s                 ; 0 s                 ; 2.32 V                       ; 4.76e-09 V                   ; 2.4 V               ; -0.034 V            ; 0.102 V                              ; 0.065 V                              ; 2.49e-10 s                  ; 3.49e-10 s                  ; Yes                        ; Yes                        ; 2.32 V                      ; 4.76e-09 V                  ; 2.4 V              ; -0.034 V           ; 0.102 V                             ; 0.065 V                             ; 2.49e-10 s                 ; 3.49e-10 s                 ; Yes                       ; Yes                       ;
; ~ALTERA_DCLK~      ; 2.5 V        ; 0 s                 ; 0 s                 ; 2.32 V                       ; 5.94e-09 V                   ; 2.39 V              ; -0.0344 V           ; 0.156 V                              ; 0.089 V                              ; 2.68e-10 s                  ; 2.6e-10 s                   ; Yes                        ; Yes                        ; 2.32 V                      ; 5.94e-09 V                  ; 2.39 V             ; -0.0344 V          ; 0.156 V                             ; 0.089 V                             ; 2.68e-10 s                 ; 2.6e-10 s                  ; Yes                       ; Yes                       ;
+--------------------+--------------+---------------------+---------------------+------------------------------+------------------------------+---------------------+---------------------+--------------------------------------+--------------------------------------+-----------------------------+-----------------------------+----------------------------+----------------------------+-----------------------------+-----------------------------+--------------------+--------------------+-------------------------------------+-------------------------------------+----------------------------+----------------------------+---------------------------+---------------------------+


+-------------------------------------------------------------------------------------------------------------------------------------------------------------------------------------------------------------------------------------------------------------------------------------------------------------------------------------------------------------------------------------------------------------------------------------------------------------------------------------------------------------------------------------------------------------------------------------------------------------------------------------------------------------------------------------------------+
; Signal Integrity Metrics (Slow 1200mv 85c Model)                                                                                                                                                                                                                                                                                                                                                                                                                                                                                                                                                                                                                                                ;
+--------------------+--------------+---------------------+---------------------+------------------------------+------------------------------+---------------------+---------------------+--------------------------------------+--------------------------------------+-----------------------------+-----------------------------+----------------------------+----------------------------+-----------------------------+-----------------------------+--------------------+--------------------+-------------------------------------+-------------------------------------+----------------------------+----------------------------+---------------------------+---------------------------+
; Pin                ; I/O Standard ; Board Delay on Rise ; Board Delay on Fall ; Steady State Voh at FPGA Pin ; Steady State Vol at FPGA Pin ; Voh Max at FPGA Pin ; Vol Min at FPGA Pin ; Ringback Voltage on Rise at FPGA Pin ; Ringback Voltage on Fall at FPGA Pin ; 10-90 Rise Time at FPGA Pin ; 90-10 Fall Time at FPGA Pin ; Monotonic Rise at FPGA Pin ; Monotonic Fall at FPGA Pin ; Steady State Voh at Far-end ; Steady State Vol at Far-end ; Voh Max at Far-end ; Vol Min at Far-end ; Ringback Voltage on Rise at Far-end ; Ringback Voltage on Fall at Far-end ; 10-90 Rise Time at Far-end ; 90-10 Fall Time at Far-end ; Monotonic Rise at Far-end ; Monotonic Fall at Far-end ;
+--------------------+--------------+---------------------+---------------------+------------------------------+------------------------------+---------------------+---------------------+--------------------------------------+--------------------------------------+-----------------------------+-----------------------------+----------------------------+----------------------------+-----------------------------+-----------------------------+--------------------+--------------------+-------------------------------------+-------------------------------------+----------------------------+----------------------------+---------------------------+---------------------------+
; PAUSE              ; 2.5 V        ; 0 s                 ; 0 s                 ; 2.32 V                       ; 8.13e-07 V                   ; 2.33 V              ; -0.00252 V          ; 0.203 V                              ; 0.046 V                              ; 2.34e-09 s                  ; 2.24e-09 s                  ; Yes                        ; Yes                        ; 2.32 V                      ; 8.13e-07 V                  ; 2.33 V             ; -0.00252 V         ; 0.203 V                             ; 0.046 V                             ; 2.34e-09 s                 ; 2.24e-09 s                 ; Yes                       ; Yes                       ;
; ERROR              ; 2.5 V        ; 0 s                 ; 0 s                 ; 2.32 V                       ; 8.13e-07 V                   ; 2.35 V              ; -0.00662 V          ; 0.129 V                              ; 0.049 V                              ; 8.55e-10 s                  ; 8.01e-10 s                  ; No                         ; Yes                        ; 2.32 V                      ; 8.13e-07 V                  ; 2.35 V             ; -0.00662 V         ; 0.129 V                             ; 0.049 V                             ; 8.55e-10 s                 ; 8.01e-10 s                 ; No                        ; Yes                       ;
; Q2                 ; 2.5 V        ; 0 s                 ; 0 s                 ; 2.32 V                       ; 1.21e-06 V                   ; 2.36 V              ; -0.00833 V          ; 0.113 V                              ; 0.035 V                              ; 6.32e-10 s                  ; 5.89e-10 s                  ; No                         ; Yes                        ; 2.32 V                      ; 1.21e-06 V                  ; 2.36 V             ; -0.00833 V         ; 0.113 V                             ; 0.035 V                             ; 6.32e-10 s                 ; 5.89e-10 s                 ; No                        ; Yes                       ;
; FIN                ; 2.5 V        ; 0 s                 ; 0 s                 ; 2.32 V                       ; 1.21e-06 V                   ; 2.36 V              ; -0.00833 V          ; 0.113 V                              ; 0.035 V                              ; 6.32e-10 s                  ; 5.89e-10 s                  ; No                         ; Yes                        ; 2.32 V                      ; 1.21e-06 V                  ; 2.36 V             ; -0.00833 V         ; 0.113 V                             ; 0.035 V                             ; 6.32e-10 s                 ; 5.89e-10 s                 ; No                        ; Yes                       ;
; Q1                 ; 2.5 V        ; 0 s                 ; 0 s                 ; 2.32 V                       ; 8.13e-07 V                   ; 2.35 V              ; -0.00662 V          ; 0.129 V                              ; 0.049 V                              ; 8.55e-10 s                  ; 8.01e-10 s                  ; No                         ; Yes                        ; 2.32 V                      ; 8.13e-07 V                  ; 2.35 V             ; -0.00662 V         ; 0.129 V                             ; 0.049 V                             ; 8.55e-10 s                 ; 8.01e-10 s                 ; No                        ; Yes                       ;
; Q0                 ; 2.5 V        ; 0 s                 ; 0 s                 ; 2.32 V                       ; 8.13e-07 V                   ; 2.35 V              ; -0.00662 V          ; 0.129 V                              ; 0.049 V                              ; 8.55e-10 s                  ; 8.01e-10 s                  ; No                         ; Yes                        ; 2.32 V                      ; 8.13e-07 V                  ; 2.35 V             ; -0.00662 V         ; 0.129 V                             ; 0.049 V                             ; 8.55e-10 s                 ; 8.01e-10 s                 ; No                        ; Yes                       ;
; postRegSumador[11] ; 2.5 V        ; 0 s                 ; 0 s                 ; 2.32 V                       ; 1.21e-06 V                   ; 2.36 V              ; -0.00833 V          ; 0.113 V                              ; 0.035 V                              ; 6.32e-10 s                  ; 5.89e-10 s                  ; No                         ; Yes                        ; 2.32 V                      ; 1.21e-06 V                  ; 2.36 V             ; -0.00833 V         ; 0.113 V                             ; 0.035 V                             ; 6.32e-10 s                 ; 5.89e-10 s                 ; No                        ; Yes                       ;
; postRegSumador[10] ; 2.5 V        ; 0 s                 ; 0 s                 ; 2.32 V                       ; 1.21e-06 V                   ; 2.36 V              ; -0.00833 V          ; 0.113 V                              ; 0.035 V                              ; 6.32e-10 s                  ; 5.89e-10 s                  ; No                         ; Yes                        ; 2.32 V                      ; 1.21e-06 V                  ; 2.36 V             ; -0.00833 V         ; 0.113 V                             ; 0.035 V                             ; 6.32e-10 s                 ; 5.89e-10 s                 ; No                        ; Yes                       ;
; postRegSumador[9]  ; 2.5 V        ; 0 s                 ; 0 s                 ; 2.32 V                       ; 1.21e-06 V                   ; 2.37 V              ; -0.00606 V          ; 0.107 V                              ; 0.021 V                              ; 4.26e-10 s                  ; 4.03e-10 s                  ; Yes                        ; Yes                        ; 2.32 V                      ; 1.21e-06 V                  ; 2.37 V             ; -0.00606 V         ; 0.107 V                             ; 0.021 V                             ; 4.26e-10 s                 ; 4.03e-10 s                 ; Yes                       ; Yes                       ;
; postRegSumador[8]  ; 2.5 V        ; 0 s                 ; 0 s                 ; 2.32 V                       ; 1.21e-06 V                   ; 2.36 V              ; -0.00833 V          ; 0.113 V                              ; 0.035 V                              ; 6.32e-10 s                  ; 5.89e-10 s                  ; No                         ; Yes                        ; 2.32 V                      ; 1.21e-06 V                  ; 2.36 V             ; -0.00833 V         ; 0.113 V                             ; 0.035 V                             ; 6.32e-10 s                 ; 5.89e-10 s                 ; No                        ; Yes                       ;
; postRegSumador[7]  ; 2.5 V        ; 0 s                 ; 0 s                 ; 2.32 V                       ; 1.21e-06 V                   ; 2.36 V              ; -0.00833 V          ; 0.113 V                              ; 0.035 V                              ; 6.32e-10 s                  ; 5.89e-10 s                  ; No                         ; Yes                        ; 2.32 V                      ; 1.21e-06 V                  ; 2.36 V             ; -0.00833 V         ; 0.113 V                             ; 0.035 V                             ; 6.32e-10 s                 ; 5.89e-10 s                 ; No                        ; Yes                       ;
; postRegSumador[6]  ; 2.5 V        ; 0 s                 ; 0 s                 ; 2.32 V                       ; 1.21e-06 V                   ; 2.37 V              ; -0.00606 V          ; 0.107 V                              ; 0.021 V                              ; 4.26e-10 s                  ; 4.03e-10 s                  ; Yes                        ; Yes                        ; 2.32 V                      ; 1.21e-06 V                  ; 2.37 V             ; -0.00606 V         ; 0.107 V                             ; 0.021 V                             ; 4.26e-10 s                 ; 4.03e-10 s                 ; Yes                       ; Yes                       ;
; postRegSumador[5]  ; 2.5 V        ; 0 s                 ; 0 s                 ; 2.32 V                       ; 1.21e-06 V                   ; 2.36 V              ; -0.00833 V          ; 0.113 V                              ; 0.035 V                              ; 6.32e-10 s                  ; 5.89e-10 s                  ; No                         ; Yes                        ; 2.32 V                      ; 1.21e-06 V                  ; 2.36 V             ; -0.00833 V         ; 0.113 V                             ; 0.035 V                             ; 6.32e-10 s                 ; 5.89e-10 s                 ; No                        ; Yes                       ;
; postRegSumador[4]  ; 2.5 V        ; 0 s                 ; 0 s                 ; 2.32 V                       ; 8.13e-07 V                   ; 2.35 V              ; -0.00662 V          ; 0.129 V                              ; 0.049 V                              ; 8.55e-10 s                  ; 8.01e-10 s                  ; No                         ; Yes                        ; 2.32 V                      ; 8.13e-07 V                  ; 2.35 V             ; -0.00662 V         ; 0.129 V                             ; 0.049 V                             ; 8.55e-10 s                 ; 8.01e-10 s                 ; No                        ; Yes                       ;
; postRegSumador[3]  ; 2.5 V        ; 0 s                 ; 0 s                 ; 2.32 V                       ; 1.21e-06 V                   ; 2.36 V              ; -0.00833 V          ; 0.113 V                              ; 0.035 V                              ; 6.32e-10 s                  ; 5.89e-10 s                  ; No                         ; Yes                        ; 2.32 V                      ; 1.21e-06 V                  ; 2.36 V             ; -0.00833 V         ; 0.113 V                             ; 0.035 V                             ; 6.32e-10 s                 ; 5.89e-10 s                 ; No                        ; Yes                       ;
; postRegSumador[2]  ; 2.5 V        ; 0 s                 ; 0 s                 ; 2.32 V                       ; 1.21e-06 V                   ; 2.36 V              ; -0.00833 V          ; 0.113 V                              ; 0.035 V                              ; 6.32e-10 s                  ; 5.89e-10 s                  ; No                         ; Yes                        ; 2.32 V                      ; 1.21e-06 V                  ; 2.36 V             ; -0.00833 V         ; 0.113 V                             ; 0.035 V                             ; 6.32e-10 s                 ; 5.89e-10 s                 ; No                        ; Yes                       ;
; postRegSumador[1]  ; 2.5 V        ; 0 s                 ; 0 s                 ; 2.32 V                       ; 1.21e-06 V                   ; 2.36 V              ; -0.00833 V          ; 0.113 V                              ; 0.035 V                              ; 6.32e-10 s                  ; 5.89e-10 s                  ; No                         ; Yes                        ; 2.32 V                      ; 1.21e-06 V                  ; 2.36 V             ; -0.00833 V         ; 0.113 V                             ; 0.035 V                             ; 6.32e-10 s                 ; 5.89e-10 s                 ; No                        ; Yes                       ;
; postRegSumador[0]  ; 2.5 V        ; 0 s                 ; 0 s                 ; 2.32 V                       ; 1.21e-06 V                   ; 2.36 V              ; -0.00833 V          ; 0.113 V                              ; 0.035 V                              ; 6.32e-10 s                  ; 5.89e-10 s                  ; No                         ; Yes                        ; 2.32 V                      ; 1.21e-06 V                  ; 2.36 V             ; -0.00833 V         ; 0.113 V                             ; 0.035 V                             ; 6.32e-10 s                 ; 5.89e-10 s                 ; No                        ; Yes                       ;
; CYOUT              ; 2.5 V        ; 0 s                 ; 0 s                 ; 2.32 V                       ; 8.13e-07 V                   ; 2.35 V              ; -0.00662 V          ; 0.129 V                              ; 0.049 V                              ; 8.55e-10 s                  ; 8.01e-10 s                  ; No                         ; Yes                        ; 2.32 V                      ; 8.13e-07 V                  ; 2.35 V             ; -0.00662 V         ; 0.129 V                             ; 0.049 V                             ; 8.55e-10 s                 ; 8.01e-10 s                 ; No                        ; Yes                       ;
; postmux[11]        ; 2.5 V        ; 0 s                 ; 0 s                 ; 2.32 V                       ; 8.13e-07 V                   ; 2.35 V              ; -0.00662 V          ; 0.129 V                              ; 0.049 V                              ; 8.55e-10 s                  ; 8.01e-10 s                  ; No                         ; Yes                        ; 2.32 V                      ; 8.13e-07 V                  ; 2.35 V             ; -0.00662 V         ; 0.129 V                             ; 0.049 V                             ; 8.55e-10 s                 ; 8.01e-10 s                 ; No                        ; Yes                       ;
; postmux[10]        ; 2.5 V        ; 0 s                 ; 0 s                 ; 2.32 V                       ; 8.13e-07 V                   ; 2.35 V              ; -0.00662 V          ; 0.129 V                              ; 0.049 V                              ; 8.55e-10 s                  ; 8.01e-10 s                  ; No                         ; Yes                        ; 2.32 V                      ; 8.13e-07 V                  ; 2.35 V             ; -0.00662 V         ; 0.129 V                             ; 0.049 V                             ; 8.55e-10 s                 ; 8.01e-10 s                 ; No                        ; Yes                       ;
; postmux[9]         ; 2.5 V        ; 0 s                 ; 0 s                 ; 2.32 V                       ; 8.13e-07 V                   ; 2.35 V              ; -0.00662 V          ; 0.129 V                              ; 0.049 V                              ; 8.55e-10 s                  ; 8.01e-10 s                  ; No                         ; Yes                        ; 2.32 V                      ; 8.13e-07 V                  ; 2.35 V             ; -0.00662 V         ; 0.129 V                             ; 0.049 V                             ; 8.55e-10 s                 ; 8.01e-10 s                 ; No                        ; Yes                       ;
; postmux[8]         ; 2.5 V        ; 0 s                 ; 0 s                 ; 2.32 V                       ; 8.13e-07 V                   ; 2.35 V              ; -0.00662 V          ; 0.129 V                              ; 0.049 V                              ; 8.55e-10 s                  ; 8.01e-10 s                  ; No                         ; Yes                        ; 2.32 V                      ; 8.13e-07 V                  ; 2.35 V             ; -0.00662 V         ; 0.129 V                             ; 0.049 V                             ; 8.55e-10 s                 ; 8.01e-10 s                 ; No                        ; Yes                       ;
; postmux[7]         ; 2.5 V        ; 0 s                 ; 0 s                 ; 2.32 V                       ; 8.13e-07 V                   ; 2.35 V              ; -0.00662 V          ; 0.129 V                              ; 0.049 V                              ; 8.55e-10 s                  ; 8.01e-10 s                  ; No                         ; Yes                        ; 2.32 V                      ; 8.13e-07 V                  ; 2.35 V             ; -0.00662 V         ; 0.129 V                             ; 0.049 V                             ; 8.55e-10 s                 ; 8.01e-10 s                 ; No                        ; Yes                       ;
; postmux[6]         ; 2.5 V        ; 0 s                 ; 0 s                 ; 2.32 V                       ; 1.21e-06 V                   ; 2.37 V              ; -0.00606 V          ; 0.107 V                              ; 0.021 V                              ; 4.26e-10 s                  ; 4.03e-10 s                  ; Yes                        ; Yes                        ; 2.32 V                      ; 1.21e-06 V                  ; 2.37 V             ; -0.00606 V         ; 0.107 V                             ; 0.021 V                             ; 4.26e-10 s                 ; 4.03e-10 s                 ; Yes                       ; Yes                       ;
; postmux[5]         ; 2.5 V        ; 0 s                 ; 0 s                 ; 2.32 V                       ; 8.13e-07 V                   ; 2.35 V              ; -0.00662 V          ; 0.129 V                              ; 0.049 V                              ; 8.55e-10 s                  ; 8.01e-10 s                  ; No                         ; Yes                        ; 2.32 V                      ; 8.13e-07 V                  ; 2.35 V             ; -0.00662 V         ; 0.129 V                             ; 0.049 V                             ; 8.55e-10 s                 ; 8.01e-10 s                 ; No                        ; Yes                       ;
; postmux[4]         ; 2.5 V        ; 0 s                 ; 0 s                 ; 2.32 V                       ; 1.21e-06 V                   ; 2.33 V              ; -0.00286 V          ; 0.193 V                              ; 0.042 V                              ; 2.32e-09 s                  ; 2.21e-09 s                  ; Yes                        ; Yes                        ; 2.32 V                      ; 1.21e-06 V                  ; 2.33 V             ; -0.00286 V         ; 0.193 V                             ; 0.042 V                             ; 2.32e-09 s                 ; 2.21e-09 s                 ; Yes                       ; Yes                       ;
; postmux[3]         ; 2.5 V        ; 0 s                 ; 0 s                 ; 2.32 V                       ; 1.21e-06 V                   ; 2.36 V              ; -0.00833 V          ; 0.113 V                              ; 0.035 V                              ; 6.32e-10 s                  ; 5.89e-10 s                  ; No                         ; Yes                        ; 2.32 V                      ; 1.21e-06 V                  ; 2.36 V             ; -0.00833 V         ; 0.113 V                             ; 0.035 V                             ; 6.32e-10 s                 ; 5.89e-10 s                 ; No                        ; Yes                       ;
; postmux[2]         ; 2.5 V        ; 0 s                 ; 0 s                 ; 2.32 V                       ; 8.13e-07 V                   ; 2.35 V              ; -0.00662 V          ; 0.129 V                              ; 0.049 V                              ; 8.55e-10 s                  ; 8.01e-10 s                  ; No                         ; Yes                        ; 2.32 V                      ; 8.13e-07 V                  ; 2.35 V             ; -0.00662 V         ; 0.129 V                             ; 0.049 V                             ; 8.55e-10 s                 ; 8.01e-10 s                 ; No                        ; Yes                       ;
; postmux[1]         ; 2.5 V        ; 0 s                 ; 0 s                 ; 2.32 V                       ; 8.13e-07 V                   ; 2.35 V              ; -0.00662 V          ; 0.129 V                              ; 0.049 V                              ; 8.55e-10 s                  ; 8.01e-10 s                  ; No                         ; Yes                        ; 2.32 V                      ; 8.13e-07 V                  ; 2.35 V             ; -0.00662 V         ; 0.129 V                             ; 0.049 V                             ; 8.55e-10 s                 ; 8.01e-10 s                 ; No                        ; Yes                       ;
; postmux[0]         ; 2.5 V        ; 0 s                 ; 0 s                 ; 2.32 V                       ; 1.21e-06 V                   ; 2.36 V              ; -0.00833 V          ; 0.113 V                              ; 0.035 V                              ; 6.32e-10 s                  ; 5.89e-10 s                  ; No                         ; Yes                        ; 2.32 V                      ; 1.21e-06 V                  ; 2.36 V             ; -0.00833 V         ; 0.113 V                             ; 0.035 V                             ; 6.32e-10 s                 ; 5.89e-10 s                 ; No                        ; Yes                       ;
; salidaFinal[11]    ; 2.5 V        ; 0 s                 ; 0 s                 ; 2.32 V                       ; 1.21e-06 V                   ; 2.37 V              ; -0.00606 V          ; 0.107 V                              ; 0.021 V                              ; 4.26e-10 s                  ; 4.03e-10 s                  ; Yes                        ; Yes                        ; 2.32 V                      ; 1.21e-06 V                  ; 2.37 V             ; -0.00606 V         ; 0.107 V                             ; 0.021 V                             ; 4.26e-10 s                 ; 4.03e-10 s                 ; Yes                       ; Yes                       ;
; salidaFinal[10]    ; 2.5 V        ; 0 s                 ; 0 s                 ; 2.32 V                       ; 8.13e-07 V                   ; 2.35 V              ; -0.00662 V          ; 0.129 V                              ; 0.049 V                              ; 8.55e-10 s                  ; 8.01e-10 s                  ; No                         ; Yes                        ; 2.32 V                      ; 8.13e-07 V                  ; 2.35 V             ; -0.00662 V         ; 0.129 V                             ; 0.049 V                             ; 8.55e-10 s                 ; 8.01e-10 s                 ; No                        ; Yes                       ;
; salidaFinal[9]     ; 2.5 V        ; 0 s                 ; 0 s                 ; 2.32 V                       ; 8.13e-07 V                   ; 2.35 V              ; -0.00662 V          ; 0.129 V                              ; 0.049 V                              ; 8.55e-10 s                  ; 8.01e-10 s                  ; No                         ; Yes                        ; 2.32 V                      ; 8.13e-07 V                  ; 2.35 V             ; -0.00662 V         ; 0.129 V                             ; 0.049 V                             ; 8.55e-10 s                 ; 8.01e-10 s                 ; No                        ; Yes                       ;
; salidaFinal[8]     ; 2.5 V        ; 0 s                 ; 0 s                 ; 2.32 V                       ; 8.13e-07 V                   ; 2.33 V              ; -0.00252 V          ; 0.203 V                              ; 0.046 V                              ; 2.34e-09 s                  ; 2.24e-09 s                  ; Yes                        ; Yes                        ; 2.32 V                      ; 8.13e-07 V                  ; 2.33 V             ; -0.00252 V         ; 0.203 V                             ; 0.046 V                             ; 2.34e-09 s                 ; 2.24e-09 s                 ; Yes                       ; Yes                       ;
; salidaFinal[7]     ; 2.5 V        ; 0 s                 ; 0 s                 ; 2.32 V                       ; 8.13e-07 V                   ; 2.35 V              ; -0.00662 V          ; 0.129 V                              ; 0.049 V                              ; 8.55e-10 s                  ; 8.01e-10 s                  ; No                         ; Yes                        ; 2.32 V                      ; 8.13e-07 V                  ; 2.35 V             ; -0.00662 V         ; 0.129 V                             ; 0.049 V                             ; 8.55e-10 s                 ; 8.01e-10 s                 ; No                        ; Yes                       ;
; salidaFinal[6]     ; 2.5 V        ; 0 s                 ; 0 s                 ; 2.32 V                       ; 1.21e-06 V                   ; 2.36 V              ; -0.00833 V          ; 0.113 V                              ; 0.035 V                              ; 6.32e-10 s                  ; 5.89e-10 s                  ; No                         ; Yes                        ; 2.32 V                      ; 1.21e-06 V                  ; 2.36 V             ; -0.00833 V         ; 0.113 V                             ; 0.035 V                             ; 6.32e-10 s                 ; 5.89e-10 s                 ; No                        ; Yes                       ;
; salidaFinal[5]     ; 2.5 V        ; 0 s                 ; 0 s                 ; 2.32 V                       ; 1.21e-06 V                   ; 2.36 V              ; -0.00833 V          ; 0.113 V                              ; 0.035 V                              ; 6.32e-10 s                  ; 5.89e-10 s                  ; No                         ; Yes                        ; 2.32 V                      ; 1.21e-06 V                  ; 2.36 V             ; -0.00833 V         ; 0.113 V                             ; 0.035 V                             ; 6.32e-10 s                 ; 5.89e-10 s                 ; No                        ; Yes                       ;
; salidaFinal[4]     ; 2.5 V        ; 0 s                 ; 0 s                 ; 2.32 V                       ; 8.13e-07 V                   ; 2.35 V              ; -0.00662 V          ; 0.129 V                              ; 0.049 V                              ; 8.55e-10 s                  ; 8.01e-10 s                  ; No                         ; Yes                        ; 2.32 V                      ; 8.13e-07 V                  ; 2.35 V             ; -0.00662 V         ; 0.129 V                             ; 0.049 V                             ; 8.55e-10 s                 ; 8.01e-10 s                 ; No                        ; Yes                       ;
; salidaFinal[3]     ; 2.5 V        ; 0 s                 ; 0 s                 ; 2.32 V                       ; 1.21e-06 V                   ; 2.36 V              ; -0.00833 V          ; 0.113 V                              ; 0.035 V                              ; 6.32e-10 s                  ; 5.89e-10 s                  ; No                         ; Yes                        ; 2.32 V                      ; 1.21e-06 V                  ; 2.36 V             ; -0.00833 V         ; 0.113 V                             ; 0.035 V                             ; 6.32e-10 s                 ; 5.89e-10 s                 ; No                        ; Yes                       ;
; salidaFinal[2]     ; 2.5 V        ; 0 s                 ; 0 s                 ; 2.32 V                       ; 8.13e-07 V                   ; 2.35 V              ; -0.00662 V          ; 0.129 V                              ; 0.049 V                              ; 8.55e-10 s                  ; 8.01e-10 s                  ; No                         ; Yes                        ; 2.32 V                      ; 8.13e-07 V                  ; 2.35 V             ; -0.00662 V         ; 0.129 V                             ; 0.049 V                             ; 8.55e-10 s                 ; 8.01e-10 s                 ; No                        ; Yes                       ;
; salidaFinal[1]     ; 2.5 V        ; 0 s                 ; 0 s                 ; 2.32 V                       ; 8.13e-07 V                   ; 2.36 V              ; -0.00623 V          ; 0.121 V                              ; 0.03 V                               ; 4.4e-10 s                   ; 4.28e-10 s                  ; Yes                        ; Yes                        ; 2.32 V                      ; 8.13e-07 V                  ; 2.36 V             ; -0.00623 V         ; 0.121 V                             ; 0.03 V                              ; 4.4e-10 s                  ; 4.28e-10 s                 ; Yes                       ; Yes                       ;
; salidaFinal[0]     ; 2.5 V        ; 0 s                 ; 0 s                 ; 2.32 V                       ; 8.13e-07 V                   ; 2.35 V              ; -0.00662 V          ; 0.129 V                              ; 0.049 V                              ; 8.55e-10 s                  ; 8.01e-10 s                  ; No                         ; Yes                        ; 2.32 V                      ; 8.13e-07 V                  ; 2.35 V             ; -0.00662 V         ; 0.129 V                             ; 0.049 V                             ; 8.55e-10 s                 ; 8.01e-10 s                 ; No                        ; Yes                       ;
; salidaInicial[11]  ; 2.5 V        ; 0 s                 ; 0 s                 ; 2.32 V                       ; 8.13e-07 V                   ; 2.35 V              ; -0.00662 V          ; 0.129 V                              ; 0.049 V                              ; 8.55e-10 s                  ; 8.01e-10 s                  ; No                         ; Yes                        ; 2.32 V                      ; 8.13e-07 V                  ; 2.35 V             ; -0.00662 V         ; 0.129 V                             ; 0.049 V                             ; 8.55e-10 s                 ; 8.01e-10 s                 ; No                        ; Yes                       ;
; salidaInicial[10]  ; 2.5 V        ; 0 s                 ; 0 s                 ; 2.32 V                       ; 8.13e-07 V                   ; 2.35 V              ; -0.00662 V          ; 0.129 V                              ; 0.049 V                              ; 8.55e-10 s                  ; 8.01e-10 s                  ; No                         ; Yes                        ; 2.32 V                      ; 8.13e-07 V                  ; 2.35 V             ; -0.00662 V         ; 0.129 V                             ; 0.049 V                             ; 8.55e-10 s                 ; 8.01e-10 s                 ; No                        ; Yes                       ;
; salidaInicial[9]   ; 2.5 V        ; 0 s                 ; 0 s                 ; 2.32 V                       ; 8.13e-07 V                   ; 2.35 V              ; -0.00662 V          ; 0.129 V                              ; 0.049 V                              ; 8.55e-10 s                  ; 8.01e-10 s                  ; No                         ; Yes                        ; 2.32 V                      ; 8.13e-07 V                  ; 2.35 V             ; -0.00662 V         ; 0.129 V                             ; 0.049 V                             ; 8.55e-10 s                 ; 8.01e-10 s                 ; No                        ; Yes                       ;
; salidaInicial[8]   ; 2.5 V        ; 0 s                 ; 0 s                 ; 2.32 V                       ; 1.21e-06 V                   ; 2.36 V              ; -0.00833 V          ; 0.113 V                              ; 0.035 V                              ; 6.32e-10 s                  ; 5.89e-10 s                  ; No                         ; Yes                        ; 2.32 V                      ; 1.21e-06 V                  ; 2.36 V             ; -0.00833 V         ; 0.113 V                             ; 0.035 V                             ; 6.32e-10 s                 ; 5.89e-10 s                 ; No                        ; Yes                       ;
; salidaInicial[7]   ; 2.5 V        ; 0 s                 ; 0 s                 ; 2.32 V                       ; 8.13e-07 V                   ; 2.36 V              ; -0.00623 V          ; 0.121 V                              ; 0.03 V                               ; 4.4e-10 s                   ; 4.28e-10 s                  ; Yes                        ; Yes                        ; 2.32 V                      ; 8.13e-07 V                  ; 2.36 V             ; -0.00623 V         ; 0.121 V                             ; 0.03 V                              ; 4.4e-10 s                  ; 4.28e-10 s                 ; Yes                       ; Yes                       ;
; salidaInicial[6]   ; 2.5 V        ; 0 s                 ; 0 s                 ; 2.32 V                       ; 1.21e-06 V                   ; 2.36 V              ; -0.00833 V          ; 0.113 V                              ; 0.035 V                              ; 6.32e-10 s                  ; 5.89e-10 s                  ; No                         ; Yes                        ; 2.32 V                      ; 1.21e-06 V                  ; 2.36 V             ; -0.00833 V         ; 0.113 V                             ; 0.035 V                             ; 6.32e-10 s                 ; 5.89e-10 s                 ; No                        ; Yes                       ;
; salidaInicial[5]   ; 2.5 V        ; 0 s                 ; 0 s                 ; 2.32 V                       ; 8.13e-07 V                   ; 2.35 V              ; -0.00662 V          ; 0.129 V                              ; 0.049 V                              ; 8.55e-10 s                  ; 8.01e-10 s                  ; No                         ; Yes                        ; 2.32 V                      ; 8.13e-07 V                  ; 2.35 V             ; -0.00662 V         ; 0.129 V                             ; 0.049 V                             ; 8.55e-10 s                 ; 8.01e-10 s                 ; No                        ; Yes                       ;
; salidaInicial[4]   ; 2.5 V        ; 0 s                 ; 0 s                 ; 2.32 V                       ; 1.21e-06 V                   ; 2.36 V              ; -0.00833 V          ; 0.113 V                              ; 0.035 V                              ; 6.32e-10 s                  ; 5.89e-10 s                  ; No                         ; Yes                        ; 2.32 V                      ; 1.21e-06 V                  ; 2.36 V             ; -0.00833 V         ; 0.113 V                             ; 0.035 V                             ; 6.32e-10 s                 ; 5.89e-10 s                 ; No                        ; Yes                       ;
; salidaInicial[3]   ; 2.5 V        ; 0 s                 ; 0 s                 ; 2.32 V                       ; 8.13e-07 V                   ; 2.35 V              ; -0.00662 V          ; 0.129 V                              ; 0.049 V                              ; 8.55e-10 s                  ; 8.01e-10 s                  ; No                         ; Yes                        ; 2.32 V                      ; 8.13e-07 V                  ; 2.35 V             ; -0.00662 V         ; 0.129 V                             ; 0.049 V                             ; 8.55e-10 s                 ; 8.01e-10 s                 ; No                        ; Yes                       ;
; salidaInicial[2]   ; 2.5 V        ; 0 s                 ; 0 s                 ; 2.32 V                       ; 1.21e-06 V                   ; 2.36 V              ; -0.00833 V          ; 0.113 V                              ; 0.035 V                              ; 6.32e-10 s                  ; 5.89e-10 s                  ; No                         ; Yes                        ; 2.32 V                      ; 1.21e-06 V                  ; 2.36 V             ; -0.00833 V         ; 0.113 V                             ; 0.035 V                             ; 6.32e-10 s                 ; 5.89e-10 s                 ; No                        ; Yes                       ;
; salidaInicial[1]   ; 2.5 V        ; 0 s                 ; 0 s                 ; 2.32 V                       ; 1.21e-06 V                   ; 2.36 V              ; -0.00833 V          ; 0.113 V                              ; 0.035 V                              ; 6.32e-10 s                  ; 5.89e-10 s                  ; No                         ; Yes                        ; 2.32 V                      ; 1.21e-06 V                  ; 2.36 V             ; -0.00833 V         ; 0.113 V                             ; 0.035 V                             ; 6.32e-10 s                 ; 5.89e-10 s                 ; No                        ; Yes                       ;
; salidaInicial[0]   ; 2.5 V        ; 0 s                 ; 0 s                 ; 2.32 V                       ; 1.21e-06 V                   ; 2.36 V              ; -0.00833 V          ; 0.113 V                              ; 0.035 V                              ; 6.32e-10 s                  ; 5.89e-10 s                  ; No                         ; Yes                        ; 2.32 V                      ; 1.21e-06 V                  ; 2.36 V             ; -0.00833 V         ; 0.113 V                             ; 0.035 V                             ; 6.32e-10 s                 ; 5.89e-10 s                 ; No                        ; Yes                       ;
; DATA[11]           ; 2.5 V        ; 0 s                 ; 0 s                 ; 2.32 V                       ; 1.21e-06 V                   ; 2.36 V              ; -0.00833 V          ; 0.113 V                              ; 0.035 V                              ; 6.32e-10 s                  ; 5.89e-10 s                  ; No                         ; Yes                        ; 2.32 V                      ; 1.21e-06 V                  ; 2.36 V             ; -0.00833 V         ; 0.113 V                             ; 0.035 V                             ; 6.32e-10 s                 ; 5.89e-10 s                 ; No                        ; Yes                       ;
; DATA[10]           ; 2.5 V        ; 0 s                 ; 0 s                 ; 2.32 V                       ; 1.21e-06 V                   ; 2.36 V              ; -0.00833 V          ; 0.113 V                              ; 0.035 V                              ; 6.32e-10 s                  ; 5.89e-10 s                  ; No                         ; Yes                        ; 2.32 V                      ; 1.21e-06 V                  ; 2.36 V             ; -0.00833 V         ; 0.113 V                             ; 0.035 V                             ; 6.32e-10 s                 ; 5.89e-10 s                 ; No                        ; Yes                       ;
; DATA[9]            ; 2.5 V        ; 0 s                 ; 0 s                 ; 2.32 V                       ; 1.21e-06 V                   ; 2.36 V              ; -0.00833 V          ; 0.113 V                              ; 0.035 V                              ; 6.32e-10 s                  ; 5.89e-10 s                  ; No                         ; Yes                        ; 2.32 V                      ; 1.21e-06 V                  ; 2.36 V             ; -0.00833 V         ; 0.113 V                             ; 0.035 V                             ; 6.32e-10 s                 ; 5.89e-10 s                 ; No                        ; Yes                       ;
; DATA[8]            ; 2.5 V        ; 0 s                 ; 0 s                 ; 2.32 V                       ; 1.21e-06 V                   ; 2.36 V              ; -0.00833 V          ; 0.113 V                              ; 0.035 V                              ; 6.32e-10 s                  ; 5.89e-10 s                  ; No                         ; Yes                        ; 2.32 V                      ; 1.21e-06 V                  ; 2.36 V             ; -0.00833 V         ; 0.113 V                             ; 0.035 V                             ; 6.32e-10 s                 ; 5.89e-10 s                 ; No                        ; Yes                       ;
; DATA[7]            ; 2.5 V        ; 0 s                 ; 0 s                 ; 2.32 V                       ; 1.21e-06 V                   ; 2.36 V              ; -0.00833 V          ; 0.113 V                              ; 0.035 V                              ; 6.32e-10 s                  ; 5.89e-10 s                  ; No                         ; Yes                        ; 2.32 V                      ; 1.21e-06 V                  ; 2.36 V             ; -0.00833 V         ; 0.113 V                             ; 0.035 V                             ; 6.32e-10 s                 ; 5.89e-10 s                 ; No                        ; Yes                       ;
; DATA[6]            ; 2.5 V        ; 0 s                 ; 0 s                 ; 2.32 V                       ; 1.21e-06 V                   ; 2.36 V              ; -0.00833 V          ; 0.113 V                              ; 0.035 V                              ; 6.32e-10 s                  ; 5.89e-10 s                  ; No                         ; Yes                        ; 2.32 V                      ; 1.21e-06 V                  ; 2.36 V             ; -0.00833 V         ; 0.113 V                             ; 0.035 V                             ; 6.32e-10 s                 ; 5.89e-10 s                 ; No                        ; Yes                       ;
; DATA[5]            ; 2.5 V        ; 0 s                 ; 0 s                 ; 2.32 V                       ; 1.21e-06 V                   ; 2.36 V              ; -0.00833 V          ; 0.113 V                              ; 0.035 V                              ; 6.32e-10 s                  ; 5.89e-10 s                  ; No                         ; Yes                        ; 2.32 V                      ; 1.21e-06 V                  ; 2.36 V             ; -0.00833 V         ; 0.113 V                             ; 0.035 V                             ; 6.32e-10 s                 ; 5.89e-10 s                 ; No                        ; Yes                       ;
; DATA[4]            ; 2.5 V        ; 0 s                 ; 0 s                 ; 2.32 V                       ; 8.13e-07 V                   ; 2.35 V              ; -0.00662 V          ; 0.129 V                              ; 0.049 V                              ; 8.55e-10 s                  ; 8.01e-10 s                  ; No                         ; Yes                        ; 2.32 V                      ; 8.13e-07 V                  ; 2.35 V             ; -0.00662 V         ; 0.129 V                             ; 0.049 V                             ; 8.55e-10 s                 ; 8.01e-10 s                 ; No                        ; Yes                       ;
; DATA[3]            ; 2.5 V        ; 0 s                 ; 0 s                 ; 2.32 V                       ; 1.21e-06 V                   ; 2.36 V              ; -0.00833 V          ; 0.113 V                              ; 0.035 V                              ; 6.32e-10 s                  ; 5.89e-10 s                  ; No                         ; Yes                        ; 2.32 V                      ; 1.21e-06 V                  ; 2.36 V             ; -0.00833 V         ; 0.113 V                             ; 0.035 V                             ; 6.32e-10 s                 ; 5.89e-10 s                 ; No                        ; Yes                       ;
; DATA[2]            ; 2.5 V        ; 0 s                 ; 0 s                 ; 2.32 V                       ; 1.21e-06 V                   ; 2.36 V              ; -0.00833 V          ; 0.113 V                              ; 0.035 V                              ; 6.32e-10 s                  ; 5.89e-10 s                  ; No                         ; Yes                        ; 2.32 V                      ; 1.21e-06 V                  ; 2.36 V             ; -0.00833 V         ; 0.113 V                             ; 0.035 V                             ; 6.32e-10 s                 ; 5.89e-10 s                 ; No                        ; Yes                       ;
; DATA[1]            ; 2.5 V        ; 0 s                 ; 0 s                 ; 2.32 V                       ; 1.21e-06 V                   ; 2.33 V              ; -0.00286 V          ; 0.193 V                              ; 0.042 V                              ; 2.32e-09 s                  ; 2.21e-09 s                  ; Yes                        ; Yes                        ; 2.32 V                      ; 1.21e-06 V                  ; 2.33 V             ; -0.00286 V         ; 0.193 V                             ; 0.042 V                             ; 2.32e-09 s                 ; 2.21e-09 s                 ; Yes                       ; Yes                       ;
; DATA[0]            ; 2.5 V        ; 0 s                 ; 0 s                 ; 2.32 V                       ; 1.21e-06 V                   ; 2.37 V              ; -0.00606 V          ; 0.107 V                              ; 0.021 V                              ; 4.26e-10 s                  ; 4.03e-10 s                  ; Yes                        ; Yes                        ; 2.32 V                      ; 1.21e-06 V                  ; 2.37 V             ; -0.00606 V         ; 0.107 V                             ; 0.021 V                             ; 4.26e-10 s                 ; 4.03e-10 s                 ; Yes                       ; Yes                       ;
; ~ALTERA_NCEO~      ; 2.5 V        ; 0 s                 ; 0 s                 ; 2.32 V                       ; 7.93e-07 V                   ; 2.37 V              ; -0.0278 V           ; 0.106 V                              ; 0.115 V                              ; 2.69e-10 s                  ; 4.05e-10 s                  ; Yes                        ; Yes                        ; 2.32 V                      ; 7.93e-07 V                  ; 2.37 V             ; -0.0278 V          ; 0.106 V                             ; 0.115 V                             ; 2.69e-10 s                 ; 4.05e-10 s                 ; Yes                       ; Yes                       ;
; ~ALTERA_DCLK~      ; 2.5 V        ; 0 s                 ; 0 s                 ; 2.32 V                       ; 9.76e-07 V                   ; 2.36 V              ; -0.00439 V          ; 0.088 V                              ; 0.007 V                              ; 4.05e-10 s                  ; 3.35e-10 s                  ; Yes                        ; Yes                        ; 2.32 V                      ; 9.76e-07 V                  ; 2.36 V             ; -0.00439 V         ; 0.088 V                             ; 0.007 V                             ; 4.05e-10 s                 ; 3.35e-10 s                 ; Yes                       ; Yes                       ;
+--------------------+--------------+---------------------+---------------------+------------------------------+------------------------------+---------------------+---------------------+--------------------------------------+--------------------------------------+-----------------------------+-----------------------------+----------------------------+----------------------------+-----------------------------+-----------------------------+--------------------+--------------------+-------------------------------------+-------------------------------------+----------------------------+----------------------------+---------------------------+---------------------------+


+-------------------------------------------------------------------------------------------------------------------------------------------------------------------------------------------------------------------------------------------------------------------------------------------------------------------------------------------------------------------------------------------------------------------------------------------------------------------------------------------------------------------------------------------------------------------------------------------------------------------------------------------------------------------------------------------------+
; Signal Integrity Metrics (Fast 1200mv 0c Model)                                                                                                                                                                                                                                                                                                                                                                                                                                                                                                                                                                                                                                                 ;
+--------------------+--------------+---------------------+---------------------+------------------------------+------------------------------+---------------------+---------------------+--------------------------------------+--------------------------------------+-----------------------------+-----------------------------+----------------------------+----------------------------+-----------------------------+-----------------------------+--------------------+--------------------+-------------------------------------+-------------------------------------+----------------------------+----------------------------+---------------------------+---------------------------+
; Pin                ; I/O Standard ; Board Delay on Rise ; Board Delay on Fall ; Steady State Voh at FPGA Pin ; Steady State Vol at FPGA Pin ; Voh Max at FPGA Pin ; Vol Min at FPGA Pin ; Ringback Voltage on Rise at FPGA Pin ; Ringback Voltage on Fall at FPGA Pin ; 10-90 Rise Time at FPGA Pin ; 90-10 Fall Time at FPGA Pin ; Monotonic Rise at FPGA Pin ; Monotonic Fall at FPGA Pin ; Steady State Voh at Far-end ; Steady State Vol at Far-end ; Voh Max at Far-end ; Vol Min at Far-end ; Ringback Voltage on Rise at Far-end ; Ringback Voltage on Fall at Far-end ; 10-90 Rise Time at Far-end ; 90-10 Fall Time at Far-end ; Monotonic Rise at Far-end ; Monotonic Fall at Far-end ;
+--------------------+--------------+---------------------+---------------------+------------------------------+------------------------------+---------------------+---------------------+--------------------------------------+--------------------------------------+-----------------------------+-----------------------------+----------------------------+----------------------------+-----------------------------+-----------------------------+--------------------+--------------------+-------------------------------------+-------------------------------------+----------------------------+----------------------------+---------------------------+---------------------------+
; PAUSE              ; 2.5 V        ; 0 s                 ; 0 s                 ; 2.62 V                       ; 3.16e-08 V                   ; 2.65 V              ; -0.0109 V           ; 0.234 V                              ; 0.125 V                              ; 1.64e-09 s                  ; 1.59e-09 s                  ; No                         ; Yes                        ; 2.62 V                      ; 3.16e-08 V                  ; 2.65 V             ; -0.0109 V          ; 0.234 V                             ; 0.125 V                             ; 1.64e-09 s                 ; 1.59e-09 s                 ; No                        ; Yes                       ;
; ERROR              ; 2.5 V        ; 0 s                 ; 0 s                 ; 2.62 V                       ; 3.16e-08 V                   ; 2.71 V              ; -0.0171 V           ; 0.273 V                              ; 0.065 V                              ; 4.95e-10 s                  ; 5.37e-10 s                  ; No                         ; Yes                        ; 2.62 V                      ; 3.16e-08 V                  ; 2.71 V             ; -0.0171 V          ; 0.273 V                             ; 0.065 V                             ; 4.95e-10 s                 ; 5.37e-10 s                 ; No                        ; Yes                       ;
; Q2                 ; 2.5 V        ; 0 s                 ; 0 s                 ; 2.62 V                       ; 4.66e-08 V                   ; 2.72 V              ; -0.0215 V           ; 0.161 V                              ; 0.061 V                              ; 4.44e-10 s                  ; 4.06e-10 s                  ; No                         ; Yes                        ; 2.62 V                      ; 4.66e-08 V                  ; 2.72 V             ; -0.0215 V          ; 0.161 V                             ; 0.061 V                             ; 4.44e-10 s                 ; 4.06e-10 s                 ; No                        ; Yes                       ;
; FIN                ; 2.5 V        ; 0 s                 ; 0 s                 ; 2.62 V                       ; 4.66e-08 V                   ; 2.72 V              ; -0.0215 V           ; 0.161 V                              ; 0.061 V                              ; 4.44e-10 s                  ; 4.06e-10 s                  ; No                         ; Yes                        ; 2.62 V                      ; 4.66e-08 V                  ; 2.72 V             ; -0.0215 V          ; 0.161 V                             ; 0.061 V                             ; 4.44e-10 s                 ; 4.06e-10 s                 ; No                        ; Yes                       ;
; Q1                 ; 2.5 V        ; 0 s                 ; 0 s                 ; 2.62 V                       ; 3.16e-08 V                   ; 2.71 V              ; -0.0171 V           ; 0.273 V                              ; 0.065 V                              ; 4.95e-10 s                  ; 5.37e-10 s                  ; No                         ; Yes                        ; 2.62 V                      ; 3.16e-08 V                  ; 2.71 V             ; -0.0171 V          ; 0.273 V                             ; 0.065 V                             ; 4.95e-10 s                 ; 5.37e-10 s                 ; No                        ; Yes                       ;
; Q0                 ; 2.5 V        ; 0 s                 ; 0 s                 ; 2.62 V                       ; 3.16e-08 V                   ; 2.71 V              ; -0.0171 V           ; 0.273 V                              ; 0.065 V                              ; 4.95e-10 s                  ; 5.37e-10 s                  ; No                         ; Yes                        ; 2.62 V                      ; 3.16e-08 V                  ; 2.71 V             ; -0.0171 V          ; 0.273 V                             ; 0.065 V                             ; 4.95e-10 s                 ; 5.37e-10 s                 ; No                        ; Yes                       ;
; postRegSumador[11] ; 2.5 V        ; 0 s                 ; 0 s                 ; 2.62 V                       ; 4.66e-08 V                   ; 2.72 V              ; -0.0215 V           ; 0.161 V                              ; 0.061 V                              ; 4.44e-10 s                  ; 4.06e-10 s                  ; No                         ; Yes                        ; 2.62 V                      ; 4.66e-08 V                  ; 2.72 V             ; -0.0215 V          ; 0.161 V                             ; 0.061 V                             ; 4.44e-10 s                 ; 4.06e-10 s                 ; No                        ; Yes                       ;
; postRegSumador[10] ; 2.5 V        ; 0 s                 ; 0 s                 ; 2.62 V                       ; 4.66e-08 V                   ; 2.72 V              ; -0.0215 V           ; 0.161 V                              ; 0.061 V                              ; 4.44e-10 s                  ; 4.06e-10 s                  ; No                         ; Yes                        ; 2.62 V                      ; 4.66e-08 V                  ; 2.72 V             ; -0.0215 V          ; 0.161 V                             ; 0.061 V                             ; 4.44e-10 s                 ; 4.06e-10 s                 ; No                        ; Yes                       ;
; postRegSumador[9]  ; 2.5 V        ; 0 s                 ; 0 s                 ; 2.62 V                       ; 4.66e-08 V                   ; 2.73 V              ; -0.0205 V           ; 0.17 V                               ; 0.027 V                              ; 2.58e-10 s                  ; 2.57e-10 s                  ; Yes                        ; Yes                        ; 2.62 V                      ; 4.66e-08 V                  ; 2.73 V             ; -0.0205 V          ; 0.17 V                              ; 0.027 V                             ; 2.58e-10 s                 ; 2.57e-10 s                 ; Yes                       ; Yes                       ;
; postRegSumador[8]  ; 2.5 V        ; 0 s                 ; 0 s                 ; 2.62 V                       ; 4.66e-08 V                   ; 2.72 V              ; -0.0215 V           ; 0.161 V                              ; 0.061 V                              ; 4.44e-10 s                  ; 4.06e-10 s                  ; No                         ; Yes                        ; 2.62 V                      ; 4.66e-08 V                  ; 2.72 V             ; -0.0215 V          ; 0.161 V                             ; 0.061 V                             ; 4.44e-10 s                 ; 4.06e-10 s                 ; No                        ; Yes                       ;
; postRegSumador[7]  ; 2.5 V        ; 0 s                 ; 0 s                 ; 2.62 V                       ; 4.66e-08 V                   ; 2.72 V              ; -0.0215 V           ; 0.161 V                              ; 0.061 V                              ; 4.44e-10 s                  ; 4.06e-10 s                  ; No                         ; Yes                        ; 2.62 V                      ; 4.66e-08 V                  ; 2.72 V             ; -0.0215 V          ; 0.161 V                             ; 0.061 V                             ; 4.44e-10 s                 ; 4.06e-10 s                 ; No                        ; Yes                       ;
; postRegSumador[6]  ; 2.5 V        ; 0 s                 ; 0 s                 ; 2.62 V                       ; 4.66e-08 V                   ; 2.73 V              ; -0.0205 V           ; 0.17 V                               ; 0.027 V                              ; 2.58e-10 s                  ; 2.57e-10 s                  ; Yes                        ; Yes                        ; 2.62 V                      ; 4.66e-08 V                  ; 2.73 V             ; -0.0205 V          ; 0.17 V                              ; 0.027 V                             ; 2.58e-10 s                 ; 2.57e-10 s                 ; Yes                       ; Yes                       ;
; postRegSumador[5]  ; 2.5 V        ; 0 s                 ; 0 s                 ; 2.62 V                       ; 4.66e-08 V                   ; 2.72 V              ; -0.0215 V           ; 0.161 V                              ; 0.061 V                              ; 4.44e-10 s                  ; 4.06e-10 s                  ; No                         ; Yes                        ; 2.62 V                      ; 4.66e-08 V                  ; 2.72 V             ; -0.0215 V          ; 0.161 V                             ; 0.061 V                             ; 4.44e-10 s                 ; 4.06e-10 s                 ; No                        ; Yes                       ;
; postRegSumador[4]  ; 2.5 V        ; 0 s                 ; 0 s                 ; 2.62 V                       ; 3.16e-08 V                   ; 2.71 V              ; -0.0171 V           ; 0.273 V                              ; 0.065 V                              ; 4.95e-10 s                  ; 5.37e-10 s                  ; No                         ; Yes                        ; 2.62 V                      ; 3.16e-08 V                  ; 2.71 V             ; -0.0171 V          ; 0.273 V                             ; 0.065 V                             ; 4.95e-10 s                 ; 5.37e-10 s                 ; No                        ; Yes                       ;
; postRegSumador[3]  ; 2.5 V        ; 0 s                 ; 0 s                 ; 2.62 V                       ; 4.66e-08 V                   ; 2.72 V              ; -0.0215 V           ; 0.161 V                              ; 0.061 V                              ; 4.44e-10 s                  ; 4.06e-10 s                  ; No                         ; Yes                        ; 2.62 V                      ; 4.66e-08 V                  ; 2.72 V             ; -0.0215 V          ; 0.161 V                             ; 0.061 V                             ; 4.44e-10 s                 ; 4.06e-10 s                 ; No                        ; Yes                       ;
; postRegSumador[2]  ; 2.5 V        ; 0 s                 ; 0 s                 ; 2.62 V                       ; 4.66e-08 V                   ; 2.72 V              ; -0.0215 V           ; 0.161 V                              ; 0.061 V                              ; 4.44e-10 s                  ; 4.06e-10 s                  ; No                         ; Yes                        ; 2.62 V                      ; 4.66e-08 V                  ; 2.72 V             ; -0.0215 V          ; 0.161 V                             ; 0.061 V                             ; 4.44e-10 s                 ; 4.06e-10 s                 ; No                        ; Yes                       ;
; postRegSumador[1]  ; 2.5 V        ; 0 s                 ; 0 s                 ; 2.62 V                       ; 4.66e-08 V                   ; 2.72 V              ; -0.0215 V           ; 0.161 V                              ; 0.061 V                              ; 4.44e-10 s                  ; 4.06e-10 s                  ; No                         ; Yes                        ; 2.62 V                      ; 4.66e-08 V                  ; 2.72 V             ; -0.0215 V          ; 0.161 V                             ; 0.061 V                             ; 4.44e-10 s                 ; 4.06e-10 s                 ; No                        ; Yes                       ;
; postRegSumador[0]  ; 2.5 V        ; 0 s                 ; 0 s                 ; 2.62 V                       ; 4.66e-08 V                   ; 2.72 V              ; -0.0215 V           ; 0.161 V                              ; 0.061 V                              ; 4.44e-10 s                  ; 4.06e-10 s                  ; No                         ; Yes                        ; 2.62 V                      ; 4.66e-08 V                  ; 2.72 V             ; -0.0215 V          ; 0.161 V                             ; 0.061 V                             ; 4.44e-10 s                 ; 4.06e-10 s                 ; No                        ; Yes                       ;
; CYOUT              ; 2.5 V        ; 0 s                 ; 0 s                 ; 2.62 V                       ; 3.16e-08 V                   ; 2.71 V              ; -0.0171 V           ; 0.273 V                              ; 0.065 V                              ; 4.95e-10 s                  ; 5.37e-10 s                  ; No                         ; Yes                        ; 2.62 V                      ; 3.16e-08 V                  ; 2.71 V             ; -0.0171 V          ; 0.273 V                             ; 0.065 V                             ; 4.95e-10 s                 ; 5.37e-10 s                 ; No                        ; Yes                       ;
; postmux[11]        ; 2.5 V        ; 0 s                 ; 0 s                 ; 2.62 V                       ; 3.16e-08 V                   ; 2.71 V              ; -0.0171 V           ; 0.273 V                              ; 0.065 V                              ; 4.95e-10 s                  ; 5.37e-10 s                  ; No                         ; Yes                        ; 2.62 V                      ; 3.16e-08 V                  ; 2.71 V             ; -0.0171 V          ; 0.273 V                             ; 0.065 V                             ; 4.95e-10 s                 ; 5.37e-10 s                 ; No                        ; Yes                       ;
; postmux[10]        ; 2.5 V        ; 0 s                 ; 0 s                 ; 2.62 V                       ; 3.16e-08 V                   ; 2.71 V              ; -0.0171 V           ; 0.273 V                              ; 0.065 V                              ; 4.95e-10 s                  ; 5.37e-10 s                  ; No                         ; Yes                        ; 2.62 V                      ; 3.16e-08 V                  ; 2.71 V             ; -0.0171 V          ; 0.273 V                             ; 0.065 V                             ; 4.95e-10 s                 ; 5.37e-10 s                 ; No                        ; Yes                       ;
; postmux[9]         ; 2.5 V        ; 0 s                 ; 0 s                 ; 2.62 V                       ; 3.16e-08 V                   ; 2.71 V              ; -0.0171 V           ; 0.273 V                              ; 0.065 V                              ; 4.95e-10 s                  ; 5.37e-10 s                  ; No                         ; Yes                        ; 2.62 V                      ; 3.16e-08 V                  ; 2.71 V             ; -0.0171 V          ; 0.273 V                             ; 0.065 V                             ; 4.95e-10 s                 ; 5.37e-10 s                 ; No                        ; Yes                       ;
; postmux[8]         ; 2.5 V        ; 0 s                 ; 0 s                 ; 2.62 V                       ; 3.16e-08 V                   ; 2.71 V              ; -0.0171 V           ; 0.273 V                              ; 0.065 V                              ; 4.95e-10 s                  ; 5.37e-10 s                  ; No                         ; Yes                        ; 2.62 V                      ; 3.16e-08 V                  ; 2.71 V             ; -0.0171 V          ; 0.273 V                             ; 0.065 V                             ; 4.95e-10 s                 ; 5.37e-10 s                 ; No                        ; Yes                       ;
; postmux[7]         ; 2.5 V        ; 0 s                 ; 0 s                 ; 2.62 V                       ; 3.16e-08 V                   ; 2.71 V              ; -0.0171 V           ; 0.273 V                              ; 0.065 V                              ; 4.95e-10 s                  ; 5.37e-10 s                  ; No                         ; Yes                        ; 2.62 V                      ; 3.16e-08 V                  ; 2.71 V             ; -0.0171 V          ; 0.273 V                             ; 0.065 V                             ; 4.95e-10 s                 ; 5.37e-10 s                 ; No                        ; Yes                       ;
; postmux[6]         ; 2.5 V        ; 0 s                 ; 0 s                 ; 2.62 V                       ; 4.66e-08 V                   ; 2.73 V              ; -0.0205 V           ; 0.17 V                               ; 0.027 V                              ; 2.58e-10 s                  ; 2.57e-10 s                  ; Yes                        ; Yes                        ; 2.62 V                      ; 4.66e-08 V                  ; 2.73 V             ; -0.0205 V          ; 0.17 V                              ; 0.027 V                             ; 2.58e-10 s                 ; 2.57e-10 s                 ; Yes                       ; Yes                       ;
; postmux[5]         ; 2.5 V        ; 0 s                 ; 0 s                 ; 2.62 V                       ; 3.16e-08 V                   ; 2.71 V              ; -0.0171 V           ; 0.273 V                              ; 0.065 V                              ; 4.95e-10 s                  ; 5.37e-10 s                  ; No                         ; Yes                        ; 2.62 V                      ; 3.16e-08 V                  ; 2.71 V             ; -0.0171 V          ; 0.273 V                             ; 0.065 V                             ; 4.95e-10 s                 ; 5.37e-10 s                 ; No                        ; Yes                       ;
; postmux[4]         ; 2.5 V        ; 0 s                 ; 0 s                 ; 2.62 V                       ; 4.66e-08 V                   ; 2.65 V              ; -0.0115 V           ; 0.219 V                              ; 0.115 V                              ; 1.64e-09 s                  ; 1.57e-09 s                  ; No                         ; Yes                        ; 2.62 V                      ; 4.66e-08 V                  ; 2.65 V             ; -0.0115 V          ; 0.219 V                             ; 0.115 V                             ; 1.64e-09 s                 ; 1.57e-09 s                 ; No                        ; Yes                       ;
; postmux[3]         ; 2.5 V        ; 0 s                 ; 0 s                 ; 2.62 V                       ; 4.66e-08 V                   ; 2.72 V              ; -0.0215 V           ; 0.161 V                              ; 0.061 V                              ; 4.44e-10 s                  ; 4.06e-10 s                  ; No                         ; Yes                        ; 2.62 V                      ; 4.66e-08 V                  ; 2.72 V             ; -0.0215 V          ; 0.161 V                             ; 0.061 V                             ; 4.44e-10 s                 ; 4.06e-10 s                 ; No                        ; Yes                       ;
; postmux[2]         ; 2.5 V        ; 0 s                 ; 0 s                 ; 2.62 V                       ; 3.16e-08 V                   ; 2.71 V              ; -0.0171 V           ; 0.273 V                              ; 0.065 V                              ; 4.95e-10 s                  ; 5.37e-10 s                  ; No                         ; Yes                        ; 2.62 V                      ; 3.16e-08 V                  ; 2.71 V             ; -0.0171 V          ; 0.273 V                             ; 0.065 V                             ; 4.95e-10 s                 ; 5.37e-10 s                 ; No                        ; Yes                       ;
; postmux[1]         ; 2.5 V        ; 0 s                 ; 0 s                 ; 2.62 V                       ; 3.16e-08 V                   ; 2.71 V              ; -0.0171 V           ; 0.273 V                              ; 0.065 V                              ; 4.95e-10 s                  ; 5.37e-10 s                  ; No                         ; Yes                        ; 2.62 V                      ; 3.16e-08 V                  ; 2.71 V             ; -0.0171 V          ; 0.273 V                             ; 0.065 V                             ; 4.95e-10 s                 ; 5.37e-10 s                 ; No                        ; Yes                       ;
; postmux[0]         ; 2.5 V        ; 0 s                 ; 0 s                 ; 2.62 V                       ; 4.66e-08 V                   ; 2.72 V              ; -0.0215 V           ; 0.161 V                              ; 0.061 V                              ; 4.44e-10 s                  ; 4.06e-10 s                  ; No                         ; Yes                        ; 2.62 V                      ; 4.66e-08 V                  ; 2.72 V             ; -0.0215 V          ; 0.161 V                             ; 0.061 V                             ; 4.44e-10 s                 ; 4.06e-10 s                 ; No                        ; Yes                       ;
; salidaFinal[11]    ; 2.5 V        ; 0 s                 ; 0 s                 ; 2.62 V                       ; 4.66e-08 V                   ; 2.73 V              ; -0.0205 V           ; 0.17 V                               ; 0.027 V                              ; 2.58e-10 s                  ; 2.57e-10 s                  ; Yes                        ; Yes                        ; 2.62 V                      ; 4.66e-08 V                  ; 2.73 V             ; -0.0205 V          ; 0.17 V                              ; 0.027 V                             ; 2.58e-10 s                 ; 2.57e-10 s                 ; Yes                       ; Yes                       ;
; salidaFinal[10]    ; 2.5 V        ; 0 s                 ; 0 s                 ; 2.62 V                       ; 3.16e-08 V                   ; 2.71 V              ; -0.0171 V           ; 0.273 V                              ; 0.065 V                              ; 4.95e-10 s                  ; 5.37e-10 s                  ; No                         ; Yes                        ; 2.62 V                      ; 3.16e-08 V                  ; 2.71 V             ; -0.0171 V          ; 0.273 V                             ; 0.065 V                             ; 4.95e-10 s                 ; 5.37e-10 s                 ; No                        ; Yes                       ;
; salidaFinal[9]     ; 2.5 V        ; 0 s                 ; 0 s                 ; 2.62 V                       ; 3.16e-08 V                   ; 2.71 V              ; -0.0171 V           ; 0.273 V                              ; 0.065 V                              ; 4.95e-10 s                  ; 5.37e-10 s                  ; No                         ; Yes                        ; 2.62 V                      ; 3.16e-08 V                  ; 2.71 V             ; -0.0171 V          ; 0.273 V                             ; 0.065 V                             ; 4.95e-10 s                 ; 5.37e-10 s                 ; No                        ; Yes                       ;
; salidaFinal[8]     ; 2.5 V        ; 0 s                 ; 0 s                 ; 2.62 V                       ; 3.16e-08 V                   ; 2.65 V              ; -0.0109 V           ; 0.234 V                              ; 0.125 V                              ; 1.64e-09 s                  ; 1.59e-09 s                  ; No                         ; Yes                        ; 2.62 V                      ; 3.16e-08 V                  ; 2.65 V             ; -0.0109 V          ; 0.234 V                             ; 0.125 V                             ; 1.64e-09 s                 ; 1.59e-09 s                 ; No                        ; Yes                       ;
; salidaFinal[7]     ; 2.5 V        ; 0 s                 ; 0 s                 ; 2.62 V                       ; 3.16e-08 V                   ; 2.71 V              ; -0.0171 V           ; 0.273 V                              ; 0.065 V                              ; 4.95e-10 s                  ; 5.37e-10 s                  ; No                         ; Yes                        ; 2.62 V                      ; 3.16e-08 V                  ; 2.71 V             ; -0.0171 V          ; 0.273 V                             ; 0.065 V                             ; 4.95e-10 s                 ; 5.37e-10 s                 ; No                        ; Yes                       ;
; salidaFinal[6]     ; 2.5 V        ; 0 s                 ; 0 s                 ; 2.62 V                       ; 4.66e-08 V                   ; 2.72 V              ; -0.0215 V           ; 0.161 V                              ; 0.061 V                              ; 4.44e-10 s                  ; 4.06e-10 s                  ; No                         ; Yes                        ; 2.62 V                      ; 4.66e-08 V                  ; 2.72 V             ; -0.0215 V          ; 0.161 V                             ; 0.061 V                             ; 4.44e-10 s                 ; 4.06e-10 s                 ; No                        ; Yes                       ;
; salidaFinal[5]     ; 2.5 V        ; 0 s                 ; 0 s                 ; 2.62 V                       ; 4.66e-08 V                   ; 2.72 V              ; -0.0215 V           ; 0.161 V                              ; 0.061 V                              ; 4.44e-10 s                  ; 4.06e-10 s                  ; No                         ; Yes                        ; 2.62 V                      ; 4.66e-08 V                  ; 2.72 V             ; -0.0215 V          ; 0.161 V                             ; 0.061 V                             ; 4.44e-10 s                 ; 4.06e-10 s                 ; No                        ; Yes                       ;
; salidaFinal[4]     ; 2.5 V        ; 0 s                 ; 0 s                 ; 2.62 V                       ; 3.16e-08 V                   ; 2.71 V              ; -0.0171 V           ; 0.273 V                              ; 0.065 V                              ; 4.95e-10 s                  ; 5.37e-10 s                  ; No                         ; Yes                        ; 2.62 V                      ; 3.16e-08 V                  ; 2.71 V             ; -0.0171 V          ; 0.273 V                             ; 0.065 V                             ; 4.95e-10 s                 ; 5.37e-10 s                 ; No                        ; Yes                       ;
; salidaFinal[3]     ; 2.5 V        ; 0 s                 ; 0 s                 ; 2.62 V                       ; 4.66e-08 V                   ; 2.72 V              ; -0.0215 V           ; 0.161 V                              ; 0.061 V                              ; 4.44e-10 s                  ; 4.06e-10 s                  ; No                         ; Yes                        ; 2.62 V                      ; 4.66e-08 V                  ; 2.72 V             ; -0.0215 V          ; 0.161 V                             ; 0.061 V                             ; 4.44e-10 s                 ; 4.06e-10 s                 ; No                        ; Yes                       ;
; salidaFinal[2]     ; 2.5 V        ; 0 s                 ; 0 s                 ; 2.62 V                       ; 3.16e-08 V                   ; 2.71 V              ; -0.0171 V           ; 0.273 V                              ; 0.065 V                              ; 4.95e-10 s                  ; 5.37e-10 s                  ; No                         ; Yes                        ; 2.62 V                      ; 3.16e-08 V                  ; 2.71 V             ; -0.0171 V          ; 0.273 V                             ; 0.065 V                             ; 4.95e-10 s                 ; 5.37e-10 s                 ; No                        ; Yes                       ;
; salidaFinal[1]     ; 2.5 V        ; 0 s                 ; 0 s                 ; 2.62 V                       ; 3.16e-08 V                   ; 2.72 V              ; -0.0199 V           ; 0.186 V                              ; 0.027 V                              ; 2.63e-10 s                  ; 2.76e-10 s                  ; Yes                        ; Yes                        ; 2.62 V                      ; 3.16e-08 V                  ; 2.72 V             ; -0.0199 V          ; 0.186 V                             ; 0.027 V                             ; 2.63e-10 s                 ; 2.76e-10 s                 ; Yes                       ; Yes                       ;
; salidaFinal[0]     ; 2.5 V        ; 0 s                 ; 0 s                 ; 2.62 V                       ; 3.16e-08 V                   ; 2.71 V              ; -0.0171 V           ; 0.273 V                              ; 0.065 V                              ; 4.95e-10 s                  ; 5.37e-10 s                  ; No                         ; Yes                        ; 2.62 V                      ; 3.16e-08 V                  ; 2.71 V             ; -0.0171 V          ; 0.273 V                             ; 0.065 V                             ; 4.95e-10 s                 ; 5.37e-10 s                 ; No                        ; Yes                       ;
; salidaInicial[11]  ; 2.5 V        ; 0 s                 ; 0 s                 ; 2.62 V                       ; 3.16e-08 V                   ; 2.71 V              ; -0.0171 V           ; 0.273 V                              ; 0.065 V                              ; 4.95e-10 s                  ; 5.37e-10 s                  ; No                         ; Yes                        ; 2.62 V                      ; 3.16e-08 V                  ; 2.71 V             ; -0.0171 V          ; 0.273 V                             ; 0.065 V                             ; 4.95e-10 s                 ; 5.37e-10 s                 ; No                        ; Yes                       ;
; salidaInicial[10]  ; 2.5 V        ; 0 s                 ; 0 s                 ; 2.62 V                       ; 3.16e-08 V                   ; 2.71 V              ; -0.0171 V           ; 0.273 V                              ; 0.065 V                              ; 4.95e-10 s                  ; 5.37e-10 s                  ; No                         ; Yes                        ; 2.62 V                      ; 3.16e-08 V                  ; 2.71 V             ; -0.0171 V          ; 0.273 V                             ; 0.065 V                             ; 4.95e-10 s                 ; 5.37e-10 s                 ; No                        ; Yes                       ;
; salidaInicial[9]   ; 2.5 V        ; 0 s                 ; 0 s                 ; 2.62 V                       ; 3.16e-08 V                   ; 2.71 V              ; -0.0171 V           ; 0.273 V                              ; 0.065 V                              ; 4.95e-10 s                  ; 5.37e-10 s                  ; No                         ; Yes                        ; 2.62 V                      ; 3.16e-08 V                  ; 2.71 V             ; -0.0171 V          ; 0.273 V                             ; 0.065 V                             ; 4.95e-10 s                 ; 5.37e-10 s                 ; No                        ; Yes                       ;
; salidaInicial[8]   ; 2.5 V        ; 0 s                 ; 0 s                 ; 2.62 V                       ; 4.66e-08 V                   ; 2.72 V              ; -0.0215 V           ; 0.161 V                              ; 0.061 V                              ; 4.44e-10 s                  ; 4.06e-10 s                  ; No                         ; Yes                        ; 2.62 V                      ; 4.66e-08 V                  ; 2.72 V             ; -0.0215 V          ; 0.161 V                             ; 0.061 V                             ; 4.44e-10 s                 ; 4.06e-10 s                 ; No                        ; Yes                       ;
; salidaInicial[7]   ; 2.5 V        ; 0 s                 ; 0 s                 ; 2.62 V                       ; 3.16e-08 V                   ; 2.72 V              ; -0.0199 V           ; 0.186 V                              ; 0.027 V                              ; 2.63e-10 s                  ; 2.76e-10 s                  ; Yes                        ; Yes                        ; 2.62 V                      ; 3.16e-08 V                  ; 2.72 V             ; -0.0199 V          ; 0.186 V                             ; 0.027 V                             ; 2.63e-10 s                 ; 2.76e-10 s                 ; Yes                       ; Yes                       ;
; salidaInicial[6]   ; 2.5 V        ; 0 s                 ; 0 s                 ; 2.62 V                       ; 4.66e-08 V                   ; 2.72 V              ; -0.0215 V           ; 0.161 V                              ; 0.061 V                              ; 4.44e-10 s                  ; 4.06e-10 s                  ; No                         ; Yes                        ; 2.62 V                      ; 4.66e-08 V                  ; 2.72 V             ; -0.0215 V          ; 0.161 V                             ; 0.061 V                             ; 4.44e-10 s                 ; 4.06e-10 s                 ; No                        ; Yes                       ;
; salidaInicial[5]   ; 2.5 V        ; 0 s                 ; 0 s                 ; 2.62 V                       ; 3.16e-08 V                   ; 2.71 V              ; -0.0171 V           ; 0.273 V                              ; 0.065 V                              ; 4.95e-10 s                  ; 5.37e-10 s                  ; No                         ; Yes                        ; 2.62 V                      ; 3.16e-08 V                  ; 2.71 V             ; -0.0171 V          ; 0.273 V                             ; 0.065 V                             ; 4.95e-10 s                 ; 5.37e-10 s                 ; No                        ; Yes                       ;
; salidaInicial[4]   ; 2.5 V        ; 0 s                 ; 0 s                 ; 2.62 V                       ; 4.66e-08 V                   ; 2.72 V              ; -0.0215 V           ; 0.161 V                              ; 0.061 V                              ; 4.44e-10 s                  ; 4.06e-10 s                  ; No                         ; Yes                        ; 2.62 V                      ; 4.66e-08 V                  ; 2.72 V             ; -0.0215 V          ; 0.161 V                             ; 0.061 V                             ; 4.44e-10 s                 ; 4.06e-10 s                 ; No                        ; Yes                       ;
; salidaInicial[3]   ; 2.5 V        ; 0 s                 ; 0 s                 ; 2.62 V                       ; 3.16e-08 V                   ; 2.71 V              ; -0.0171 V           ; 0.273 V                              ; 0.065 V                              ; 4.95e-10 s                  ; 5.37e-10 s                  ; No                         ; Yes                        ; 2.62 V                      ; 3.16e-08 V                  ; 2.71 V             ; -0.0171 V          ; 0.273 V                             ; 0.065 V                             ; 4.95e-10 s                 ; 5.37e-10 s                 ; No                        ; Yes                       ;
; salidaInicial[2]   ; 2.5 V        ; 0 s                 ; 0 s                 ; 2.62 V                       ; 4.66e-08 V                   ; 2.72 V              ; -0.0215 V           ; 0.161 V                              ; 0.061 V                              ; 4.44e-10 s                  ; 4.06e-10 s                  ; No                         ; Yes                        ; 2.62 V                      ; 4.66e-08 V                  ; 2.72 V             ; -0.0215 V          ; 0.161 V                             ; 0.061 V                             ; 4.44e-10 s                 ; 4.06e-10 s                 ; No                        ; Yes                       ;
; salidaInicial[1]   ; 2.5 V        ; 0 s                 ; 0 s                 ; 2.62 V                       ; 4.66e-08 V                   ; 2.72 V              ; -0.0215 V           ; 0.161 V                              ; 0.061 V                              ; 4.44e-10 s                  ; 4.06e-10 s                  ; No                         ; Yes                        ; 2.62 V                      ; 4.66e-08 V                  ; 2.72 V             ; -0.0215 V          ; 0.161 V                             ; 0.061 V                             ; 4.44e-10 s                 ; 4.06e-10 s                 ; No                        ; Yes                       ;
; salidaInicial[0]   ; 2.5 V        ; 0 s                 ; 0 s                 ; 2.62 V                       ; 4.66e-08 V                   ; 2.72 V              ; -0.0215 V           ; 0.161 V                              ; 0.061 V                              ; 4.44e-10 s                  ; 4.06e-10 s                  ; No                         ; Yes                        ; 2.62 V                      ; 4.66e-08 V                  ; 2.72 V             ; -0.0215 V          ; 0.161 V                             ; 0.061 V                             ; 4.44e-10 s                 ; 4.06e-10 s                 ; No                        ; Yes                       ;
; DATA[11]           ; 2.5 V        ; 0 s                 ; 0 s                 ; 2.62 V                       ; 4.66e-08 V                   ; 2.72 V              ; -0.0215 V           ; 0.161 V                              ; 0.061 V                              ; 4.44e-10 s                  ; 4.06e-10 s                  ; No                         ; Yes                        ; 2.62 V                      ; 4.66e-08 V                  ; 2.72 V             ; -0.0215 V          ; 0.161 V                             ; 0.061 V                             ; 4.44e-10 s                 ; 4.06e-10 s                 ; No                        ; Yes                       ;
; DATA[10]           ; 2.5 V        ; 0 s                 ; 0 s                 ; 2.62 V                       ; 4.66e-08 V                   ; 2.72 V              ; -0.0215 V           ; 0.161 V                              ; 0.061 V                              ; 4.44e-10 s                  ; 4.06e-10 s                  ; No                         ; Yes                        ; 2.62 V                      ; 4.66e-08 V                  ; 2.72 V             ; -0.0215 V          ; 0.161 V                             ; 0.061 V                             ; 4.44e-10 s                 ; 4.06e-10 s                 ; No                        ; Yes                       ;
; DATA[9]            ; 2.5 V        ; 0 s                 ; 0 s                 ; 2.62 V                       ; 4.66e-08 V                   ; 2.72 V              ; -0.0215 V           ; 0.161 V                              ; 0.061 V                              ; 4.44e-10 s                  ; 4.06e-10 s                  ; No                         ; Yes                        ; 2.62 V                      ; 4.66e-08 V                  ; 2.72 V             ; -0.0215 V          ; 0.161 V                             ; 0.061 V                             ; 4.44e-10 s                 ; 4.06e-10 s                 ; No                        ; Yes                       ;
; DATA[8]            ; 2.5 V        ; 0 s                 ; 0 s                 ; 2.62 V                       ; 4.66e-08 V                   ; 2.72 V              ; -0.0215 V           ; 0.161 V                              ; 0.061 V                              ; 4.44e-10 s                  ; 4.06e-10 s                  ; No                         ; Yes                        ; 2.62 V                      ; 4.66e-08 V                  ; 2.72 V             ; -0.0215 V          ; 0.161 V                             ; 0.061 V                             ; 4.44e-10 s                 ; 4.06e-10 s                 ; No                        ; Yes                       ;
; DATA[7]            ; 2.5 V        ; 0 s                 ; 0 s                 ; 2.62 V                       ; 4.66e-08 V                   ; 2.72 V              ; -0.0215 V           ; 0.161 V                              ; 0.061 V                              ; 4.44e-10 s                  ; 4.06e-10 s                  ; No                         ; Yes                        ; 2.62 V                      ; 4.66e-08 V                  ; 2.72 V             ; -0.0215 V          ; 0.161 V                             ; 0.061 V                             ; 4.44e-10 s                 ; 4.06e-10 s                 ; No                        ; Yes                       ;
; DATA[6]            ; 2.5 V        ; 0 s                 ; 0 s                 ; 2.62 V                       ; 4.66e-08 V                   ; 2.72 V              ; -0.0215 V           ; 0.161 V                              ; 0.061 V                              ; 4.44e-10 s                  ; 4.06e-10 s                  ; No                         ; Yes                        ; 2.62 V                      ; 4.66e-08 V                  ; 2.72 V             ; -0.0215 V          ; 0.161 V                             ; 0.061 V                             ; 4.44e-10 s                 ; 4.06e-10 s                 ; No                        ; Yes                       ;
; DATA[5]            ; 2.5 V        ; 0 s                 ; 0 s                 ; 2.62 V                       ; 4.66e-08 V                   ; 2.72 V              ; -0.0215 V           ; 0.161 V                              ; 0.061 V                              ; 4.44e-10 s                  ; 4.06e-10 s                  ; No                         ; Yes                        ; 2.62 V                      ; 4.66e-08 V                  ; 2.72 V             ; -0.0215 V          ; 0.161 V                             ; 0.061 V                             ; 4.44e-10 s                 ; 4.06e-10 s                 ; No                        ; Yes                       ;
; DATA[4]            ; 2.5 V        ; 0 s                 ; 0 s                 ; 2.62 V                       ; 3.16e-08 V                   ; 2.71 V              ; -0.0171 V           ; 0.273 V                              ; 0.065 V                              ; 4.95e-10 s                  ; 5.37e-10 s                  ; No                         ; Yes                        ; 2.62 V                      ; 3.16e-08 V                  ; 2.71 V             ; -0.0171 V          ; 0.273 V                             ; 0.065 V                             ; 4.95e-10 s                 ; 5.37e-10 s                 ; No                        ; Yes                       ;
; DATA[3]            ; 2.5 V        ; 0 s                 ; 0 s                 ; 2.62 V                       ; 4.66e-08 V                   ; 2.72 V              ; -0.0215 V           ; 0.161 V                              ; 0.061 V                              ; 4.44e-10 s                  ; 4.06e-10 s                  ; No                         ; Yes                        ; 2.62 V                      ; 4.66e-08 V                  ; 2.72 V             ; -0.0215 V          ; 0.161 V                             ; 0.061 V                             ; 4.44e-10 s                 ; 4.06e-10 s                 ; No                        ; Yes                       ;
; DATA[2]            ; 2.5 V        ; 0 s                 ; 0 s                 ; 2.62 V                       ; 4.66e-08 V                   ; 2.72 V              ; -0.0215 V           ; 0.161 V                              ; 0.061 V                              ; 4.44e-10 s                  ; 4.06e-10 s                  ; No                         ; Yes                        ; 2.62 V                      ; 4.66e-08 V                  ; 2.72 V             ; -0.0215 V          ; 0.161 V                             ; 0.061 V                             ; 4.44e-10 s                 ; 4.06e-10 s                 ; No                        ; Yes                       ;
; DATA[1]            ; 2.5 V        ; 0 s                 ; 0 s                 ; 2.62 V                       ; 4.66e-08 V                   ; 2.65 V              ; -0.0115 V           ; 0.219 V                              ; 0.115 V                              ; 1.64e-09 s                  ; 1.57e-09 s                  ; No                         ; Yes                        ; 2.62 V                      ; 4.66e-08 V                  ; 2.65 V             ; -0.0115 V          ; 0.219 V                             ; 0.115 V                             ; 1.64e-09 s                 ; 1.57e-09 s                 ; No                        ; Yes                       ;
; DATA[0]            ; 2.5 V        ; 0 s                 ; 0 s                 ; 2.62 V                       ; 4.66e-08 V                   ; 2.73 V              ; -0.0205 V           ; 0.17 V                               ; 0.027 V                              ; 2.58e-10 s                  ; 2.57e-10 s                  ; Yes                        ; Yes                        ; 2.62 V                      ; 4.66e-08 V                  ; 2.73 V             ; -0.0205 V          ; 0.17 V                              ; 0.027 V                             ; 2.58e-10 s                 ; 2.57e-10 s                 ; Yes                       ; Yes                       ;
; ~ALTERA_NCEO~      ; 2.5 V        ; 0 s                 ; 0 s                 ; 2.62 V                       ; 3.06e-08 V                   ; 2.86 V              ; -0.0341 V           ; 0.364 V                              ; 0.046 V                              ; 1.17e-10 s                  ; 2.6e-10 s                   ; No                         ; Yes                        ; 2.62 V                      ; 3.06e-08 V                  ; 2.86 V             ; -0.0341 V          ; 0.364 V                             ; 0.046 V                             ; 1.17e-10 s                 ; 2.6e-10 s                  ; No                        ; Yes                       ;
; ~ALTERA_DCLK~      ; 2.5 V        ; 0 s                 ; 0 s                 ; 2.62 V                       ; 3.81e-08 V                   ; 2.72 V              ; -0.0542 V           ; 0.144 V                              ; 0.087 V                              ; 2.55e-10 s                  ; 2.14e-10 s                  ; Yes                        ; Yes                        ; 2.62 V                      ; 3.81e-08 V                  ; 2.72 V             ; -0.0542 V          ; 0.144 V                             ; 0.087 V                             ; 2.55e-10 s                 ; 2.14e-10 s                 ; Yes                       ; Yes                       ;
+--------------------+--------------+---------------------+---------------------+------------------------------+------------------------------+---------------------+---------------------+--------------------------------------+--------------------------------------+-----------------------------+-----------------------------+----------------------------+----------------------------+-----------------------------+-----------------------------+--------------------+--------------------+-------------------------------------+-------------------------------------+----------------------------+----------------------------+---------------------------+---------------------------+


+-------------------------------------------------------------------+
; Setup Transfers                                                   ;
+------------+----------+----------+----------+----------+----------+
; From Clock ; To Clock ; RR Paths ; FR Paths ; RF Paths ; FF Paths ;
+------------+----------+----------+----------+----------+----------+
; CLOCK      ; CLOCK    ; 207      ; 0        ; 0        ; 0        ;
; LOADF      ; CLOCK    ; 122      ; 2        ; 0        ; 0        ;
; LOADI      ; CLOCK    ; 85       ; 1        ; 0        ; 0        ;
+------------+----------+----------+----------+----------+----------+
Entries labeled "false path" only account for clock-to-clock false paths and not path-based false paths. As a result, actual path counts may be lower than reported.


+-------------------------------------------------------------------+
; Hold Transfers                                                    ;
+------------+----------+----------+----------+----------+----------+
; From Clock ; To Clock ; RR Paths ; FR Paths ; RF Paths ; FF Paths ;
+------------+----------+----------+----------+----------+----------+
; CLOCK      ; CLOCK    ; 207      ; 0        ; 0        ; 0        ;
; LOADF      ; CLOCK    ; 122      ; 2        ; 0        ; 0        ;
; LOADI      ; CLOCK    ; 85       ; 1        ; 0        ; 0        ;
+------------+----------+----------+----------+----------+----------+
Entries labeled "false path" only account for clock-to-clock false paths and not path-based false paths. As a result, actual path counts may be lower than reported.


---------------
; Report TCCS ;
---------------
No dedicated SERDES Transmitter circuitry present in device or used in design


---------------
; Report RSKM ;
---------------
No non-DPA dedicated SERDES Receiver circuitry present in device or used in design


+------------------------------------------------+
; Unconstrained Paths                            ;
+---------------------------------+-------+------+
; Property                        ; Setup ; Hold ;
+---------------------------------+-------+------+
; Illegal Clocks                  ; 0     ; 0    ;
; Unconstrained Clocks            ; 0     ; 0    ;
; Unconstrained Input Ports       ; 19    ; 19   ;
; Unconstrained Input Port Paths  ; 130   ; 130  ;
; Unconstrained Output Ports      ; 67    ; 67   ;
; Unconstrained Output Port Paths ; 332   ; 332  ;
+---------------------------------+-------+------+


+------------------------------------+
; TimeQuest Timing Analyzer Messages ;
+------------------------------------+
Info: *******************************************************************
Info: Running Quartus II 64-Bit TimeQuest Timing Analyzer
    Info: Version 13.1.0 Build 162 10/23/2013 SJ Web Edition
    Info: Processing started: Wed Jul 30 19:01:48 2025
Info: Command: quartus_sta Integrador -c Integrador
Info: qsta_default_script.tcl version: #1
Info (11104): Parallel Compilation has detected 8 hyper-threaded processors. However, the extra hyper-threaded processors will not be used by default. Parallel Compilation will use 4 of the 4 physical processors detected instead.
Info (21076): High junction temperature operating condition is not set. Assuming a default value of '85'.
Info (21076): Low junction temperature operating condition is not set. Assuming a default value of '0'.
Critical Warning (332012): Synopsys Design Constraints File file not found: 'Integrador.sdc'. A Synopsys Design Constraints File is required by the TimeQuest Timing Analyzer to get proper timing constraints. Without it, the Compiler will not properly optimize the design.
Info (332142): No user constrained base clocks found in the design. Calling "derive_clocks -period 1.0"
Info (332105): Deriving Clocks
    Info (332105): create_clock -period 1.000 -name LOADF LOADF
    Info (332105): create_clock -period 1.000 -name CLOCK CLOCK
    Info (332105): create_clock -period 1.000 -name LOADI LOADI
Info (332143): No user constrained clock uncertainty found in the design. Calling "derive_clock_uncertainty"
Info (332123): Deriving Clock Uncertainty. Please refer to report_sdc in TimeQuest to see clock uncertainties.
Info: Found TIMEQUEST_REPORT_SCRIPT_INCLUDE_DEFAULT_ANALYSIS = ON
Info: Analyzing Slow 1200mV 85C Model
Critical Warning (332148): Timing requirements not met
    Info (11105): For recommendations on closing timing, run Report Timing Closure Recommendations in the TimeQuest Timing Analyzer.
Info (332146): Worst-case setup slack is -5.387
    Info (332119):     Slack       End Point TNS Clock 
    Info (332119): ========= =================== =====================
    Info (332119):    -5.387             -59.600 CLOCK 
Info (332146): Worst-case hold slack is 0.047
    Info (332119):     Slack       End Point TNS Clock 
    Info (332119): ========= =================== =====================
    Info (332119):     0.047               0.000 CLOCK 
Info (332140): No Recovery paths to report
Info (332140): No Removal paths to report
Info (332146): Worst-case minimum pulse width slack is -3.000
    Info (332119):     Slack       End Point TNS Clock 
    Info (332119): ========= =================== =====================
    Info (332119):    -3.000             -18.000 CLOCK 
    Info (332119):    -3.000             -15.000 LOADF 
    Info (332119):    -3.000             -15.000 LOADI 
Info: Analyzing Slow 1200mV 0C Model
Info (334003): Started post-fitting delay annotation
Info (334004): Delay annotation completed successfully
Info (332123): Deriving Clock Uncertainty. Please refer to report_sdc in TimeQuest to see clock uncertainties.
Critical Warning (332148): Timing requirements not met
    Info (11105): For recommendations on closing timing, run Report Timing Closure Recommendations in the TimeQuest Timing Analyzer.
Info (332146): Worst-case setup slack is -4.739
    Info (332119):     Slack       End Point TNS Clock 
    Info (332119): ========= =================== =====================
    Info (332119):    -4.739             -52.525 CLOCK 
Info (332146): Worst-case hold slack is 0.047
    Info (332119):     Slack       End Point TNS Clock 
    Info (332119): ========= =================== =====================
    Info (332119):     0.047               0.000 CLOCK 
Info (332140): No Recovery paths to report
Info (332140): No Removal paths to report
Info (332146): Worst-case minimum pulse width slack is -3.000
    Info (332119):     Slack       End Point TNS Clock 
    Info (332119): ========= =================== =====================
    Info (332119):    -3.000             -18.000 CLOCK 
    Info (332119):    -3.000             -15.000 LOADF 
    Info (332119):    -3.000             -15.000 LOADI 
Info: Analyzing Fast 1200mV 0C Model
Info (332123): Deriving Clock Uncertainty. Please refer to report_sdc in TimeQuest to see clock uncertainties.
Critical Warning (332148): Timing requirements not met
    Info (11105): For recommendations on closing timing, run Report Timing Closure Recommendations in the TimeQuest Timing Analyzer.
Info (332146): Worst-case setup slack is -2.519
    Info (332119):     Slack       End Point TNS Clock 
    Info (332119): ========= =================== =====================
    Info (332119):    -2.519             -26.706 CLOCK 
Info (332146): Worst-case hold slack is -0.163
    Info (332119):     Slack       End Point TNS Clock 
    Info (332119): ========= =================== =====================
    Info (332119):    -0.163              -0.313 CLOCK 
Info (332140): No Recovery paths to report
Info (332140): No Removal paths to report
Info (332146): Worst-case minimum pulse width slack is -3.000
    Info (332119):     Slack       End Point TNS Clock 
    Info (332119): ========= =================== =====================
    Info (332119):    -3.000             -18.495 CLOCK 
    Info (332119):    -3.000             -18.400 LOADF 
    Info (332119):    -3.000             -16.998 LOADI 
Info (332102): Design is not fully constrained for setup requirements
Info (332102): Design is not fully constrained for hold requirements
Info: Quartus II 64-Bit TimeQuest Timing Analyzer was successful. 0 errors, 4 warnings
    Info: Peak virtual memory: 4688 megabytes
    Info: Processing ended: Wed Jul 30 19:01:52 2025
    Info: Elapsed time: 00:00:04
    Info: Total CPU time (on all processors): 00:00:04


