TimeQuest Timing Analyzer report for tp2
Mon Jun 16 16:43:57 2025
Quartus II 64-Bit Version 13.1.0 Build 162 10/23/2013 SJ Web Edition


---------------------
; Table of Contents ;
---------------------
  1. Legal Notice
  2. TimeQuest Timing Analyzer Summary
  3. Parallel Compilation
  4. Clocks
  5. Slow 1200mV 85C Model Fmax Summary
  6. Timing Closure Recommendations
  7. Slow 1200mV 85C Model Setup Summary
  8. Slow 1200mV 85C Model Hold Summary
  9. Slow 1200mV 85C Model Recovery Summary
 10. Slow 1200mV 85C Model Removal Summary
 11. Slow 1200mV 85C Model Minimum Pulse Width Summary
 12. Slow 1200mV 85C Model Setup: 'CLK'
 13. Slow 1200mV 85C Model Setup: 'FF2'
 14. Slow 1200mV 85C Model Setup: 'FF3'
 15. Slow 1200mV 85C Model Setup: 'FF1'
 16. Slow 1200mV 85C Model Setup: 'inst6'
 17. Slow 1200mV 85C Model Setup: 'FF0'
 18. Slow 1200mV 85C Model Hold: 'FF0'
 19. Slow 1200mV 85C Model Hold: 'CLK'
 20. Slow 1200mV 85C Model Hold: 'FF1'
 21. Slow 1200mV 85C Model Hold: 'FF3'
 22. Slow 1200mV 85C Model Hold: 'FF2'
 23. Slow 1200mV 85C Model Hold: 'inst6'
 24. Slow 1200mV 85C Model Recovery: 'FF2'
 25. Slow 1200mV 85C Model Recovery: 'inst6'
 26. Slow 1200mV 85C Model Recovery: 'FF1'
 27. Slow 1200mV 85C Model Recovery: 'FF3'
 28. Slow 1200mV 85C Model Recovery: 'FF0'
 29. Slow 1200mV 85C Model Recovery: 'CLK'
 30. Slow 1200mV 85C Model Removal: 'CLK'
 31. Slow 1200mV 85C Model Removal: 'FF0'
 32. Slow 1200mV 85C Model Removal: 'FF3'
 33. Slow 1200mV 85C Model Removal: 'FF1'
 34. Slow 1200mV 85C Model Removal: 'inst6'
 35. Slow 1200mV 85C Model Removal: 'FF2'
 36. Slow 1200mV 85C Model Minimum Pulse Width: 'CLK'
 37. Slow 1200mV 85C Model Minimum Pulse Width: 'FF0'
 38. Slow 1200mV 85C Model Minimum Pulse Width: 'FF1'
 39. Slow 1200mV 85C Model Minimum Pulse Width: 'FF2'
 40. Slow 1200mV 85C Model Minimum Pulse Width: 'FF3'
 41. Slow 1200mV 85C Model Minimum Pulse Width: 'inst6'
 42. Clock to Output Times
 43. Minimum Clock to Output Times
 44. Slow 1200mV 85C Model Metastability Report
 45. Slow 1200mV 0C Model Fmax Summary
 46. Slow 1200mV 0C Model Setup Summary
 47. Slow 1200mV 0C Model Hold Summary
 48. Slow 1200mV 0C Model Recovery Summary
 49. Slow 1200mV 0C Model Removal Summary
 50. Slow 1200mV 0C Model Minimum Pulse Width Summary
 51. Slow 1200mV 0C Model Setup: 'CLK'
 52. Slow 1200mV 0C Model Setup: 'FF2'
 53. Slow 1200mV 0C Model Setup: 'FF3'
 54. Slow 1200mV 0C Model Setup: 'FF1'
 55. Slow 1200mV 0C Model Setup: 'inst6'
 56. Slow 1200mV 0C Model Setup: 'FF0'
 57. Slow 1200mV 0C Model Hold: 'FF0'
 58. Slow 1200mV 0C Model Hold: 'CLK'
 59. Slow 1200mV 0C Model Hold: 'FF1'
 60. Slow 1200mV 0C Model Hold: 'FF3'
 61. Slow 1200mV 0C Model Hold: 'FF2'
 62. Slow 1200mV 0C Model Hold: 'inst6'
 63. Slow 1200mV 0C Model Recovery: 'FF2'
 64. Slow 1200mV 0C Model Recovery: 'inst6'
 65. Slow 1200mV 0C Model Recovery: 'FF1'
 66. Slow 1200mV 0C Model Recovery: 'FF3'
 67. Slow 1200mV 0C Model Recovery: 'FF0'
 68. Slow 1200mV 0C Model Recovery: 'CLK'
 69. Slow 1200mV 0C Model Removal: 'CLK'
 70. Slow 1200mV 0C Model Removal: 'FF0'
 71. Slow 1200mV 0C Model Removal: 'FF3'
 72. Slow 1200mV 0C Model Removal: 'inst6'
 73. Slow 1200mV 0C Model Removal: 'FF1'
 74. Slow 1200mV 0C Model Removal: 'FF2'
 75. Slow 1200mV 0C Model Minimum Pulse Width: 'CLK'
 76. Slow 1200mV 0C Model Minimum Pulse Width: 'FF0'
 77. Slow 1200mV 0C Model Minimum Pulse Width: 'FF1'
 78. Slow 1200mV 0C Model Minimum Pulse Width: 'FF2'
 79. Slow 1200mV 0C Model Minimum Pulse Width: 'FF3'
 80. Slow 1200mV 0C Model Minimum Pulse Width: 'inst6'
 81. Clock to Output Times
 82. Minimum Clock to Output Times
 83. Slow 1200mV 0C Model Metastability Report
 84. Fast 1200mV 0C Model Setup Summary
 85. Fast 1200mV 0C Model Hold Summary
 86. Fast 1200mV 0C Model Recovery Summary
 87. Fast 1200mV 0C Model Removal Summary
 88. Fast 1200mV 0C Model Minimum Pulse Width Summary
 89. Fast 1200mV 0C Model Setup: 'CLK'
 90. Fast 1200mV 0C Model Setup: 'FF2'
 91. Fast 1200mV 0C Model Setup: 'FF3'
 92. Fast 1200mV 0C Model Setup: 'FF1'
 93. Fast 1200mV 0C Model Setup: 'FF0'
 94. Fast 1200mV 0C Model Setup: 'inst6'
 95. Fast 1200mV 0C Model Hold: 'FF0'
 96. Fast 1200mV 0C Model Hold: 'CLK'
 97. Fast 1200mV 0C Model Hold: 'FF1'
 98. Fast 1200mV 0C Model Hold: 'FF3'
 99. Fast 1200mV 0C Model Hold: 'FF2'
100. Fast 1200mV 0C Model Hold: 'inst6'
101. Fast 1200mV 0C Model Recovery: 'FF2'
102. Fast 1200mV 0C Model Recovery: 'inst6'
103. Fast 1200mV 0C Model Recovery: 'FF1'
104. Fast 1200mV 0C Model Recovery: 'FF3'
105. Fast 1200mV 0C Model Recovery: 'CLK'
106. Fast 1200mV 0C Model Recovery: 'FF0'
107. Fast 1200mV 0C Model Removal: 'CLK'
108. Fast 1200mV 0C Model Removal: 'FF0'
109. Fast 1200mV 0C Model Removal: 'FF3'
110. Fast 1200mV 0C Model Removal: 'FF1'
111. Fast 1200mV 0C Model Removal: 'inst6'
112. Fast 1200mV 0C Model Removal: 'FF2'
113. Fast 1200mV 0C Model Minimum Pulse Width: 'CLK'
114. Fast 1200mV 0C Model Minimum Pulse Width: 'FF0'
115. Fast 1200mV 0C Model Minimum Pulse Width: 'FF1'
116. Fast 1200mV 0C Model Minimum Pulse Width: 'FF2'
117. Fast 1200mV 0C Model Minimum Pulse Width: 'FF3'
118. Fast 1200mV 0C Model Minimum Pulse Width: 'inst6'
119. Clock to Output Times
120. Minimum Clock to Output Times
121. Fast 1200mV 0C Model Metastability Report
122. Multicorner Timing Analysis Summary
123. Clock to Output Times
124. Minimum Clock to Output Times
125. Board Trace Model Assignments
126. Input Transition Times
127. Signal Integrity Metrics (Slow 1200mv 0c Model)
128. Signal Integrity Metrics (Slow 1200mv 85c Model)
129. Signal Integrity Metrics (Fast 1200mv 0c Model)
130. Setup Transfers
131. Hold Transfers
132. Recovery Transfers
133. Removal Transfers
134. Report TCCS
135. Report RSKM
136. Unconstrained Paths
137. TimeQuest Timing Analyzer Messages



----------------
; Legal Notice ;
----------------
Copyright (C) 1991-2013 Altera Corporation
Your use of Altera Corporation's design tools, logic functions 
and other software and tools, and its AMPP partner logic 
functions, and any output files from any of the foregoing 
(including device programming or simulation files), and any 
associated documentation or information are expressly subject 
to the terms and conditions of the Altera Program License 
Subscription Agreement, Altera MegaCore Function License 
Agreement, or other applicable license agreement, including, 
without limitation, that your use is for the sole purpose of 
programming logic devices manufactured by Altera and sold by 
Altera or its authorized distributors.  Please refer to the 
applicable agreement for further details.



+-------------------------------------------------------------------------+
; TimeQuest Timing Analyzer Summary                                       ;
+--------------------+----------------------------------------------------+
; Quartus II Version ; Version 13.1.0 Build 162 10/23/2013 SJ Web Edition ;
; Revision Name      ; tp2                                                ;
; Device Family      ; Cyclone IV GX                                      ;
; Device Name        ; EP4CGX15BF14C6                                     ;
; Timing Models      ; Final                                              ;
; Delay Model        ; Combined                                           ;
; Rise/Fall Delays   ; Enabled                                            ;
+--------------------+----------------------------------------------------+


Parallel compilation was disabled, but you have multiple processors available. Enable parallel compilation to reduce compilation time.
+-------------------------------------+
; Parallel Compilation                ;
+----------------------------+--------+
; Processors                 ; Number ;
+----------------------------+--------+
; Number detected on machine ; 8      ;
; Maximum allowed            ; 1      ;
+----------------------------+--------+


+-----------------------------------------------------------------------------------------------------------------------------------------------------------------------------------+
; Clocks                                                                                                                                                                            ;
+------------+------+--------+------------+-------+-------+------------+-----------+-------------+-------+--------+-----------+------------+----------+--------+--------+-----------+
; Clock Name ; Type ; Period ; Frequency  ; Rise  ; Fall  ; Duty Cycle ; Divide by ; Multiply by ; Phase ; Offset ; Edge List ; Edge Shift ; Inverted ; Master ; Source ; Targets   ;
+------------+------+--------+------------+-------+-------+------------+-----------+-------------+-------+--------+-----------+------------+----------+--------+--------+-----------+
; CLK        ; Base ; 1.000  ; 1000.0 MHz ; 0.000 ; 0.500 ;            ;           ;             ;       ;        ;           ;            ;          ;        ;        ; { CLK }   ;
; FF0        ; Base ; 1.000  ; 1000.0 MHz ; 0.000 ; 0.500 ;            ;           ;             ;       ;        ;           ;            ;          ;        ;        ; { FF0 }   ;
; FF1        ; Base ; 1.000  ; 1000.0 MHz ; 0.000 ; 0.500 ;            ;           ;             ;       ;        ;           ;            ;          ;        ;        ; { FF1 }   ;
; FF2        ; Base ; 1.000  ; 1000.0 MHz ; 0.000 ; 0.500 ;            ;           ;             ;       ;        ;           ;            ;          ;        ;        ; { FF2 }   ;
; FF3        ; Base ; 1.000  ; 1000.0 MHz ; 0.000 ; 0.500 ;            ;           ;             ;       ;        ;           ;            ;          ;        ;        ; { FF3 }   ;
; inst6      ; Base ; 1.000  ; 1000.0 MHz ; 0.000 ; 0.500 ;            ;           ;             ;       ;        ;           ;            ;          ;        ;        ; { inst6 } ;
+------------+------+--------+------------+-------+-------+------------+-----------+-------------+-------+--------+-----------+------------+----------+--------+--------+-----------+


+------------------------------------------------------------------------------------------------------------+
; Slow 1200mV 85C Model Fmax Summary                                                                         ;
+-------------+-----------------+------------+---------------------------------------------------------------+
; Fmax        ; Restricted Fmax ; Clock Name ; Note                                                          ;
+-------------+-----------------+------------+---------------------------------------------------------------+
; 770.42 MHz  ; 250.0 MHz       ; CLK        ; limit due to minimum period restriction (max I/O toggle rate) ;
; 1464.13 MHz ; 500.0 MHz       ; inst6      ; limit due to minimum period restriction (tmin)                ;
+-------------+-----------------+------------+---------------------------------------------------------------+
This panel reports FMAX for every clock in the design, regardless of the user-specified clock periods.  FMAX is only computed for paths where the source and destination registers or ports are driven by the same clock.  Paths of different clocks, including generated clocks, are ignored.  For paths between a clock and its inversion, FMAX is computed as if the rising and falling edges are scaled along with FMAX, such that the duty cycle (in terms of a percentage) is maintained. Altera recommends that you always use clock constraints and other slack reports for sign-off analysis.


----------------------------------
; Timing Closure Recommendations ;
----------------------------------
HTML report is unavailable in plain text report export.


+-------------------------------------+
; Slow 1200mV 85C Model Setup Summary ;
+-------+--------+--------------------+
; Clock ; Slack  ; End Point TNS      ;
+-------+--------+--------------------+
; CLK   ; -0.298 ; -0.710             ;
; FF2   ; -0.067 ; -0.067             ;
; FF3   ; 0.081  ; 0.000              ;
; FF1   ; 0.128  ; 0.000              ;
; inst6 ; 0.317  ; 0.000              ;
; FF0   ; 0.606  ; 0.000              ;
+-------+--------+--------------------+


+------------------------------------+
; Slow 1200mV 85C Model Hold Summary ;
+-------+--------+-------------------+
; Clock ; Slack  ; End Point TNS     ;
+-------+--------+-------------------+
; FF0   ; -0.470 ; -0.470            ;
; CLK   ; -0.026 ; -0.039            ;
; FF1   ; 0.018  ; 0.000             ;
; FF3   ; 0.069  ; 0.000             ;
; FF2   ; 0.181  ; 0.000             ;
; inst6 ; 0.384  ; 0.000             ;
+-------+--------+-------------------+


+----------------------------------------+
; Slow 1200mV 85C Model Recovery Summary ;
+-------+--------+-----------------------+
; Clock ; Slack  ; End Point TNS         ;
+-------+--------+-----------------------+
; FF2   ; -1.456 ; -1.456                ;
; inst6 ; -1.302 ; -1.302                ;
; FF1   ; -1.293 ; -1.293                ;
; FF3   ; -1.190 ; -1.190                ;
; FF0   ; -0.687 ; -0.687                ;
; CLK   ; -0.498 ; -0.498                ;
+-------+--------+-----------------------+


+---------------------------------------+
; Slow 1200mV 85C Model Removal Summary ;
+-------+--------+----------------------+
; Clock ; Slack  ; End Point TNS        ;
+-------+--------+----------------------+
; CLK   ; -1.149 ; -1.149               ;
; FF0   ; -0.312 ; -0.312               ;
; FF3   ; 0.212  ; 0.000                ;
; FF1   ; 0.301  ; 0.000                ;
; inst6 ; 0.301  ; 0.000                ;
; FF2   ; 0.470  ; 0.000                ;
+-------+--------+----------------------+


+---------------------------------------------------+
; Slow 1200mV 85C Model Minimum Pulse Width Summary ;
+-------+--------+----------------------------------+
; Clock ; Slack  ; End Point TNS                    ;
+-------+--------+----------------------------------+
; CLK   ; -3.000 ; -7.000                           ;
; FF0   ; -1.000 ; -1.000                           ;
; FF1   ; -1.000 ; -1.000                           ;
; FF2   ; -1.000 ; -1.000                           ;
; FF3   ; -1.000 ; -1.000                           ;
; inst6 ; -1.000 ; -1.000                           ;
+-------+--------+----------------------------------+


+----------------------------------------------------------------------------------------------------+
; Slow 1200mV 85C Model Setup: 'CLK'                                                                 ;
+--------+-----------+---------+--------------+-------------+--------------+------------+------------+
; Slack  ; From Node ; To Node ; Launch Clock ; Latch Clock ; Relationship ; Clock Skew ; Data Delay ;
+--------+-----------+---------+--------------+-------------+--------------+------------+------------+
; -0.298 ; D1        ; D2      ; CLK          ; CLK         ; 1.000        ; -0.065     ; 1.228      ;
; -0.277 ; inst6     ; D2      ; inst6        ; CLK         ; 0.500        ; 2.255      ; 3.226      ;
; -0.229 ; D2        ; D2      ; CLK          ; CLK         ; 1.000        ; -0.065     ; 1.159      ;
; -0.217 ; FF2       ; D2      ; FF2          ; CLK         ; 0.500        ; 2.255      ; 3.166      ;
; -0.179 ; FF3       ; D1      ; FF3          ; CLK         ; 0.500        ; 2.255      ; 3.128      ;
; -0.178 ; inst6     ; D0      ; inst6        ; CLK         ; 0.500        ; 2.255      ; 3.127      ;
; -0.177 ; FF3       ; D0      ; FF3          ; CLK         ; 0.500        ; 2.255      ; 3.126      ;
; -0.177 ; FF1       ; D2      ; FF1          ; CLK         ; 0.500        ; 2.255      ; 3.126      ;
; -0.169 ; FF0       ; D2      ; FF0          ; CLK         ; 0.500        ; 2.255      ; 3.118      ;
; -0.128 ; D0        ; D0      ; CLK          ; CLK         ; 1.000        ; -0.065     ; 1.058      ;
; -0.127 ; FF3       ; D2      ; FF3          ; CLK         ; 0.500        ; 2.255      ; 3.076      ;
; -0.126 ; D0        ; D1      ; CLK          ; CLK         ; 1.000        ; -0.065     ; 1.056      ;
; -0.124 ; D0        ; D2      ; CLK          ; CLK         ; 1.000        ; -0.065     ; 1.054      ;
; -0.121 ; inst6     ; D1      ; inst6        ; CLK         ; 0.500        ; 2.255      ; 3.070      ;
; -0.098 ; FF0       ; D0      ; FF0          ; CLK         ; 0.500        ; 2.255      ; 3.047      ;
; -0.055 ; FF0       ; FF0     ; FF0          ; CLK         ; 0.500        ; 2.255      ; 3.004      ;
; -0.040 ; FF0       ; D1      ; FF0          ; CLK         ; 0.500        ; 2.255      ; 2.989      ;
; -0.035 ; D2        ; D1      ; CLK          ; CLK         ; 1.000        ; -0.065     ; 0.965      ;
; -0.017 ; FF1       ; D0      ; FF1          ; CLK         ; 0.500        ; 2.255      ; 2.966      ;
; -0.003 ; FF2       ; D0      ; FF2          ; CLK         ; 0.500        ; 2.255      ; 2.952      ;
; 0.004  ; inst8     ; D0      ; inst6        ; CLK         ; 0.500        ; 1.285      ; 1.776      ;
; 0.040  ; FF2       ; D1      ; FF2          ; CLK         ; 0.500        ; 2.255      ; 2.909      ;
; 0.041  ; FF1       ; D1      ; FF1          ; CLK         ; 0.500        ; 2.255      ; 2.908      ;
; 0.062  ; inst8     ; D1      ; inst6        ; CLK         ; 0.500        ; 1.285      ; 1.718      ;
; 0.065  ; inst8     ; D2      ; inst6        ; CLK         ; 0.500        ; 1.285      ; 1.715      ;
; 0.256  ; inst6     ; D2      ; inst6        ; CLK         ; 1.000        ; 2.255      ; 3.193      ;
; 0.271  ; D1        ; D1      ; CLK          ; CLK         ; 1.000        ; -0.065     ; 0.659      ;
; 0.340  ; FF2       ; D2      ; FF2          ; CLK         ; 1.000        ; 2.255      ; 3.109      ;
; 0.356  ; FF0       ; D2      ; FF0          ; CLK         ; 1.000        ; 2.255      ; 3.093      ;
; 0.373  ; FF1       ; D2      ; FF1          ; CLK         ; 1.000        ; 2.255      ; 3.076      ;
; 0.427  ; FF3       ; D2      ; FF3          ; CLK         ; 1.000        ; 2.255      ; 3.022      ;
; 0.442  ; FF3       ; D0      ; FF3          ; CLK         ; 1.000        ; 2.255      ; 3.007      ;
; 0.447  ; FF3       ; D1      ; FF3          ; CLK         ; 1.000        ; 2.255      ; 3.002      ;
; 0.450  ; FF0       ; D0      ; FF0          ; CLK         ; 1.000        ; 2.255      ; 2.999      ;
; 0.461  ; inst6     ; D0      ; inst6        ; CLK         ; 1.000        ; 2.255      ; 2.988      ;
; 0.482  ; FF0       ; FF0     ; FF0          ; CLK         ; 1.000        ; 2.255      ; 2.967      ;
; 0.493  ; FF0       ; D1      ; FF0          ; CLK         ; 1.000        ; 2.255      ; 2.956      ;
; 0.510  ; inst6     ; D1      ; inst6        ; CLK         ; 1.000        ; 2.255      ; 2.939      ;
; 0.529  ; FF1       ; D0      ; FF1          ; CLK         ; 1.000        ; 2.255      ; 2.920      ;
; 0.551  ; FF2       ; D0      ; FF2          ; CLK         ; 1.000        ; 2.255      ; 2.898      ;
; 0.572  ; FF1       ; D1      ; FF1          ; CLK         ; 1.000        ; 2.255      ; 2.877      ;
; 0.609  ; FF2       ; D1      ; FF2          ; CLK         ; 1.000        ; 2.255      ; 2.840      ;
+--------+-----------+---------+--------------+-------------+--------------+------------+------------+


+----------------------------------------------------------------------------------------------------+
; Slow 1200mV 85C Model Setup: 'FF2'                                                                 ;
+--------+-----------+---------+--------------+-------------+--------------+------------+------------+
; Slack  ; From Node ; To Node ; Launch Clock ; Latch Clock ; Relationship ; Clock Skew ; Data Delay ;
+--------+-----------+---------+--------------+-------------+--------------+------------+------------+
; -0.067 ; FF3       ; FF3     ; FF3          ; FF2         ; 0.500        ; 0.792      ; 1.573      ;
; 0.426  ; FF3       ; FF3     ; FF3          ; FF2         ; 1.000        ; 0.792      ; 1.580      ;
+--------+-----------+---------+--------------+-------------+--------------+------------+------------+


+---------------------------------------------------------------------------------------------------+
; Slow 1200mV 85C Model Setup: 'FF3'                                                                ;
+-------+-----------+---------+--------------+-------------+--------------+------------+------------+
; Slack ; From Node ; To Node ; Launch Clock ; Latch Clock ; Relationship ; Clock Skew ; Data Delay ;
+-------+-----------+---------+--------------+-------------+--------------+------------+------------+
; 0.081 ; inst6     ; inst6   ; inst6        ; FF3         ; 0.500        ; 0.911      ; 1.544      ;
; 0.602 ; inst6     ; inst6   ; inst6        ; FF3         ; 1.000        ; 0.911      ; 1.523      ;
+-------+-----------+---------+--------------+-------------+--------------+------------+------------+


+---------------------------------------------------------------------------------------------------+
; Slow 1200mV 85C Model Setup: 'FF1'                                                                ;
+-------+-----------+---------+--------------+-------------+--------------+------------+------------+
; Slack ; From Node ; To Node ; Launch Clock ; Latch Clock ; Relationship ; Clock Skew ; Data Delay ;
+-------+-----------+---------+--------------+-------------+--------------+------------+------------+
; 0.128 ; FF2       ; FF2     ; FF2          ; FF1         ; 0.500        ; 0.955      ; 1.541      ;
; 0.652 ; FF2       ; FF2     ; FF2          ; FF1         ; 1.000        ; 0.955      ; 1.517      ;
+-------+-----------+---------+--------------+-------------+--------------+------------+------------+


+---------------------------------------------------------------------------------------------------+
; Slow 1200mV 85C Model Setup: 'inst6'                                                              ;
+-------+-----------+---------+--------------+-------------+--------------+------------+------------+
; Slack ; From Node ; To Node ; Launch Clock ; Latch Clock ; Relationship ; Clock Skew ; Data Delay ;
+-------+-----------+---------+--------------+-------------+--------------+------------+------------+
; 0.317 ; inst8     ; inst8   ; inst6        ; inst6       ; 1.000        ; -0.039     ; 0.659      ;
+-------+-----------+---------+--------------+-------------+--------------+------------+------------+


+---------------------------------------------------------------------------------------------------+
; Slow 1200mV 85C Model Setup: 'FF0'                                                                ;
+-------+-----------+---------+--------------+-------------+--------------+------------+------------+
; Slack ; From Node ; To Node ; Launch Clock ; Latch Clock ; Relationship ; Clock Skew ; Data Delay ;
+-------+-----------+---------+--------------+-------------+--------------+------------+------------+
; 0.606 ; FF1       ; FF1     ; FF1          ; FF0         ; 0.500        ; 1.414      ; 1.522      ;
; 1.124 ; FF1       ; FF1     ; FF1          ; FF0         ; 1.000        ; 1.414      ; 1.504      ;
+-------+-----------+---------+--------------+-------------+--------------+------------+------------+


+----------------------------------------------------------------------------------------------------+
; Slow 1200mV 85C Model Hold: 'FF0'                                                                  ;
+--------+-----------+---------+--------------+-------------+--------------+------------+------------+
; Slack  ; From Node ; To Node ; Launch Clock ; Latch Clock ; Relationship ; Clock Skew ; Data Delay ;
+--------+-----------+---------+--------------+-------------+--------------+------------+------------+
; -0.470 ; FF1       ; FF1     ; FF1          ; FF0         ; 0.000        ; 1.492      ; 1.378      ;
; 0.011  ; FF1       ; FF1     ; FF1          ; FF0         ; -0.500       ; 1.492      ; 1.359      ;
+--------+-----------+---------+--------------+-------------+--------------+------------+------------+


+----------------------------------------------------------------------------------------------------+
; Slow 1200mV 85C Model Hold: 'CLK'                                                                  ;
+--------+-----------+---------+--------------+-------------+--------------+------------+------------+
; Slack  ; From Node ; To Node ; Launch Clock ; Latch Clock ; Relationship ; Clock Skew ; Data Delay ;
+--------+-----------+---------+--------------+-------------+--------------+------------+------------+
; -0.026 ; FF2       ; D0      ; FF2          ; CLK         ; 0.000        ; 2.346      ; 2.696      ;
; -0.013 ; FF2       ; D1      ; FF2          ; CLK         ; 0.000        ; 2.346      ; 2.709      ;
; 0.028  ; FF1       ; D0      ; FF1          ; CLK         ; 0.000        ; 2.346      ; 2.750      ;
; 0.028  ; FF1       ; D1      ; FF1          ; CLK         ; 0.000        ; 2.346      ; 2.750      ;
; 0.042  ; FF0       ; FF0     ; FF0          ; CLK         ; 0.000        ; 2.346      ; 2.764      ;
; 0.086  ; inst6     ; D1      ; inst6        ; CLK         ; 0.000        ; 2.346      ; 2.808      ;
; 0.104  ; FF0       ; D0      ; FF0          ; CLK         ; 0.000        ; 2.346      ; 2.826      ;
; 0.104  ; FF0       ; D1      ; FF0          ; CLK         ; 0.000        ; 2.346      ; 2.826      ;
; 0.131  ; FF3       ; D2      ; FF3          ; CLK         ; 0.000        ; 2.346      ; 2.853      ;
; 0.133  ; inst6     ; D0      ; inst6        ; CLK         ; 0.000        ; 2.346      ; 2.855      ;
; 0.146  ; FF3       ; D1      ; FF3          ; CLK         ; 0.000        ; 2.346      ; 2.868      ;
; 0.151  ; FF3       ; D0      ; FF3          ; CLK         ; 0.000        ; 2.346      ; 2.873      ;
; 0.193  ; FF1       ; D2      ; FF1          ; CLK         ; 0.000        ; 2.346      ; 2.915      ;
; 0.210  ; FF0       ; D2      ; FF0          ; CLK         ; 0.000        ; 2.346      ; 2.932      ;
; 0.222  ; FF2       ; D2      ; FF2          ; CLK         ; 0.000        ; 2.346      ; 2.944      ;
; 0.305  ; inst6     ; D2      ; inst6        ; CLK         ; 0.000        ; 2.346      ; 3.027      ;
; 0.355  ; D1        ; D1      ; CLK          ; CLK         ; 0.000        ; 0.065      ; 0.577      ;
; 0.431  ; inst8     ; D2      ; inst6        ; CLK         ; -0.500       ; 1.432      ; 1.540      ;
; 0.452  ; inst8     ; D1      ; inst6        ; CLK         ; -0.500       ; 1.432      ; 1.561      ;
; 0.452  ; inst8     ; D0      ; inst6        ; CLK         ; -0.500       ; 1.432      ; 1.561      ;
; 0.539  ; FF1       ; D0      ; FF1          ; CLK         ; -0.500       ; 2.346      ; 2.761      ;
; 0.552  ; FF1       ; D1      ; FF1          ; CLK         ; -0.500       ; 2.346      ; 2.774      ;
; 0.559  ; FF2       ; D0      ; FF2          ; CLK         ; -0.500       ; 2.346      ; 2.781      ;
; 0.559  ; FF2       ; D1      ; FF2          ; CLK         ; -0.500       ; 2.346      ; 2.781      ;
; 0.579  ; FF0       ; FF0     ; FF0          ; CLK         ; -0.500       ; 2.346      ; 2.801      ;
; 0.607  ; D2        ; D1      ; CLK          ; CLK         ; 0.000        ; 0.065      ; 0.829      ;
; 0.617  ; FF0       ; D0      ; FF0          ; CLK         ; -0.500       ; 2.346      ; 2.839      ;
; 0.630  ; FF0       ; D1      ; FF0          ; CLK         ; -0.500       ; 2.346      ; 2.852      ;
; 0.660  ; FF3       ; D2      ; FF3          ; CLK         ; -0.500       ; 2.346      ; 2.882      ;
; 0.704  ; D0        ; D1      ; CLK          ; CLK         ; 0.000        ; 0.065      ; 0.926      ;
; 0.706  ; D0        ; D2      ; CLK          ; CLK         ; 0.000        ; 0.065      ; 0.928      ;
; 0.708  ; inst6     ; D1      ; inst6        ; CLK         ; -0.500       ; 2.346      ; 2.930      ;
; 0.711  ; D0        ; D0      ; CLK          ; CLK         ; 0.000        ; 0.065      ; 0.933      ;
; 0.724  ; inst6     ; D0      ; inst6        ; CLK         ; -0.500       ; 2.346      ; 2.946      ;
; 0.730  ; FF0       ; D2      ; FF0          ; CLK         ; -0.500       ; 2.346      ; 2.952      ;
; 0.734  ; FF3       ; D0      ; FF3          ; CLK         ; -0.500       ; 2.346      ; 2.956      ;
; 0.739  ; FF1       ; D2      ; FF1          ; CLK         ; -0.500       ; 2.346      ; 2.961      ;
; 0.764  ; FF3       ; D1      ; FF3          ; CLK         ; -0.500       ; 2.346      ; 2.986      ;
; 0.780  ; FF2       ; D2      ; FF2          ; CLK         ; -0.500       ; 2.346      ; 3.002      ;
; 0.795  ; D2        ; D2      ; CLK          ; CLK         ; 0.000        ; 0.065      ; 1.017      ;
; 0.834  ; inst6     ; D2      ; inst6        ; CLK         ; -0.500       ; 2.346      ; 3.056      ;
; 0.878  ; D1        ; D2      ; CLK          ; CLK         ; 0.000        ; 0.065      ; 1.100      ;
+--------+-----------+---------+--------------+-------------+--------------+------------+------------+


+---------------------------------------------------------------------------------------------------+
; Slow 1200mV 85C Model Hold: 'FF1'                                                                 ;
+-------+-----------+---------+--------------+-------------+--------------+------------+------------+
; Slack ; From Node ; To Node ; Launch Clock ; Latch Clock ; Relationship ; Clock Skew ; Data Delay ;
+-------+-----------+---------+--------------+-------------+--------------+------------+------------+
; 0.018 ; FF2       ; FF2     ; FF2          ; FF1         ; 0.000        ; 1.013      ; 1.387      ;
; 0.511 ; FF2       ; FF2     ; FF2          ; FF1         ; -0.500       ; 1.013      ; 1.380      ;
+-------+-----------+---------+--------------+-------------+--------------+------------+------------+


+---------------------------------------------------------------------------------------------------+
; Slow 1200mV 85C Model Hold: 'FF3'                                                                 ;
+-------+-----------+---------+--------------+-------------+--------------+------------+------------+
; Slack ; From Node ; To Node ; Launch Clock ; Latch Clock ; Relationship ; Clock Skew ; Data Delay ;
+-------+-----------+---------+--------------+-------------+--------------+------------+------------+
; 0.069 ; inst6     ; inst6   ; inst6        ; FF3         ; 0.000        ; 0.968      ; 1.393      ;
; 0.560 ; inst6     ; inst6   ; inst6        ; FF3         ; -0.500       ; 0.968      ; 1.384      ;
+-------+-----------+---------+--------------+-------------+--------------+------------+------------+


+---------------------------------------------------------------------------------------------------+
; Slow 1200mV 85C Model Hold: 'FF2'                                                                 ;
+-------+-----------+---------+--------------+-------------+--------------+------------+------------+
; Slack ; From Node ; To Node ; Launch Clock ; Latch Clock ; Relationship ; Clock Skew ; Data Delay ;
+-------+-----------+---------+--------------+-------------+--------------+------------+------------+
; 0.181 ; FF3       ; FF3     ; FF3          ; FF2         ; 0.000        ; 0.844      ; 1.381      ;
; 0.641 ; FF3       ; FF3     ; FF3          ; FF2         ; -0.500       ; 0.844      ; 1.341      ;
+-------+-----------+---------+--------------+-------------+--------------+------------+------------+


+---------------------------------------------------------------------------------------------------+
; Slow 1200mV 85C Model Hold: 'inst6'                                                               ;
+-------+-----------+---------+--------------+-------------+--------------+------------+------------+
; Slack ; From Node ; To Node ; Launch Clock ; Latch Clock ; Relationship ; Clock Skew ; Data Delay ;
+-------+-----------+---------+--------------+-------------+--------------+------------+------------+
; 0.384 ; inst8     ; inst8   ; inst6        ; inst6       ; 0.000        ; 0.039      ; 0.580      ;
+-------+-----------+---------+--------------+-------------+--------------+------------+------------+


+----------------------------------------------------------------------------------------------------+
; Slow 1200mV 85C Model Recovery: 'FF2'                                                              ;
+--------+-----------+---------+--------------+-------------+--------------+------------+------------+
; Slack  ; From Node ; To Node ; Launch Clock ; Latch Clock ; Relationship ; Clock Skew ; Data Delay ;
+--------+-----------+---------+--------------+-------------+--------------+------------+------------+
; -1.456 ; inst8     ; FF3     ; inst6        ; FF2         ; 1.000        ; -0.178     ; 2.293      ;
; -1.323 ; FF2       ; FF3     ; FF2          ; FF2         ; 0.500        ; 0.792      ; 2.829      ;
; -1.081 ; FF1       ; FF3     ; FF1          ; FF2         ; 0.500        ; 0.792      ; 2.587      ;
; -0.950 ; FF2       ; FF3     ; FF2          ; FF2         ; 1.000        ; 0.792      ; 2.956      ;
; -0.882 ; FF0       ; FF3     ; FF0          ; FF2         ; 0.500        ; 0.792      ; 2.388      ;
; -0.720 ; FF1       ; FF3     ; FF1          ; FF2         ; 1.000        ; 0.792      ; 2.726      ;
; -0.491 ; FF3       ; FF3     ; FF3          ; FF2         ; 0.500        ; 0.792      ; 1.997      ;
; -0.384 ; FF0       ; FF3     ; FF0          ; FF2         ; 1.000        ; 0.792      ; 2.390      ;
; -0.146 ; inst6     ; FF3     ; inst6        ; FF2         ; 0.500        ; 0.792      ; 1.652      ;
; -0.081 ; FF3       ; FF3     ; FF3          ; FF2         ; 1.000        ; 0.792      ; 2.087      ;
; 0.263  ; inst6     ; FF3     ; inst6        ; FF2         ; 1.000        ; 0.792      ; 1.743      ;
+--------+-----------+---------+--------------+-------------+--------------+------------+------------+


+----------------------------------------------------------------------------------------------------+
; Slow 1200mV 85C Model Recovery: 'inst6'                                                            ;
+--------+-----------+---------+--------------+-------------+--------------+------------+------------+
; Slack  ; From Node ; To Node ; Launch Clock ; Latch Clock ; Relationship ; Clock Skew ; Data Delay ;
+--------+-----------+---------+--------------+-------------+--------------+------------+------------+
; -1.302 ; inst8     ; inst8   ; inst6        ; inst6       ; 1.000        ; -0.039     ; 2.278      ;
; -1.186 ; FF2       ; inst8   ; FF2          ; inst6       ; 0.500        ; 0.914      ; 2.814      ;
; -0.944 ; FF1       ; inst8   ; FF1          ; inst6       ; 0.500        ; 0.914      ; 2.572      ;
; -0.783 ; FF2       ; inst8   ; FF2          ; inst6       ; 1.000        ; 0.914      ; 2.911      ;
; -0.715 ; FF0       ; inst8   ; FF0          ; inst6       ; 0.500        ; 0.914      ; 2.343      ;
; -0.553 ; FF1       ; inst8   ; FF1          ; inst6       ; 1.000        ; 0.914      ; 2.681      ;
; -0.354 ; FF3       ; inst8   ; FF3          ; inst6       ; 0.500        ; 0.914      ; 1.982      ;
; -0.247 ; FF0       ; inst8   ; FF0          ; inst6       ; 1.000        ; 0.914      ; 2.375      ;
; -0.009 ; inst6     ; inst8   ; inst6        ; inst6       ; 0.500        ; 0.914      ; 1.637      ;
; 0.086  ; FF3       ; inst8   ; FF3          ; inst6       ; 1.000        ; 0.914      ; 2.042      ;
; 0.430  ; inst6     ; inst8   ; inst6        ; inst6       ; 1.000        ; 0.914      ; 1.698      ;
+--------+-----------+---------+--------------+-------------+--------------+------------+------------+


+----------------------------------------------------------------------------------------------------+
; Slow 1200mV 85C Model Recovery: 'FF1'                                                              ;
+--------+-----------+---------+--------------+-------------+--------------+------------+------------+
; Slack  ; From Node ; To Node ; Launch Clock ; Latch Clock ; Relationship ; Clock Skew ; Data Delay ;
+--------+-----------+---------+--------------+-------------+--------------+------------+------------+
; -1.293 ; inst8     ; FF2     ; inst6        ; FF1         ; 1.000        ; -0.015     ; 2.293      ;
; -1.160 ; FF2       ; FF2     ; FF2          ; FF1         ; 0.500        ; 0.955      ; 2.829      ;
; -0.918 ; FF1       ; FF2     ; FF1          ; FF1         ; 0.500        ; 0.955      ; 2.587      ;
; -0.787 ; FF2       ; FF2     ; FF2          ; FF1         ; 1.000        ; 0.955      ; 2.956      ;
; -0.719 ; FF0       ; FF2     ; FF0          ; FF1         ; 0.500        ; 0.955      ; 2.388      ;
; -0.557 ; FF1       ; FF2     ; FF1          ; FF1         ; 1.000        ; 0.955      ; 2.726      ;
; -0.328 ; FF3       ; FF2     ; FF3          ; FF1         ; 0.500        ; 0.955      ; 1.997      ;
; -0.221 ; FF0       ; FF2     ; FF0          ; FF1         ; 1.000        ; 0.955      ; 2.390      ;
; 0.017  ; inst6     ; FF2     ; inst6        ; FF1         ; 0.500        ; 0.955      ; 1.652      ;
; 0.082  ; FF3       ; FF2     ; FF3          ; FF1         ; 1.000        ; 0.955      ; 2.087      ;
; 0.426  ; inst6     ; FF2     ; inst6        ; FF1         ; 1.000        ; 0.955      ; 1.743      ;
+--------+-----------+---------+--------------+-------------+--------------+------------+------------+


+----------------------------------------------------------------------------------------------------+
; Slow 1200mV 85C Model Recovery: 'FF3'                                                              ;
+--------+-----------+---------+--------------+-------------+--------------+------------+------------+
; Slack  ; From Node ; To Node ; Launch Clock ; Latch Clock ; Relationship ; Clock Skew ; Data Delay ;
+--------+-----------+---------+--------------+-------------+--------------+------------+------------+
; -1.190 ; inst8     ; inst6   ; inst6        ; FF3         ; 1.000        ; -0.059     ; 2.146      ;
; -1.057 ; FF2       ; inst6   ; FF2          ; FF3         ; 0.500        ; 0.911      ; 2.682      ;
; -0.815 ; FF1       ; inst6   ; FF1          ; FF3         ; 0.500        ; 0.911      ; 2.440      ;
; -0.691 ; FF2       ; inst6   ; FF2          ; FF3         ; 1.000        ; 0.911      ; 2.816      ;
; -0.623 ; FF0       ; inst6   ; FF0          ; FF3         ; 0.500        ; 0.911      ; 2.248      ;
; -0.461 ; FF1       ; inst6   ; FF1          ; FF3         ; 1.000        ; 0.911      ; 2.586      ;
; -0.225 ; FF3       ; inst6   ; FF3          ; FF3         ; 0.500        ; 0.911      ; 1.850      ;
; -0.118 ; FF0       ; inst6   ; FF0          ; FF3         ; 1.000        ; 0.911      ; 2.243      ;
; 0.120  ; inst6     ; inst6   ; inst6        ; FF3         ; 0.500        ; 0.911      ; 1.505      ;
; 0.178  ; FF3       ; inst6   ; FF3          ; FF3         ; 1.000        ; 0.911      ; 1.947      ;
; 0.522  ; inst6     ; inst6   ; inst6        ; FF3         ; 1.000        ; 0.911      ; 1.603      ;
+--------+-----------+---------+--------------+-------------+--------------+------------+------------+


+----------------------------------------------------------------------------------------------------+
; Slow 1200mV 85C Model Recovery: 'FF0'                                                              ;
+--------+-----------+---------+--------------+-------------+--------------+------------+------------+
; Slack  ; From Node ; To Node ; Launch Clock ; Latch Clock ; Relationship ; Clock Skew ; Data Delay ;
+--------+-----------+---------+--------------+-------------+--------------+------------+------------+
; -0.687 ; inst8     ; FF1     ; inst6        ; FF0         ; 1.000        ; 0.444      ; 2.146      ;
; -0.554 ; FF2       ; FF1     ; FF2          ; FF0         ; 0.500        ; 1.414      ; 2.682      ;
; -0.312 ; FF1       ; FF1     ; FF1          ; FF0         ; 0.500        ; 1.414      ; 2.440      ;
; -0.188 ; FF2       ; FF1     ; FF2          ; FF0         ; 1.000        ; 1.414      ; 2.816      ;
; -0.120 ; FF0       ; FF1     ; FF0          ; FF0         ; 0.500        ; 1.414      ; 2.248      ;
; 0.042  ; FF1       ; FF1     ; FF1          ; FF0         ; 1.000        ; 1.414      ; 2.586      ;
; 0.278  ; FF3       ; FF1     ; FF3          ; FF0         ; 0.500        ; 1.414      ; 1.850      ;
; 0.385  ; FF0       ; FF1     ; FF0          ; FF0         ; 1.000        ; 1.414      ; 2.243      ;
; 0.623  ; inst6     ; FF1     ; inst6        ; FF0         ; 0.500        ; 1.414      ; 1.505      ;
; 0.681  ; FF3       ; FF1     ; FF3          ; FF0         ; 1.000        ; 1.414      ; 1.947      ;
; 1.025  ; inst6     ; FF1     ; inst6        ; FF0         ; 1.000        ; 1.414      ; 1.603      ;
+--------+-----------+---------+--------------+-------------+--------------+------------+------------+


+----------------------------------------------------------------------------------------------------+
; Slow 1200mV 85C Model Recovery: 'CLK'                                                              ;
+--------+-----------+---------+--------------+-------------+--------------+------------+------------+
; Slack  ; From Node ; To Node ; Launch Clock ; Latch Clock ; Relationship ; Clock Skew ; Data Delay ;
+--------+-----------+---------+--------------+-------------+--------------+------------+------------+
; -0.498 ; inst8     ; FF0     ; inst6        ; CLK         ; 0.500        ; 1.285      ; 2.278      ;
; 0.038  ; FF2       ; FF0     ; FF2          ; CLK         ; 0.500        ; 2.255      ; 2.911      ;
; 0.268  ; FF1       ; FF0     ; FF1          ; CLK         ; 0.500        ; 2.255      ; 2.681      ;
; 0.574  ; FF0       ; FF0     ; FF0          ; CLK         ; 0.500        ; 2.255      ; 2.375      ;
; 0.635  ; FF2       ; FF0     ; FF2          ; CLK         ; 1.000        ; 2.255      ; 2.814      ;
; 0.877  ; FF1       ; FF0     ; FF1          ; CLK         ; 1.000        ; 2.255      ; 2.572      ;
; 0.907  ; FF3       ; FF0     ; FF3          ; CLK         ; 0.500        ; 2.255      ; 2.042      ;
; 1.106  ; FF0       ; FF0     ; FF0          ; CLK         ; 1.000        ; 2.255      ; 2.343      ;
; 1.251  ; inst6     ; FF0     ; inst6        ; CLK         ; 0.500        ; 2.255      ; 1.698      ;
; 1.467  ; FF3       ; FF0     ; FF3          ; CLK         ; 1.000        ; 2.255      ; 1.982      ;
; 1.812  ; inst6     ; FF0     ; inst6        ; CLK         ; 1.000        ; 2.255      ; 1.637      ;
+--------+-----------+---------+--------------+-------------+--------------+------------+------------+


+----------------------------------------------------------------------------------------------------+
; Slow 1200mV 85C Model Removal: 'CLK'                                                               ;
+--------+-----------+---------+--------------+-------------+--------------+------------+------------+
; Slack  ; From Node ; To Node ; Launch Clock ; Latch Clock ; Relationship ; Clock Skew ; Data Delay ;
+--------+-----------+---------+--------------+-------------+--------------+------------+------------+
; -1.149 ; inst6     ; FF0     ; inst6        ; CLK         ; 0.000        ; 2.346      ; 1.573      ;
; -0.830 ; FF3       ; FF0     ; FF3          ; CLK         ; 0.000        ; 2.346      ; 1.892      ;
; -0.595 ; inst6     ; FF0     ; inst6        ; CLK         ; -0.500       ; 2.346      ; 1.627      ;
; -0.475 ; FF0       ; FF0     ; FF0          ; CLK         ; 0.000        ; 2.346      ; 2.247      ;
; -0.288 ; FF3       ; FF0     ; FF3          ; CLK         ; -0.500       ; 2.346      ; 1.934      ;
; -0.254 ; FF1       ; FF0     ; FF1          ; CLK         ; 0.000        ; 2.346      ; 2.468      ;
; -0.021 ; FF2       ; FF0     ; FF2          ; CLK         ; 0.000        ; 2.346      ; 2.701      ;
; 0.058  ; FF0       ; FF0     ; FF0          ; CLK         ; -0.500       ; 2.346      ; 2.280      ;
; 0.349  ; FF1       ; FF0     ; FF1          ; CLK         ; -0.500       ; 2.346      ; 2.571      ;
; 0.570  ; FF2       ; FF0     ; FF2          ; CLK         ; -0.500       ; 2.346      ; 2.792      ;
; 1.027  ; inst8     ; FF0     ; inst6        ; CLK         ; -0.500       ; 1.432      ; 2.136      ;
+--------+-----------+---------+--------------+-------------+--------------+------------+------------+


+----------------------------------------------------------------------------------------------------+
; Slow 1200mV 85C Model Removal: 'FF0'                                                               ;
+--------+-----------+---------+--------------+-------------+--------------+------------+------------+
; Slack  ; From Node ; To Node ; Launch Clock ; Latch Clock ; Relationship ; Clock Skew ; Data Delay ;
+--------+-----------+---------+--------------+-------------+--------------+------------+------------+
; -0.312 ; inst6     ; FF1     ; inst6        ; FF0         ; 0.000        ; 1.492      ; 1.536      ;
; -0.005 ; FF3       ; FF1     ; FF3          ; FF0         ; 0.000        ; 1.492      ; 1.843      ;
; 0.099  ; inst6     ; FF1     ; inst6        ; FF0         ; -0.500       ; 1.492      ; 1.447      ;
; 0.306  ; FF0       ; FF1     ; FF0          ; FF0         ; 0.000        ; 1.492      ; 2.154      ;
; 0.418  ; FF3       ; FF1     ; FF3          ; FF0         ; -0.500       ; 1.492      ; 1.766      ;
; 0.632  ; FF1       ; FF1     ; FF1          ; FF0         ; 0.000        ; 1.492      ; 2.480      ;
; 0.808  ; FF0       ; FF1     ; FF0          ; FF0         ; -0.500       ; 1.492      ; 2.156      ;
; 0.853  ; FF2       ; FF1     ; FF2          ; FF0         ; 0.000        ; 1.492      ; 2.701      ;
; 0.994  ; FF1       ; FF1     ; FF1          ; FF0         ; -0.500       ; 1.492      ; 2.342      ;
; 1.227  ; FF2       ; FF1     ; FF2          ; FF0         ; -0.500       ; 1.492      ; 2.575      ;
; 1.310  ; inst8     ; FF1     ; inst6        ; FF0         ; 0.000        ; 0.578      ; 2.045      ;
+--------+-----------+---------+--------------+-------------+--------------+------------+------------+


+---------------------------------------------------------------------------------------------------+
; Slow 1200mV 85C Model Removal: 'FF3'                                                              ;
+-------+-----------+---------+--------------+-------------+--------------+------------+------------+
; Slack ; From Node ; To Node ; Launch Clock ; Latch Clock ; Relationship ; Clock Skew ; Data Delay ;
+-------+-----------+---------+--------------+-------------+--------------+------------+------------+
; 0.212 ; inst6     ; inst6   ; inst6        ; FF3         ; 0.000        ; 0.968      ; 1.536      ;
; 0.519 ; FF3       ; inst6   ; FF3          ; FF3         ; 0.000        ; 0.968      ; 1.843      ;
; 0.623 ; inst6     ; inst6   ; inst6        ; FF3         ; -0.500       ; 0.968      ; 1.447      ;
; 0.830 ; FF0       ; inst6   ; FF0          ; FF3         ; 0.000        ; 0.968      ; 2.154      ;
; 0.942 ; FF3       ; inst6   ; FF3          ; FF3         ; -0.500       ; 0.968      ; 1.766      ;
; 1.156 ; FF1       ; inst6   ; FF1          ; FF3         ; 0.000        ; 0.968      ; 2.480      ;
; 1.332 ; FF0       ; inst6   ; FF0          ; FF3         ; -0.500       ; 0.968      ; 2.156      ;
; 1.377 ; FF2       ; inst6   ; FF2          ; FF3         ; 0.000        ; 0.968      ; 2.701      ;
; 1.518 ; FF1       ; inst6   ; FF1          ; FF3         ; -0.500       ; 0.968      ; 2.342      ;
; 1.751 ; FF2       ; inst6   ; FF2          ; FF3         ; -0.500       ; 0.968      ; 2.575      ;
; 1.834 ; inst8     ; inst6   ; inst6        ; FF3         ; 0.000        ; 0.054      ; 2.045      ;
+-------+-----------+---------+--------------+-------------+--------------+------------+------------+


+---------------------------------------------------------------------------------------------------+
; Slow 1200mV 85C Model Removal: 'FF1'                                                              ;
+-------+-----------+---------+--------------+-------------+--------------+------------+------------+
; Slack ; From Node ; To Node ; Launch Clock ; Latch Clock ; Relationship ; Clock Skew ; Data Delay ;
+-------+-----------+---------+--------------+-------------+--------------+------------+------------+
; 0.301 ; inst6     ; FF2     ; inst6        ; FF1         ; 0.000        ; 1.013      ; 1.670      ;
; 0.608 ; FF3       ; FF2     ; FF3          ; FF1         ; 0.000        ; 1.013      ; 1.977      ;
; 0.719 ; inst6     ; FF2     ; inst6        ; FF1         ; -0.500       ; 1.013      ; 1.588      ;
; 0.926 ; FF0       ; FF2     ; FF0          ; FF1         ; 0.000        ; 1.013      ; 2.295      ;
; 1.038 ; FF3       ; FF2     ; FF3          ; FF1         ; -0.500       ; 1.013      ; 1.907      ;
; 1.245 ; FF1       ; FF2     ; FF1          ; FF1         ; 0.000        ; 1.013      ; 2.614      ;
; 1.421 ; FF0       ; FF2     ; FF0          ; FF1         ; -0.500       ; 1.013      ; 2.290      ;
; 1.466 ; FF2       ; FF2     ; FF2          ; FF1         ; 0.000        ; 1.013      ; 2.835      ;
; 1.614 ; FF1       ; FF2     ; FF1          ; FF1         ; -0.500       ; 1.013      ; 2.483      ;
; 1.847 ; FF2       ; FF2     ; FF2          ; FF1         ; -0.500       ; 1.013      ; 2.716      ;
; 1.923 ; inst8     ; FF2     ; inst6        ; FF1         ; 0.000        ; 0.099      ; 2.179      ;
+-------+-----------+---------+--------------+-------------+--------------+------------+------------+


+---------------------------------------------------------------------------------------------------+
; Slow 1200mV 85C Model Removal: 'inst6'                                                            ;
+-------+-----------+---------+--------------+-------------+--------------+------------+------------+
; Slack ; From Node ; To Node ; Launch Clock ; Latch Clock ; Relationship ; Clock Skew ; Data Delay ;
+-------+-----------+---------+--------------+-------------+--------------+------------+------------+
; 0.301 ; inst6     ; inst8   ; inst6        ; inst6       ; 0.000        ; 0.970      ; 1.627      ;
; 0.608 ; FF3       ; inst8   ; FF3          ; inst6       ; 0.000        ; 0.970      ; 1.934      ;
; 0.747 ; inst6     ; inst8   ; inst6        ; inst6       ; -0.500       ; 0.970      ; 1.573      ;
; 0.954 ; FF0       ; inst8   ; FF0          ; inst6       ; 0.000        ; 0.970      ; 2.280      ;
; 1.066 ; FF3       ; inst8   ; FF3          ; inst6       ; -0.500       ; 0.970      ; 1.892      ;
; 1.245 ; FF1       ; inst8   ; FF1          ; inst6       ; 0.000        ; 0.970      ; 2.571      ;
; 1.421 ; FF0       ; inst8   ; FF0          ; inst6       ; -0.500       ; 0.970      ; 2.247      ;
; 1.466 ; FF2       ; inst8   ; FF2          ; inst6       ; 0.000        ; 0.970      ; 2.792      ;
; 1.642 ; FF1       ; inst8   ; FF1          ; inst6       ; -0.500       ; 0.970      ; 2.468      ;
; 1.875 ; FF2       ; inst8   ; FF2          ; inst6       ; -0.500       ; 0.970      ; 2.701      ;
; 1.940 ; inst8     ; inst8   ; inst6        ; inst6       ; 0.000        ; 0.039      ; 2.136      ;
+-------+-----------+---------+--------------+-------------+--------------+------------+------------+


+---------------------------------------------------------------------------------------------------+
; Slow 1200mV 85C Model Removal: 'FF2'                                                              ;
+-------+-----------+---------+--------------+-------------+--------------+------------+------------+
; Slack ; From Node ; To Node ; Launch Clock ; Latch Clock ; Relationship ; Clock Skew ; Data Delay ;
+-------+-----------+---------+--------------+-------------+--------------+------------+------------+
; 0.470 ; inst6     ; FF3     ; inst6        ; FF2         ; 0.000        ; 0.844      ; 1.670      ;
; 0.777 ; FF3       ; FF3     ; FF3          ; FF2         ; 0.000        ; 0.844      ; 1.977      ;
; 0.888 ; inst6     ; FF3     ; inst6        ; FF2         ; -0.500       ; 0.844      ; 1.588      ;
; 1.095 ; FF0       ; FF3     ; FF0          ; FF2         ; 0.000        ; 0.844      ; 2.295      ;
; 1.207 ; FF3       ; FF3     ; FF3          ; FF2         ; -0.500       ; 0.844      ; 1.907      ;
; 1.414 ; FF1       ; FF3     ; FF1          ; FF2         ; 0.000        ; 0.844      ; 2.614      ;
; 1.590 ; FF0       ; FF3     ; FF0          ; FF2         ; -0.500       ; 0.844      ; 2.290      ;
; 1.635 ; FF2       ; FF3     ; FF2          ; FF2         ; 0.000        ; 0.844      ; 2.835      ;
; 1.783 ; FF1       ; FF3     ; FF1          ; FF2         ; -0.500       ; 0.844      ; 2.483      ;
; 2.016 ; FF2       ; FF3     ; FF2          ; FF2         ; -0.500       ; 0.844      ; 2.716      ;
; 2.092 ; inst8     ; FF3     ; inst6        ; FF2         ; 0.000        ; -0.070     ; 2.179      ;
+-------+-----------+---------+--------------+-------------+--------------+------------+------------+


+------------------------------------------------------------------------------------------------------------+
; Slow 1200mV 85C Model Minimum Pulse Width: 'CLK'                                                           ;
+--------+--------------+----------------+------------------+-------+------------+---------------------------+
; Slack  ; Actual Width ; Required Width ; Type             ; Clock ; Clock Edge ; Target                    ;
+--------+--------------+----------------+------------------+-------+------------+---------------------------+
; -3.000 ; 1.000        ; 4.000          ; Port Rate        ; CLK   ; Rise       ; CLK                       ;
; -1.000 ; 1.000        ; 2.000          ; Min Period       ; CLK   ; Rise       ; D0                        ;
; -1.000 ; 1.000        ; 2.000          ; Min Period       ; CLK   ; Rise       ; D1                        ;
; -1.000 ; 1.000        ; 2.000          ; Min Period       ; CLK   ; Rise       ; D2                        ;
; -1.000 ; 1.000        ; 2.000          ; Min Period       ; CLK   ; Rise       ; FF0                       ;
; 0.214  ; 0.398        ; 0.184          ; Low Pulse Width  ; CLK   ; Rise       ; D0                        ;
; 0.214  ; 0.398        ; 0.184          ; Low Pulse Width  ; CLK   ; Rise       ; D1                        ;
; 0.214  ; 0.398        ; 0.184          ; Low Pulse Width  ; CLK   ; Rise       ; D2                        ;
; 0.214  ; 0.398        ; 0.184          ; Low Pulse Width  ; CLK   ; Rise       ; FF0                       ;
; 0.326  ; 0.326        ; 0.000          ; Low Pulse Width  ; CLK   ; Rise       ; CLK~input|o               ;
; 0.337  ; 0.337        ; 0.000          ; Low Pulse Width  ; CLK   ; Rise       ; CLK~inputclkctrl|inclk[0] ;
; 0.337  ; 0.337        ; 0.000          ; Low Pulse Width  ; CLK   ; Rise       ; CLK~inputclkctrl|outclk   ;
; 0.374  ; 0.374        ; 0.000          ; Low Pulse Width  ; CLK   ; Rise       ; D0|clk                    ;
; 0.374  ; 0.374        ; 0.000          ; Low Pulse Width  ; CLK   ; Rise       ; D1|clk                    ;
; 0.374  ; 0.374        ; 0.000          ; Low Pulse Width  ; CLK   ; Rise       ; D2|clk                    ;
; 0.374  ; 0.374        ; 0.000          ; Low Pulse Width  ; CLK   ; Rise       ; FF0|clk                   ;
; 0.385  ; 0.601        ; 0.216          ; High Pulse Width ; CLK   ; Rise       ; D0                        ;
; 0.385  ; 0.601        ; 0.216          ; High Pulse Width ; CLK   ; Rise       ; D1                        ;
; 0.385  ; 0.601        ; 0.216          ; High Pulse Width ; CLK   ; Rise       ; D2                        ;
; 0.385  ; 0.601        ; 0.216          ; High Pulse Width ; CLK   ; Rise       ; FF0                       ;
; 0.500  ; 0.500        ; 0.000          ; High Pulse Width ; CLK   ; Rise       ; CLK~input|i               ;
; 0.500  ; 0.500        ; 0.000          ; Low Pulse Width  ; CLK   ; Rise       ; CLK~input|i               ;
; 0.623  ; 0.623        ; 0.000          ; High Pulse Width ; CLK   ; Rise       ; D0|clk                    ;
; 0.623  ; 0.623        ; 0.000          ; High Pulse Width ; CLK   ; Rise       ; D1|clk                    ;
; 0.623  ; 0.623        ; 0.000          ; High Pulse Width ; CLK   ; Rise       ; D2|clk                    ;
; 0.623  ; 0.623        ; 0.000          ; High Pulse Width ; CLK   ; Rise       ; FF0|clk                   ;
; 0.662  ; 0.662        ; 0.000          ; High Pulse Width ; CLK   ; Rise       ; CLK~inputclkctrl|inclk[0] ;
; 0.662  ; 0.662        ; 0.000          ; High Pulse Width ; CLK   ; Rise       ; CLK~inputclkctrl|outclk   ;
; 0.674  ; 0.674        ; 0.000          ; High Pulse Width ; CLK   ; Rise       ; CLK~input|o               ;
+--------+--------------+----------------+------------------+-------+------------+---------------------------+


+------------------------------------------------------------------------------------------+
; Slow 1200mV 85C Model Minimum Pulse Width: 'FF0'                                         ;
+--------+--------------+----------------+------------------+-------+------------+---------+
; Slack  ; Actual Width ; Required Width ; Type             ; Clock ; Clock Edge ; Target  ;
+--------+--------------+----------------+------------------+-------+------------+---------+
; -1.000 ; 1.000        ; 2.000          ; Min Period       ; FF0   ; Fall       ; FF1     ;
; 0.234  ; 0.450        ; 0.216          ; High Pulse Width ; FF0   ; Fall       ; FF1     ;
; 0.365  ; 0.549        ; 0.184          ; Low Pulse Width  ; FF0   ; Fall       ; FF1     ;
; 0.442  ; 0.442        ; 0.000          ; Low Pulse Width  ; FF0   ; Rise       ; FF1|clk ;
; 0.500  ; 0.500        ; 0.000          ; High Pulse Width ; FF0   ; Rise       ; FF0|q   ;
; 0.500  ; 0.500        ; 0.000          ; Low Pulse Width  ; FF0   ; Rise       ; FF0|q   ;
; 0.556  ; 0.556        ; 0.000          ; High Pulse Width ; FF0   ; Rise       ; FF1|clk ;
+--------+--------------+----------------+------------------+-------+------------+---------+


+------------------------------------------------------------------------------------------+
; Slow 1200mV 85C Model Minimum Pulse Width: 'FF1'                                         ;
+--------+--------------+----------------+------------------+-------+------------+---------+
; Slack  ; Actual Width ; Required Width ; Type             ; Clock ; Clock Edge ; Target  ;
+--------+--------------+----------------+------------------+-------+------------+---------+
; -1.000 ; 1.000        ; 2.000          ; Min Period       ; FF1   ; Fall       ; FF2     ;
; 0.227  ; 0.443        ; 0.216          ; High Pulse Width ; FF1   ; Fall       ; FF2     ;
; 0.372  ; 0.556        ; 0.184          ; Low Pulse Width  ; FF1   ; Fall       ; FF2     ;
; 0.435  ; 0.435        ; 0.000          ; Low Pulse Width  ; FF1   ; Rise       ; FF2|clk ;
; 0.500  ; 0.500        ; 0.000          ; High Pulse Width ; FF1   ; Rise       ; FF1|q   ;
; 0.500  ; 0.500        ; 0.000          ; Low Pulse Width  ; FF1   ; Rise       ; FF1|q   ;
; 0.563  ; 0.563        ; 0.000          ; High Pulse Width ; FF1   ; Rise       ; FF2|clk ;
+--------+--------------+----------------+------------------+-------+------------+---------+


+------------------------------------------------------------------------------------------+
; Slow 1200mV 85C Model Minimum Pulse Width: 'FF2'                                         ;
+--------+--------------+----------------+------------------+-------+------------+---------+
; Slack  ; Actual Width ; Required Width ; Type             ; Clock ; Clock Edge ; Target  ;
+--------+--------------+----------------+------------------+-------+------------+---------+
; -1.000 ; 1.000        ; 2.000          ; Min Period       ; FF2   ; Fall       ; FF3     ;
; 0.234  ; 0.450        ; 0.216          ; High Pulse Width ; FF2   ; Fall       ; FF3     ;
; 0.366  ; 0.550        ; 0.184          ; Low Pulse Width  ; FF2   ; Fall       ; FF3     ;
; 0.441  ; 0.441        ; 0.000          ; Low Pulse Width  ; FF2   ; Rise       ; FF3|clk ;
; 0.500  ; 0.500        ; 0.000          ; High Pulse Width ; FF2   ; Rise       ; FF2|q   ;
; 0.500  ; 0.500        ; 0.000          ; Low Pulse Width  ; FF2   ; Rise       ; FF2|q   ;
; 0.556  ; 0.556        ; 0.000          ; High Pulse Width ; FF2   ; Rise       ; FF3|clk ;
+--------+--------------+----------------+------------------+-------+------------+---------+


+--------------------------------------------------------------------------------------------+
; Slow 1200mV 85C Model Minimum Pulse Width: 'FF3'                                           ;
+--------+--------------+----------------+------------------+-------+------------+-----------+
; Slack  ; Actual Width ; Required Width ; Type             ; Clock ; Clock Edge ; Target    ;
+--------+--------------+----------------+------------------+-------+------------+-----------+
; -1.000 ; 1.000        ; 2.000          ; Min Period       ; FF3   ; Fall       ; inst6     ;
; 0.253  ; 0.469        ; 0.216          ; High Pulse Width ; FF3   ; Fall       ; inst6     ;
; 0.346  ; 0.530        ; 0.184          ; Low Pulse Width  ; FF3   ; Fall       ; inst6     ;
; 0.461  ; 0.461        ; 0.000          ; Low Pulse Width  ; FF3   ; Rise       ; inst6|clk ;
; 0.500  ; 0.500        ; 0.000          ; High Pulse Width ; FF3   ; Rise       ; FF3|q     ;
; 0.500  ; 0.500        ; 0.000          ; Low Pulse Width  ; FF3   ; Rise       ; FF3|q     ;
; 0.537  ; 0.537        ; 0.000          ; High Pulse Width ; FF3   ; Rise       ; inst6|clk ;
+--------+--------------+----------------+------------------+-------+------------+-----------+


+--------------------------------------------------------------------------------------------+
; Slow 1200mV 85C Model Minimum Pulse Width: 'inst6'                                         ;
+--------+--------------+----------------+------------------+-------+------------+-----------+
; Slack  ; Actual Width ; Required Width ; Type             ; Clock ; Clock Edge ; Target    ;
+--------+--------------+----------------+------------------+-------+------------+-----------+
; -1.000 ; 1.000        ; 2.000          ; Min Period       ; inst6 ; Fall       ; inst8     ;
; 0.253  ; 0.469        ; 0.216          ; High Pulse Width ; inst6 ; Fall       ; inst8     ;
; 0.344  ; 0.528        ; 0.184          ; Low Pulse Width  ; inst6 ; Fall       ; inst8     ;
; 0.463  ; 0.463        ; 0.000          ; Low Pulse Width  ; inst6 ; Rise       ; inst8|clk ;
; 0.500  ; 0.500        ; 0.000          ; High Pulse Width ; inst6 ; Rise       ; inst6|q   ;
; 0.500  ; 0.500        ; 0.000          ; Low Pulse Width  ; inst6 ; Rise       ; inst6|q   ;
; 0.537  ; 0.537        ; 0.000          ; High Pulse Width ; inst6 ; Rise       ; inst8|clk ;
+--------+--------------+----------------+------------------+-------+------------+-----------+


+-----------------------------------------------------------------------+
; Clock to Output Times                                                 ;
+-----------+------------+-------+-------+------------+-----------------+
; Data Port ; Clock Port ; Rise  ; Fall  ; Clock Edge ; Clock Reference ;
+-----------+------------+-------+-------+------------+-----------------+
; B0        ; CLK        ; 7.244 ; 7.111 ; Rise       ; CLK             ;
; B1        ; CLK        ; 7.870 ; 7.748 ; Rise       ; CLK             ;
; B2        ; CLK        ; 7.520 ; 7.491 ; Rise       ; CLK             ;
; B3        ; CLK        ; 7.199 ; 7.029 ; Rise       ; CLK             ;
; B4        ; CLK        ; 7.271 ; 7.249 ; Rise       ; CLK             ;
; B5        ; CLK        ; 5.959 ; 5.878 ; Rise       ; CLK             ;
; B6        ; CLK        ; 7.075 ; 7.011 ; Rise       ; CLK             ;
; B7        ; CLK        ; 7.042 ; 6.973 ; Rise       ; CLK             ;
; B8        ; CLK        ; 7.145 ; 7.063 ; Rise       ; CLK             ;
; CLEAR     ; FF0        ; 5.426 ;       ; Rise       ; FF0             ;
; SB0       ; FF0        ; 3.235 ;       ; Rise       ; FF0             ;
; salida    ; FF0        ;       ; 6.362 ; Rise       ; FF0             ;
; salida5   ; FF0        ;       ; 5.354 ; Rise       ; FF0             ;
; salida30  ; FF0        ;       ; 5.161 ; Rise       ; FF0             ;
; CLEAR     ; FF0        ;       ; 5.499 ; Fall       ; FF0             ;
; SB0       ; FF0        ;       ; 3.158 ; Fall       ; FF0             ;
; salida    ; FF0        ; 6.472 ;       ; Fall       ; FF0             ;
; salida5   ; FF0        ; 5.519 ;       ; Fall       ; FF0             ;
; salida30  ; FF0        ; 5.233 ;       ; Fall       ; FF0             ;
; CLEAR     ; FF1        ;       ; 5.696 ; Rise       ; FF1             ;
; SB1       ; FF1        ; 3.673 ;       ; Rise       ; FF1             ;
; salida    ; FF1        ; 5.931 ; 6.283 ; Rise       ; FF1             ;
; salida5   ; FF1        ;       ; 5.337 ; Rise       ; FF1             ;
; salida30  ; FF1        ; 5.430 ;       ; Rise       ; FF1             ;
; CLEAR     ; FF1        ; 5.764 ;       ; Fall       ; FF1             ;
; SB1       ; FF1        ;       ; 3.618 ; Fall       ; FF1             ;
; salida    ; FF1        ; 6.391 ; 5.956 ; Fall       ; FF1             ;
; salida5   ; FF1        ; 5.527 ;       ; Fall       ; FF1             ;
; salida30  ; FF1        ;       ; 5.499 ; Fall       ; FF1             ;
; CLEAR     ; FF2        ;       ; 5.938 ; Rise       ; FF2             ;
; SB2       ; FF2        ; 4.229 ;       ; Rise       ; FF2             ;
; salida    ; FF2        ; 6.323 ;       ; Rise       ; FF2             ;
; salida5   ; FF2        ; 5.510 ;       ; Rise       ; FF2             ;
; salida30  ; FF2        ; 5.672 ;       ; Rise       ; FF2             ;
; CLEAR     ; FF2        ; 5.994 ;       ; Fall       ; FF2             ;
; SB2       ; FF2        ;       ; 4.165 ; Fall       ; FF2             ;
; salida    ; FF2        ;       ; 6.315 ; Fall       ; FF2             ;
; salida5   ; FF2        ;       ; 5.427 ; Fall       ; FF2             ;
; salida30  ; FF2        ;       ; 5.729 ; Fall       ; FF2             ;
; CLEAR     ; FF3        ;       ; 5.106 ; Rise       ; FF3             ;
; SB3       ; FF3        ; 3.147 ;       ; Rise       ; FF3             ;
; salida    ; FF3        ; 5.255 ; 5.175 ; Rise       ; FF3             ;
; salida5   ; FF3        ;       ; 5.283 ; Rise       ; FF3             ;
; salida30  ; FF3        ; 4.840 ;       ; Rise       ; FF3             ;
; CLEAR     ; FF3        ; 5.125 ;       ; Fall       ; FF3             ;
; SB3       ; FF3        ;       ; 3.082 ; Fall       ; FF3             ;
; salida    ; FF3        ; 5.315 ; 5.264 ; Fall       ; FF3             ;
; salida5   ; FF3        ; 5.477 ;       ; Fall       ; FF3             ;
; salida30  ; FF3        ;       ; 4.860 ; Fall       ; FF3             ;
; CLEAR     ; inst6      ;       ; 4.761 ; Rise       ; inst6           ;
; SB4       ; inst6      ; 4.593 ;       ; Rise       ; inst6           ;
; salida    ; inst6      ; 6.564 ; 6.479 ; Rise       ; inst6           ;
; salida5   ; inst6      ;       ; 5.454 ; Rise       ; inst6           ;
; salida30  ; inst6      ; 4.495 ;       ; Rise       ; inst6           ;
; CLEAR     ; inst6      ; 6.480 ; 6.571 ; Fall       ; inst6           ;
; SB4       ; inst6      ;       ; 4.593 ; Fall       ; inst6           ;
; SB5       ; inst6      ; 6.578 ; 6.670 ; Fall       ; inst6           ;
; salida    ; inst6      ; 6.806 ; 6.672 ; Fall       ; inst6           ;
; salida5   ; inst6      ; 5.627 ; 5.073 ; Fall       ; inst6           ;
; salida30  ; inst6      ; 6.305 ; 6.215 ; Fall       ; inst6           ;
+-----------+------------+-------+-------+------------+-----------------+


+-----------------------------------------------------------------------+
; Minimum Clock to Output Times                                         ;
+-----------+------------+-------+-------+------------+-----------------+
; Data Port ; Clock Port ; Rise  ; Fall  ; Clock Edge ; Clock Reference ;
+-----------+------------+-------+-------+------------+-----------------+
; B0        ; CLK        ; 6.663 ; 6.601 ; Rise       ; CLK             ;
; B1        ; CLK        ; 7.260 ; 7.095 ; Rise       ; CLK             ;
; B2        ; CLK        ; 7.264 ; 7.231 ; Rise       ; CLK             ;
; B3        ; CLK        ; 6.162 ; 6.114 ; Rise       ; CLK             ;
; B4        ; CLK        ; 6.879 ; 6.875 ; Rise       ; CLK             ;
; B5        ; CLK        ; 5.769 ; 5.688 ; Rise       ; CLK             ;
; B6        ; CLK        ; 6.626 ; 6.511 ; Rise       ; CLK             ;
; B7        ; CLK        ; 6.600 ; 6.487 ; Rise       ; CLK             ;
; B8        ; CLK        ; 6.826 ; 6.741 ; Rise       ; CLK             ;
; CLEAR     ; FF0        ; 5.242 ;       ; Rise       ; FF0             ;
; SB0       ; FF0        ; 3.143 ;       ; Rise       ; FF0             ;
; salida    ; FF0        ;       ; 5.423 ; Rise       ; FF0             ;
; salida5   ; FF0        ;       ; 5.169 ; Rise       ; FF0             ;
; salida30  ; FF0        ;       ; 4.989 ; Rise       ; FF0             ;
; CLEAR     ; FF0        ;       ; 5.315 ; Fall       ; FF0             ;
; SB0       ; FF0        ;       ; 3.066 ; Fall       ; FF0             ;
; salida    ; FF0        ; 5.535 ;       ; Fall       ; FF0             ;
; salida5   ; FF0        ; 5.331 ;       ; Fall       ; FF0             ;
; salida30  ; FF0        ; 5.060 ;       ; Fall       ; FF0             ;
; CLEAR     ; FF1        ;       ; 5.503 ; Rise       ; FF1             ;
; SB1       ; FF1        ; 3.559 ;       ; Rise       ; FF1             ;
; salida    ; FF1        ; 5.723 ; 6.097 ; Rise       ; FF1             ;
; salida5   ; FF1        ;       ; 5.152 ; Rise       ; FF1             ;
; salida30  ; FF1        ; 5.248 ;       ; Rise       ; FF1             ;
; CLEAR     ; FF1        ; 5.566 ;       ; Fall       ; FF1             ;
; SB1       ; FF1        ;       ; 3.503 ; Fall       ; FF1             ;
; salida    ; FF1        ; 6.202 ; 5.747 ; Fall       ; FF1             ;
; salida5   ; FF1        ; 5.340 ;       ; Fall       ; FF1             ;
; salida30  ; FF1        ;       ; 5.313 ; Fall       ; FF1             ;
; CLEAR     ; FF2        ;       ; 5.736 ; Rise       ; FF2             ;
; SB2       ; FF2        ; 4.097 ;       ; Rise       ; FF2             ;
; salida    ; FF2        ; 5.956 ;       ; Rise       ; FF2             ;
; salida5   ; FF2        ; 5.323 ;       ; Rise       ; FF2             ;
; salida30  ; FF2        ; 5.481 ;       ; Rise       ; FF2             ;
; CLEAR     ; FF2        ; 5.787 ;       ; Fall       ; FF2             ;
; SB2       ; FF2        ;       ; 4.032 ; Fall       ; FF2             ;
; salida    ; FF2        ;       ; 5.968 ; Fall       ; FF2             ;
; salida5   ; FF2        ;       ; 5.239 ; Fall       ; FF2             ;
; salida30  ; FF2        ;       ; 5.534 ; Fall       ; FF2             ;
; CLEAR     ; FF3        ;       ; 4.927 ; Rise       ; FF3             ;
; SB3       ; FF3        ; 3.054 ;       ; Rise       ; FF3             ;
; salida    ; FF3        ; 5.075 ; 5.021 ; Rise       ; FF3             ;
; salida5   ; FF3        ;       ; 5.090 ; Rise       ; FF3             ;
; salida30  ; FF3        ; 4.672 ;       ; Rise       ; FF3             ;
; CLEAR     ; FF3        ; 4.929 ;       ; Fall       ; FF3             ;
; SB3       ; FF3        ;       ; 2.988 ; Fall       ; FF3             ;
; salida    ; FF3        ; 5.147 ; 5.081 ; Fall       ; FF3             ;
; salida5   ; FF3        ; 5.261 ;       ; Fall       ; FF3             ;
; salida30  ; FF3        ;       ; 4.676 ; Fall       ; FF3             ;
; CLEAR     ; inst6      ;       ; 4.608 ; Rise       ; inst6           ;
; SB4       ; inst6      ; 4.443 ;       ; Rise       ; inst6           ;
; salida    ; inst6      ; 6.366 ; 6.286 ; Rise       ; inst6           ;
; salida5   ; inst6      ;       ; 5.264 ; Rise       ; inst6           ;
; salida30  ; inst6      ; 4.353 ;       ; Rise       ; inst6           ;
; CLEAR     ; inst6      ; 4.622 ; 6.335 ; Fall       ; inst6           ;
; SB4       ; inst6      ;       ; 4.439 ; Fall       ; inst6           ;
; SB5       ; inst6      ; 6.373 ; 6.460 ; Fall       ; inst6           ;
; salida    ; inst6      ; 6.173 ; 6.021 ; Fall       ; inst6           ;
; salida5   ; inst6      ; 5.098 ; 4.890 ; Fall       ; inst6           ;
; salida30  ; inst6      ; 6.080 ; 4.369 ; Fall       ; inst6           ;
+-----------+------------+-------+-------+------------+-----------------+


----------------------------------------------
; Slow 1200mV 85C Model Metastability Report ;
----------------------------------------------
No synchronizer chains to report.


+------------------------------------------------------------------------------------------------------------+
; Slow 1200mV 0C Model Fmax Summary                                                                          ;
+-------------+-----------------+------------+---------------------------------------------------------------+
; Fmax        ; Restricted Fmax ; Clock Name ; Note                                                          ;
+-------------+-----------------+------------+---------------------------------------------------------------+
; 870.32 MHz  ; 250.0 MHz       ; CLK        ; limit due to minimum period restriction (max I/O toggle rate) ;
; 1661.13 MHz ; 500.0 MHz       ; inst6      ; limit due to minimum period restriction (tmin)                ;
+-------------+-----------------+------------+---------------------------------------------------------------+
This panel reports FMAX for every clock in the design, regardless of the user-specified clock periods.  FMAX is only computed for paths where the source and destination registers or ports are driven by the same clock.  Paths of different clocks, including generated clocks, are ignored.  For paths between a clock and its inversion, FMAX is computed as if the rising and falling edges are scaled along with FMAX, such that the duty cycle (in terms of a percentage) is maintained. Altera recommends that you always use clock constraints and other slack reports for sign-off analysis.


+------------------------------------+
; Slow 1200mV 0C Model Setup Summary ;
+-------+--------+-------------------+
; Clock ; Slack  ; End Point TNS     ;
+-------+--------+-------------------+
; CLK   ; -0.195 ; -0.409            ;
; FF2   ; 0.000  ; 0.000             ;
; FF3   ; 0.129  ; 0.000             ;
; FF1   ; 0.168  ; 0.000             ;
; inst6 ; 0.398  ; 0.000             ;
; FF0   ; 0.594  ; 0.000             ;
+-------+--------+-------------------+


+-----------------------------------+
; Slow 1200mV 0C Model Hold Summary ;
+-------+--------+------------------+
; Clock ; Slack  ; End Point TNS    ;
+-------+--------+------------------+
; FF0   ; -0.411 ; -0.411           ;
; CLK   ; 0.001  ; 0.000            ;
; FF1   ; 0.023  ; 0.000            ;
; FF3   ; 0.066  ; 0.000            ;
; FF2   ; 0.161  ; 0.000            ;
; inst6 ; 0.341  ; 0.000            ;
+-------+--------+------------------+


+---------------------------------------+
; Slow 1200mV 0C Model Recovery Summary ;
+-------+--------+----------------------+
; Clock ; Slack  ; End Point TNS        ;
+-------+--------+----------------------+
; FF2   ; -1.226 ; -1.226               ;
; inst6 ; -1.083 ; -1.083               ;
; FF1   ; -1.082 ; -1.082               ;
; FF3   ; -0.977 ; -0.977               ;
; FF0   ; -0.533 ; -0.533               ;
; CLK   ; -0.398 ; -0.398               ;
+-------+--------+----------------------+


+--------------------------------------+
; Slow 1200mV 0C Model Removal Summary ;
+-------+--------+---------------------+
; Clock ; Slack  ; End Point TNS       ;
+-------+--------+---------------------+
; CLK   ; -1.042 ; -1.042              ;
; FF0   ; -0.277 ; -0.277              ;
; FF3   ; 0.186  ; 0.000               ;
; inst6 ; 0.265  ; 0.000               ;
; FF1   ; 0.267  ; 0.000               ;
; FF2   ; 0.418  ; 0.000               ;
+-------+--------+---------------------+


+--------------------------------------------------+
; Slow 1200mV 0C Model Minimum Pulse Width Summary ;
+-------+--------+---------------------------------+
; Clock ; Slack  ; End Point TNS                   ;
+-------+--------+---------------------------------+
; CLK   ; -3.000 ; -7.000                          ;
; FF0   ; -1.000 ; -1.000                          ;
; FF1   ; -1.000 ; -1.000                          ;
; FF2   ; -1.000 ; -1.000                          ;
; FF3   ; -1.000 ; -1.000                          ;
; inst6 ; -1.000 ; -1.000                          ;
+-------+--------+---------------------------------+


+----------------------------------------------------------------------------------------------------+
; Slow 1200mV 0C Model Setup: 'CLK'                                                                  ;
+--------+-----------+---------+--------------+-------------+--------------+------------+------------+
; Slack  ; From Node ; To Node ; Launch Clock ; Latch Clock ; Relationship ; Clock Skew ; Data Delay ;
+--------+-----------+---------+--------------+-------------+--------------+------------+------------+
; -0.195 ; inst6     ; D2      ; inst6        ; CLK         ; 0.500        ; 2.040      ; 2.910      ;
; -0.149 ; D1        ; D2      ; CLK          ; CLK         ; 1.000        ; -0.057     ; 1.087      ;
; -0.118 ; FF2       ; D2      ; FF2          ; CLK         ; 0.500        ; 2.040      ; 2.833      ;
; -0.108 ; FF3       ; D1      ; FF3          ; CLK         ; 0.500        ; 2.040      ; 2.823      ;
; -0.103 ; FF0       ; D2      ; FF0          ; CLK         ; 0.500        ; 2.040      ; 2.818      ;
; -0.096 ; FF3       ; D0      ; FF3          ; CLK         ; 0.500        ; 2.040      ; 2.811      ;
; -0.093 ; D2        ; D2      ; CLK          ; CLK         ; 1.000        ; -0.057     ; 1.031      ;
; -0.084 ; FF1       ; D2      ; FF1          ; CLK         ; 0.500        ; 2.040      ; 2.799      ;
; -0.071 ; inst6     ; D0      ; inst6        ; CLK         ; 0.500        ; 2.040      ; 2.786      ;
; -0.059 ; FF3       ; D2      ; FF3          ; CLK         ; 0.500        ; 2.040      ; 2.774      ;
; -0.028 ; inst6     ; D1      ; inst6        ; CLK         ; 0.500        ; 2.040      ; 2.743      ;
; -0.015 ; D0        ; D0      ; CLK          ; CLK         ; 1.000        ; -0.057     ; 0.953      ;
; -0.012 ; FF0       ; D0      ; FF0          ; CLK         ; 0.500        ; 2.040      ; 2.727      ;
; -0.010 ; D0        ; D2      ; CLK          ; CLK         ; 1.000        ; -0.057     ; 0.948      ;
; -0.010 ; FF0       ; FF0     ; FF0          ; CLK         ; 0.500        ; 2.040      ; 2.725      ;
; -0.007 ; D0        ; D1      ; CLK          ; CLK         ; 1.000        ; -0.057     ; 0.945      ;
; 0.031  ; FF0       ; D1      ; FF0          ; CLK         ; 0.500        ; 2.040      ; 2.684      ;
; 0.052  ; FF1       ; D0      ; FF1          ; CLK         ; 0.500        ; 2.040      ; 2.663      ;
; 0.069  ; inst8     ; D0      ; inst6        ; CLK         ; 0.500        ; 1.171      ; 1.597      ;
; 0.074  ; FF2       ; D0      ; FF2          ; CLK         ; 0.500        ; 2.040      ; 2.641      ;
; 0.080  ; D2        ; D1      ; CLK          ; CLK         ; 1.000        ; -0.057     ; 0.858      ;
; 0.095  ; FF1       ; D1      ; FF1          ; CLK         ; 0.500        ; 2.040      ; 2.620      ;
; 0.112  ; inst8     ; D1      ; inst6        ; CLK         ; 0.500        ; 1.171      ; 1.554      ;
; 0.116  ; FF2       ; D1      ; FF2          ; CLK         ; 0.500        ; 2.040      ; 2.599      ;
; 0.128  ; inst8     ; D2      ; inst6        ; CLK         ; 0.500        ; 1.171      ; 1.538      ;
; 0.328  ; inst6     ; D2      ; inst6        ; CLK         ; 1.000        ; 2.040      ; 2.887      ;
; 0.355  ; D1        ; D1      ; CLK          ; CLK         ; 1.000        ; -0.057     ; 0.583      ;
; 0.396  ; FF2       ; D2      ; FF2          ; CLK         ; 1.000        ; 2.040      ; 2.819      ;
; 0.425  ; FF1       ; D2      ; FF1          ; CLK         ; 1.000        ; 2.040      ; 2.790      ;
; 0.426  ; FF0       ; D2      ; FF0          ; CLK         ; 1.000        ; 2.040      ; 2.789      ;
; 0.474  ; FF3       ; D0      ; FF3          ; CLK         ; 1.000        ; 2.040      ; 2.741      ;
; 0.475  ; FF3       ; D1      ; FF3          ; CLK         ; 1.000        ; 2.040      ; 2.740      ;
; 0.484  ; inst6     ; D0      ; inst6        ; CLK         ; 1.000        ; 2.040      ; 2.731      ;
; 0.492  ; FF3       ; D2      ; FF3          ; CLK         ; 1.000        ; 2.040      ; 2.723      ;
; 0.493  ; FF0       ; D0      ; FF0          ; CLK         ; 1.000        ; 2.040      ; 2.722      ;
; 0.530  ; inst6     ; D1      ; inst6        ; CLK         ; 1.000        ; 2.040      ; 2.685      ;
; 0.535  ; FF0       ; D1      ; FF0          ; CLK         ; 1.000        ; 2.040      ; 2.680      ;
; 0.543  ; FF0       ; FF0     ; FF0          ; CLK         ; 1.000        ; 2.040      ; 2.672      ;
; 0.568  ; FF1       ; D0      ; FF1          ; CLK         ; 1.000        ; 2.040      ; 2.647      ;
; 0.581  ; FF2       ; D0      ; FF2          ; CLK         ; 1.000        ; 2.040      ; 2.634      ;
; 0.610  ; FF1       ; D1      ; FF1          ; CLK         ; 1.000        ; 2.040      ; 2.605      ;
; 0.624  ; FF2       ; D1      ; FF2          ; CLK         ; 1.000        ; 2.040      ; 2.591      ;
+--------+-----------+---------+--------------+-------------+--------------+------------+------------+


+---------------------------------------------------------------------------------------------------+
; Slow 1200mV 0C Model Setup: 'FF2'                                                                 ;
+-------+-----------+---------+--------------+-------------+--------------+------------+------------+
; Slack ; From Node ; To Node ; Launch Clock ; Latch Clock ; Relationship ; Clock Skew ; Data Delay ;
+-------+-----------+---------+--------------+-------------+--------------+------------+------------+
; 0.000 ; FF3       ; FF3     ; FF3          ; FF2         ; 0.500        ; 0.709      ; 1.404      ;
; 0.483 ; FF3       ; FF3     ; FF3          ; FF2         ; 1.000        ; 0.709      ; 1.421      ;
+-------+-----------+---------+--------------+-------------+--------------+------------+------------+


+---------------------------------------------------------------------------------------------------+
; Slow 1200mV 0C Model Setup: 'FF3'                                                                 ;
+-------+-----------+---------+--------------+-------------+--------------+------------+------------+
; Slack ; From Node ; To Node ; Launch Clock ; Latch Clock ; Relationship ; Clock Skew ; Data Delay ;
+-------+-----------+---------+--------------+-------------+--------------+------------+------------+
; 0.129 ; inst6     ; inst6   ; inst6        ; FF3         ; 0.500        ; 0.817      ; 1.383      ;
; 0.636 ; inst6     ; inst6   ; inst6        ; FF3         ; 1.000        ; 0.817      ; 1.376      ;
+-------+-----------+---------+--------------+-------------+--------------+------------+------------+


+---------------------------------------------------------------------------------------------------+
; Slow 1200mV 0C Model Setup: 'FF1'                                                                 ;
+-------+-----------+---------+--------------+-------------+--------------+------------+------------+
; Slack ; From Node ; To Node ; Launch Clock ; Latch Clock ; Relationship ; Clock Skew ; Data Delay ;
+-------+-----------+---------+--------------+-------------+--------------+------------+------------+
; 0.168 ; FF2       ; FF2     ; FF2          ; FF1         ; 0.500        ; 0.853      ; 1.380      ;
; 0.676 ; FF2       ; FF2     ; FF2          ; FF1         ; 1.000        ; 0.853      ; 1.372      ;
+-------+-----------+---------+--------------+-------------+--------------+------------+------------+


+---------------------------------------------------------------------------------------------------+
; Slow 1200mV 0C Model Setup: 'inst6'                                                               ;
+-------+-----------+---------+--------------+-------------+--------------+------------+------------+
; Slack ; From Node ; To Node ; Launch Clock ; Latch Clock ; Relationship ; Clock Skew ; Data Delay ;
+-------+-----------+---------+--------------+-------------+--------------+------------+------------+
; 0.398 ; inst8     ; inst8   ; inst6        ; inst6       ; 1.000        ; -0.034     ; 0.583      ;
+-------+-----------+---------+--------------+-------------+--------------+------------+------------+


+---------------------------------------------------------------------------------------------------+
; Slow 1200mV 0C Model Setup: 'FF0'                                                                 ;
+-------+-----------+---------+--------------+-------------+--------------+------------+------------+
; Slack ; From Node ; To Node ; Launch Clock ; Latch Clock ; Relationship ; Clock Skew ; Data Delay ;
+-------+-----------+---------+--------------+-------------+--------------+------------+------------+
; 0.594 ; FF1       ; FF1     ; FF1          ; FF0         ; 0.500        ; 1.261      ; 1.362      ;
; 1.098 ; FF1       ; FF1     ; FF1          ; FF0         ; 1.000        ; 1.261      ; 1.358      ;
+-------+-----------+---------+--------------+-------------+--------------+------------+------------+


+----------------------------------------------------------------------------------------------------+
; Slow 1200mV 0C Model Hold: 'FF0'                                                                   ;
+--------+-----------+---------+--------------+-------------+--------------+------------+------------+
; Slack  ; From Node ; To Node ; Launch Clock ; Latch Clock ; Relationship ; Clock Skew ; Data Delay ;
+--------+-----------+---------+--------------+-------------+--------------+------------+------------+
; -0.411 ; FF1       ; FF1     ; FF1          ; FF0         ; 0.000        ; 1.330      ; 1.243      ;
; 0.065  ; FF1       ; FF1     ; FF1          ; FF0         ; -0.500       ; 1.330      ; 1.219      ;
+--------+-----------+---------+--------------+-------------+--------------+------------+------------+


+---------------------------------------------------------------------------------------------------+
; Slow 1200mV 0C Model Hold: 'CLK'                                                                  ;
+-------+-----------+---------+--------------+-------------+--------------+------------+------------+
; Slack ; From Node ; To Node ; Launch Clock ; Latch Clock ; Relationship ; Clock Skew ; Data Delay ;
+-------+-----------+---------+--------------+-------------+--------------+------------+------------+
; 0.001 ; FF2       ; D0      ; FF2          ; CLK         ; 0.000        ; 2.120      ; 2.465      ;
; 0.004 ; FF2       ; D1      ; FF2          ; CLK         ; 0.000        ; 2.120      ; 2.468      ;
; 0.017 ; FF1       ; D0      ; FF1          ; CLK         ; 0.000        ; 2.120      ; 2.481      ;
; 0.022 ; FF1       ; D1      ; FF1          ; CLK         ; 0.000        ; 2.120      ; 2.486      ;
; 0.030 ; FF0       ; FF0     ; FF0          ; CLK         ; 0.000        ; 2.120      ; 2.494      ;
; 0.090 ; FF0       ; D0      ; FF0          ; CLK         ; 0.000        ; 2.120      ; 2.554      ;
; 0.095 ; FF0       ; D1      ; FF0          ; CLK         ; 0.000        ; 2.120      ; 2.559      ;
; 0.097 ; FF3       ; D2      ; FF3          ; CLK         ; 0.000        ; 2.120      ; 2.561      ;
; 0.100 ; inst6     ; D1      ; inst6        ; CLK         ; 0.000        ; 2.120      ; 2.564      ;
; 0.135 ; inst6     ; D0      ; inst6        ; CLK         ; 0.000        ; 2.120      ; 2.599      ;
; 0.149 ; FF3       ; D0      ; FF3          ; CLK         ; 0.000        ; 2.120      ; 2.613      ;
; 0.153 ; FF3       ; D1      ; FF3          ; CLK         ; 0.000        ; 2.120      ; 2.617      ;
; 0.168 ; FF0       ; D2      ; FF0          ; CLK         ; 0.000        ; 2.120      ; 2.632      ;
; 0.170 ; FF1       ; D2      ; FF1          ; CLK         ; 0.000        ; 2.120      ; 2.634      ;
; 0.225 ; FF2       ; D2      ; FF2          ; CLK         ; 0.000        ; 2.120      ; 2.689      ;
; 0.263 ; inst6     ; D2      ; inst6        ; CLK         ; 0.000        ; 2.120      ; 2.727      ;
; 0.310 ; D1        ; D1      ; CLK          ; CLK         ; 0.000        ; 0.057      ; 0.511      ;
; 0.406 ; inst8     ; D2      ; inst6        ; CLK         ; -0.500       ; 1.301      ; 1.371      ;
; 0.425 ; inst8     ; D0      ; inst6        ; CLK         ; -0.500       ; 1.301      ; 1.390      ;
; 0.430 ; inst8     ; D1      ; inst6        ; CLK         ; -0.500       ; 1.301      ; 1.395      ;
; 0.512 ; FF2       ; D0      ; FF2          ; CLK         ; -0.500       ; 2.120      ; 2.476      ;
; 0.517 ; FF2       ; D1      ; FF2          ; CLK         ; -0.500       ; 2.120      ; 2.481      ;
; 0.530 ; FF1       ; D0      ; FF1          ; CLK         ; -0.500       ; 2.120      ; 2.494      ;
; 0.533 ; FF1       ; D1      ; FF1          ; CLK         ; -0.500       ; 2.120      ; 2.497      ;
; 0.544 ; D2        ; D1      ; CLK          ; CLK         ; 0.000        ; 0.057      ; 0.745      ;
; 0.578 ; FF0       ; FF0     ; FF0          ; CLK         ; -0.500       ; 2.120      ; 2.542      ;
; 0.591 ; FF0       ; D0      ; FF0          ; CLK         ; -0.500       ; 2.120      ; 2.555      ;
; 0.594 ; FF0       ; D1      ; FF0          ; CLK         ; -0.500       ; 2.120      ; 2.558      ;
; 0.631 ; D0        ; D2      ; CLK          ; CLK         ; 0.000        ; 0.057      ; 0.832      ;
; 0.636 ; D0        ; D1      ; CLK          ; CLK         ; 0.000        ; 0.057      ; 0.837      ;
; 0.637 ; D0        ; D0      ; CLK          ; CLK         ; 0.000        ; 0.057      ; 0.838      ;
; 0.649 ; inst6     ; D1      ; inst6        ; CLK         ; -0.500       ; 2.120      ; 2.613      ;
; 0.655 ; FF3       ; D2      ; FF3          ; CLK         ; -0.500       ; 2.120      ; 2.619      ;
; 0.673 ; inst6     ; D0      ; inst6        ; CLK         ; -0.500       ; 2.120      ; 2.637      ;
; 0.706 ; FF1       ; D2      ; FF1          ; CLK         ; -0.500       ; 2.120      ; 2.670      ;
; 0.711 ; FF2       ; D2      ; FF2          ; CLK         ; -0.500       ; 2.120      ; 2.675      ;
; 0.711 ; FF3       ; D0      ; FF3          ; CLK         ; -0.500       ; 2.120      ; 2.675      ;
; 0.723 ; D2        ; D2      ; CLK          ; CLK         ; 0.000        ; 0.057      ; 0.924      ;
; 0.724 ; FF0       ; D2      ; FF0          ; CLK         ; -0.500       ; 2.120      ; 2.688      ;
; 0.726 ; FF3       ; D1      ; FF3          ; CLK         ; -0.500       ; 2.120      ; 2.690      ;
; 0.797 ; D1        ; D2      ; CLK          ; CLK         ; 0.000        ; 0.057      ; 0.998      ;
; 0.812 ; inst6     ; D2      ; inst6        ; CLK         ; -0.500       ; 2.120      ; 2.776      ;
+-------+-----------+---------+--------------+-------------+--------------+------------+------------+


+---------------------------------------------------------------------------------------------------+
; Slow 1200mV 0C Model Hold: 'FF1'                                                                  ;
+-------+-----------+---------+--------------+-------------+--------------+------------+------------+
; Slack ; From Node ; To Node ; Launch Clock ; Latch Clock ; Relationship ; Clock Skew ; Data Delay ;
+-------+-----------+---------+--------------+-------------+--------------+------------+------------+
; 0.023 ; FF2       ; FF2     ; FF2          ; FF1         ; 0.000        ; 0.905      ; 1.252      ;
; 0.507 ; FF2       ; FF2     ; FF2          ; FF1         ; -0.500       ; 0.905      ; 1.236      ;
+-------+-----------+---------+--------------+-------------+--------------+------------+------------+


+---------------------------------------------------------------------------------------------------+
; Slow 1200mV 0C Model Hold: 'FF3'                                                                  ;
+-------+-----------+---------+--------------+-------------+--------------+------------+------------+
; Slack ; From Node ; To Node ; Launch Clock ; Latch Clock ; Relationship ; Clock Skew ; Data Delay ;
+-------+-----------+---------+--------------+-------------+--------------+------------+------------+
; 0.066 ; inst6     ; inst6   ; inst6        ; FF3         ; 0.000        ; 0.867      ; 1.257      ;
; 0.547 ; inst6     ; inst6   ; inst6        ; FF3         ; -0.500       ; 0.867      ; 1.238      ;
+-------+-----------+---------+--------------+-------------+--------------+------------+------------+


+---------------------------------------------------------------------------------------------------+
; Slow 1200mV 0C Model Hold: 'FF2'                                                                  ;
+-------+-----------+---------+--------------+-------------+--------------+------------+------------+
; Slack ; From Node ; To Node ; Launch Clock ; Latch Clock ; Relationship ; Clock Skew ; Data Delay ;
+-------+-----------+---------+--------------+-------------+--------------+------------+------------+
; 0.161 ; FF3       ; FF3     ; FF3          ; FF2         ; 0.000        ; 0.754      ; 1.239      ;
; 0.623 ; FF3       ; FF3     ; FF3          ; FF2         ; -0.500       ; 0.754      ; 1.201      ;
+-------+-----------+---------+--------------+-------------+--------------+------------+------------+


+---------------------------------------------------------------------------------------------------+
; Slow 1200mV 0C Model Hold: 'inst6'                                                                ;
+-------+-----------+---------+--------------+-------------+--------------+------------+------------+
; Slack ; From Node ; To Node ; Launch Clock ; Latch Clock ; Relationship ; Clock Skew ; Data Delay ;
+-------+-----------+---------+--------------+-------------+--------------+------------+------------+
; 0.341 ; inst8     ; inst8   ; inst6        ; inst6       ; 0.000        ; 0.034      ; 0.519      ;
+-------+-----------+---------+--------------+-------------+--------------+------------+------------+


+----------------------------------------------------------------------------------------------------+
; Slow 1200mV 0C Model Recovery: 'FF2'                                                               ;
+--------+-----------+---------+--------------+-------------+--------------+------------+------------+
; Slack  ; From Node ; To Node ; Launch Clock ; Latch Clock ; Relationship ; Clock Skew ; Data Delay ;
+--------+-----------+---------+--------------+-------------+--------------+------------+------------+
; -1.226 ; inst8     ; FF3     ; inst6        ; FF2         ; 1.000        ; -0.160     ; 2.081      ;
; -1.177 ; FF2       ; FF3     ; FF2          ; FF2         ; 0.500        ; 0.709      ; 2.581      ;
; -0.950 ; FF1       ; FF3     ; FF1          ; FF2         ; 0.500        ; 0.709      ; 2.354      ;
; -0.741 ; FF0       ; FF3     ; FF0          ; FF2         ; 0.500        ; 0.709      ; 2.145      ;
; -0.735 ; FF2       ; FF3     ; FF2          ; FF2         ; 1.000        ; 0.709      ; 2.639      ;
; -0.533 ; FF1       ; FF3     ; FF1          ; FF2         ; 1.000        ; 0.709      ; 2.437      ;
; -0.411 ; FF3       ; FF3     ; FF3          ; FF2         ; 0.500        ; 0.709      ; 1.815      ;
; -0.268 ; FF0       ; FF3     ; FF0          ; FF2         ; 1.000        ; 0.709      ; 2.172      ;
; -0.094 ; inst6     ; FF3     ; inst6        ; FF2         ; 0.500        ; 0.709      ; 1.498      ;
; 0.037  ; FF3       ; FF3     ; FF3          ; FF2         ; 1.000        ; 0.709      ; 1.867      ;
; 0.343  ; inst6     ; FF3     ; inst6        ; FF2         ; 1.000        ; 0.709      ; 1.561      ;
+--------+-----------+---------+--------------+-------------+--------------+------------+------------+


+----------------------------------------------------------------------------------------------------+
; Slow 1200mV 0C Model Recovery: 'inst6'                                                             ;
+--------+-----------+---------+--------------+-------------+--------------+------------+------------+
; Slack  ; From Node ; To Node ; Launch Clock ; Latch Clock ; Relationship ; Clock Skew ; Data Delay ;
+--------+-----------+---------+--------------+-------------+--------------+------------+------------+
; -1.083 ; inst8     ; inst8   ; inst6        ; inst6       ; 1.000        ; -0.034     ; 2.064      ;
; -1.050 ; FF2       ; inst8   ; FF2          ; inst6       ; 0.500        ; 0.819      ; 2.564      ;
; -0.823 ; FF1       ; inst8   ; FF1          ; inst6       ; 0.500        ; 0.819      ; 2.337      ;
; -0.592 ; FF0       ; inst8   ; FF0          ; inst6       ; 0.500        ; 0.819      ; 2.106      ;
; -0.586 ; FF2       ; inst8   ; FF2          ; inst6       ; 1.000        ; 0.819      ; 2.600      ;
; -0.384 ; FF1       ; inst8   ; FF1          ; inst6       ; 1.000        ; 0.819      ; 2.398      ;
; -0.284 ; FF3       ; inst8   ; FF3          ; inst6       ; 0.500        ; 0.819      ; 1.798      ;
; -0.141 ; FF0       ; inst8   ; FF0          ; inst6       ; 1.000        ; 0.819      ; 2.155      ;
; 0.033  ; inst6     ; inst8   ; inst6        ; inst6       ; 0.500        ; 0.819      ; 1.481      ;
; 0.186  ; FF3       ; inst8   ; FF3          ; inst6       ; 1.000        ; 0.819      ; 1.828      ;
; 0.492  ; inst6     ; inst8   ; inst6        ; inst6       ; 1.000        ; 0.819      ; 1.522      ;
+--------+-----------+---------+--------------+-------------+--------------+------------+------------+


+----------------------------------------------------------------------------------------------------+
; Slow 1200mV 0C Model Recovery: 'FF1'                                                               ;
+--------+-----------+---------+--------------+-------------+--------------+------------+------------+
; Slack  ; From Node ; To Node ; Launch Clock ; Latch Clock ; Relationship ; Clock Skew ; Data Delay ;
+--------+-----------+---------+--------------+-------------+--------------+------------+------------+
; -1.082 ; inst8     ; FF2     ; inst6        ; FF1         ; 1.000        ; -0.016     ; 2.081      ;
; -1.033 ; FF2       ; FF2     ; FF2          ; FF1         ; 0.500        ; 0.853      ; 2.581      ;
; -0.806 ; FF1       ; FF2     ; FF1          ; FF1         ; 0.500        ; 0.853      ; 2.354      ;
; -0.597 ; FF0       ; FF2     ; FF0          ; FF1         ; 0.500        ; 0.853      ; 2.145      ;
; -0.591 ; FF2       ; FF2     ; FF2          ; FF1         ; 1.000        ; 0.853      ; 2.639      ;
; -0.389 ; FF1       ; FF2     ; FF1          ; FF1         ; 1.000        ; 0.853      ; 2.437      ;
; -0.267 ; FF3       ; FF2     ; FF3          ; FF1         ; 0.500        ; 0.853      ; 1.815      ;
; -0.124 ; FF0       ; FF2     ; FF0          ; FF1         ; 1.000        ; 0.853      ; 2.172      ;
; 0.050  ; inst6     ; FF2     ; inst6        ; FF1         ; 0.500        ; 0.853      ; 1.498      ;
; 0.181  ; FF3       ; FF2     ; FF3          ; FF1         ; 1.000        ; 0.853      ; 1.867      ;
; 0.487  ; inst6     ; FF2     ; inst6        ; FF1         ; 1.000        ; 0.853      ; 1.561      ;
+--------+-----------+---------+--------------+-------------+--------------+------------+------------+


+----------------------------------------------------------------------------------------------------+
; Slow 1200mV 0C Model Recovery: 'FF3'                                                               ;
+--------+-----------+---------+--------------+-------------+--------------+------------+------------+
; Slack  ; From Node ; To Node ; Launch Clock ; Latch Clock ; Relationship ; Clock Skew ; Data Delay ;
+--------+-----------+---------+--------------+-------------+--------------+------------+------------+
; -0.977 ; inst8     ; inst6   ; inst6        ; FF3         ; 1.000        ; -0.052     ; 1.940      ;
; -0.928 ; FF2       ; inst6   ; FF2          ; FF3         ; 0.500        ; 0.817      ; 2.440      ;
; -0.701 ; FF1       ; inst6   ; FF1          ; FF3         ; 0.500        ; 0.817      ; 2.213      ;
; -0.509 ; FF0       ; inst6   ; FF0          ; FF3         ; 0.500        ; 0.817      ; 2.021      ;
; -0.503 ; FF2       ; inst6   ; FF2          ; FF3         ; 1.000        ; 0.817      ; 2.515      ;
; -0.301 ; FF1       ; inst6   ; FF1          ; FF3         ; 1.000        ; 0.817      ; 2.313      ;
; -0.162 ; FF3       ; inst6   ; FF3          ; FF3         ; 0.500        ; 0.817      ; 1.674      ;
; -0.019 ; FF0       ; inst6   ; FF0          ; FF3         ; 1.000        ; 0.817      ; 2.031      ;
; 0.155  ; inst6     ; inst6   ; inst6        ; FF3         ; 0.500        ; 0.817      ; 1.357      ;
; 0.269  ; FF3       ; inst6   ; FF3          ; FF3         ; 1.000        ; 0.817      ; 1.743      ;
; 0.575  ; inst6     ; inst6   ; inst6        ; FF3         ; 1.000        ; 0.817      ; 1.437      ;
+--------+-----------+---------+--------------+-------------+--------------+------------+------------+


+----------------------------------------------------------------------------------------------------+
; Slow 1200mV 0C Model Recovery: 'FF0'                                                               ;
+--------+-----------+---------+--------------+-------------+--------------+------------+------------+
; Slack  ; From Node ; To Node ; Launch Clock ; Latch Clock ; Relationship ; Clock Skew ; Data Delay ;
+--------+-----------+---------+--------------+-------------+--------------+------------+------------+
; -0.533 ; inst8     ; FF1     ; inst6        ; FF0         ; 1.000        ; 0.392      ; 1.940      ;
; -0.484 ; FF2       ; FF1     ; FF2          ; FF0         ; 0.500        ; 1.261      ; 2.440      ;
; -0.257 ; FF1       ; FF1     ; FF1          ; FF0         ; 0.500        ; 1.261      ; 2.213      ;
; -0.065 ; FF0       ; FF1     ; FF0          ; FF0         ; 0.500        ; 1.261      ; 2.021      ;
; -0.059 ; FF2       ; FF1     ; FF2          ; FF0         ; 1.000        ; 1.261      ; 2.515      ;
; 0.143  ; FF1       ; FF1     ; FF1          ; FF0         ; 1.000        ; 1.261      ; 2.313      ;
; 0.282  ; FF3       ; FF1     ; FF3          ; FF0         ; 0.500        ; 1.261      ; 1.674      ;
; 0.425  ; FF0       ; FF1     ; FF0          ; FF0         ; 1.000        ; 1.261      ; 2.031      ;
; 0.599  ; inst6     ; FF1     ; inst6        ; FF0         ; 0.500        ; 1.261      ; 1.357      ;
; 0.713  ; FF3       ; FF1     ; FF3          ; FF0         ; 1.000        ; 1.261      ; 1.743      ;
; 1.019  ; inst6     ; FF1     ; inst6        ; FF0         ; 1.000        ; 1.261      ; 1.437      ;
+--------+-----------+---------+--------------+-------------+--------------+------------+------------+


+----------------------------------------------------------------------------------------------------+
; Slow 1200mV 0C Model Recovery: 'CLK'                                                               ;
+--------+-----------+---------+--------------+-------------+--------------+------------+------------+
; Slack  ; From Node ; To Node ; Launch Clock ; Latch Clock ; Relationship ; Clock Skew ; Data Delay ;
+--------+-----------+---------+--------------+-------------+--------------+------------+------------+
; -0.398 ; inst8     ; FF0     ; inst6        ; CLK         ; 0.500        ; 1.171      ; 2.064      ;
; 0.115  ; FF2       ; FF0     ; FF2          ; CLK         ; 0.500        ; 2.040      ; 2.600      ;
; 0.317  ; FF1       ; FF0     ; FF1          ; CLK         ; 0.500        ; 2.040      ; 2.398      ;
; 0.560  ; FF0       ; FF0     ; FF0          ; CLK         ; 0.500        ; 2.040      ; 2.155      ;
; 0.651  ; FF2       ; FF0     ; FF2          ; CLK         ; 1.000        ; 2.040      ; 2.564      ;
; 0.878  ; FF1       ; FF0     ; FF1          ; CLK         ; 1.000        ; 2.040      ; 2.337      ;
; 0.887  ; FF3       ; FF0     ; FF3          ; CLK         ; 0.500        ; 2.040      ; 1.828      ;
; 1.109  ; FF0       ; FF0     ; FF0          ; CLK         ; 1.000        ; 2.040      ; 2.106      ;
; 1.193  ; inst6     ; FF0     ; inst6        ; CLK         ; 0.500        ; 2.040      ; 1.522      ;
; 1.417  ; FF3       ; FF0     ; FF3          ; CLK         ; 1.000        ; 2.040      ; 1.798      ;
; 1.734  ; inst6     ; FF0     ; inst6        ; CLK         ; 1.000        ; 2.040      ; 1.481      ;
+--------+-----------+---------+--------------+-------------+--------------+------------+------------+


+----------------------------------------------------------------------------------------------------+
; Slow 1200mV 0C Model Removal: 'CLK'                                                                ;
+--------+-----------+---------+--------------+-------------+--------------+------------+------------+
; Slack  ; From Node ; To Node ; Launch Clock ; Latch Clock ; Relationship ; Clock Skew ; Data Delay ;
+--------+-----------+---------+--------------+-------------+--------------+------------+------------+
; -1.042 ; inst6     ; FF0     ; inst6        ; CLK         ; 0.000        ; 2.120      ; 1.422      ;
; -0.749 ; FF3       ; FF0     ; FF3          ; CLK         ; 0.000        ; 2.120      ; 1.715      ;
; -0.506 ; inst6     ; FF0     ; inst6        ; CLK         ; -0.500       ; 2.120      ; 1.458      ;
; -0.448 ; FF0       ; FF0     ; FF0          ; CLK         ; 0.000        ; 2.120      ; 2.016      ;
; -0.234 ; FF3       ; FF0     ; FF3          ; CLK         ; -0.500       ; 2.120      ; 1.730      ;
; -0.219 ; FF1       ; FF0     ; FF1          ; CLK         ; 0.000        ; 2.120      ; 2.245      ;
; -0.003 ; FF2       ; FF0     ; FF2          ; CLK         ; 0.000        ; 2.120      ; 2.461      ;
; 0.105  ; FF0       ; FF0     ; FF0          ; CLK         ; -0.500       ; 2.120      ; 2.069      ;
; 0.334  ; FF1       ; FF0     ; FF1          ; CLK         ; -0.500       ; 2.120      ; 2.298      ;
; 0.528  ; FF2       ; FF0     ; FF2          ; CLK         ; -0.500       ; 2.120      ; 2.492      ;
; 0.952  ; inst8     ; FF0     ; inst6        ; CLK         ; -0.500       ; 1.301      ; 1.917      ;
+--------+-----------+---------+--------------+-------------+--------------+------------+------------+


+----------------------------------------------------------------------------------------------------+
; Slow 1200mV 0C Model Removal: 'FF0'                                                                ;
+--------+-----------+---------+--------------+-------------+--------------+------------+------------+
; Slack  ; From Node ; To Node ; Launch Clock ; Latch Clock ; Relationship ; Clock Skew ; Data Delay ;
+--------+-----------+---------+--------------+-------------+--------------+------------+------------+
; -0.277 ; inst6     ; FF1     ; inst6        ; FF0         ; 0.000        ; 1.330      ; 1.377      ;
; -0.005 ; FF3       ; FF1     ; FF3          ; FF0         ; 0.000        ; 1.330      ; 1.649      ;
; 0.149  ; inst6     ; FF1     ; inst6        ; FF0         ; -0.500       ; 1.330      ; 1.303      ;
; 0.296  ; FF0       ; FF1     ; FF0          ; FF0         ; 0.000        ; 1.330      ; 1.950      ;
; 0.442  ; FF3       ; FF1     ; FF3          ; FF0         ; -0.500       ; 1.330      ; 1.596      ;
; 0.563  ; FF1       ; FF1     ; FF1          ; FF0         ; 0.000        ; 1.330      ; 2.217      ;
; 0.757  ; FF2       ; FF1     ; FF2          ; FF0         ; 0.000        ; 1.330      ; 2.411      ;
; 0.781  ; FF0       ; FF1     ; FF0          ; FF0         ; -0.500       ; 1.330      ; 1.935      ;
; 0.972  ; FF1       ; FF1     ; FF1          ; FF0         ; -0.500       ; 1.330      ; 2.126      ;
; 1.181  ; inst8     ; FF1     ; inst6        ; FF0         ; 0.000        ; 0.511      ; 1.836      ;
; 1.188  ; FF2       ; FF1     ; FF2          ; FF0         ; -0.500       ; 1.330      ; 2.342      ;
+--------+-----------+---------+--------------+-------------+--------------+------------+------------+


+---------------------------------------------------------------------------------------------------+
; Slow 1200mV 0C Model Removal: 'FF3'                                                               ;
+-------+-----------+---------+--------------+-------------+--------------+------------+------------+
; Slack ; From Node ; To Node ; Launch Clock ; Latch Clock ; Relationship ; Clock Skew ; Data Delay ;
+-------+-----------+---------+--------------+-------------+--------------+------------+------------+
; 0.186 ; inst6     ; inst6   ; inst6        ; FF3         ; 0.000        ; 0.867      ; 1.377      ;
; 0.458 ; FF3       ; inst6   ; FF3          ; FF3         ; 0.000        ; 0.867      ; 1.649      ;
; 0.612 ; inst6     ; inst6   ; inst6        ; FF3         ; -0.500       ; 0.867      ; 1.303      ;
; 0.759 ; FF0       ; inst6   ; FF0          ; FF3         ; 0.000        ; 0.867      ; 1.950      ;
; 0.905 ; FF3       ; inst6   ; FF3          ; FF3         ; -0.500       ; 0.867      ; 1.596      ;
; 1.026 ; FF1       ; inst6   ; FF1          ; FF3         ; 0.000        ; 0.867      ; 2.217      ;
; 1.220 ; FF2       ; inst6   ; FF2          ; FF3         ; 0.000        ; 0.867      ; 2.411      ;
; 1.244 ; FF0       ; inst6   ; FF0          ; FF3         ; -0.500       ; 0.867      ; 1.935      ;
; 1.435 ; FF1       ; inst6   ; FF1          ; FF3         ; -0.500       ; 0.867      ; 2.126      ;
; 1.644 ; inst8     ; inst6   ; inst6        ; FF3         ; 0.000        ; 0.048      ; 1.836      ;
; 1.651 ; FF2       ; inst6   ; FF2          ; FF3         ; -0.500       ; 0.867      ; 2.342      ;
+-------+-----------+---------+--------------+-------------+--------------+------------+------------+


+---------------------------------------------------------------------------------------------------+
; Slow 1200mV 0C Model Removal: 'inst6'                                                             ;
+-------+-----------+---------+--------------+-------------+--------------+------------+------------+
; Slack ; From Node ; To Node ; Launch Clock ; Latch Clock ; Relationship ; Clock Skew ; Data Delay ;
+-------+-----------+---------+--------------+-------------+--------------+------------+------------+
; 0.265 ; inst6     ; inst8   ; inst6        ; inst6       ; 0.000        ; 0.869      ; 1.458      ;
; 0.537 ; FF3       ; inst8   ; FF3          ; inst6       ; 0.000        ; 0.869      ; 1.730      ;
; 0.729 ; inst6     ; inst8   ; inst6        ; inst6       ; -0.500       ; 0.869      ; 1.422      ;
; 0.876 ; FF0       ; inst8   ; FF0          ; inst6       ; 0.000        ; 0.869      ; 2.069      ;
; 1.022 ; FF3       ; inst8   ; FF3          ; inst6       ; -0.500       ; 0.869      ; 1.715      ;
; 1.105 ; FF1       ; inst8   ; FF1          ; inst6       ; 0.000        ; 0.869      ; 2.298      ;
; 1.299 ; FF2       ; inst8   ; FF2          ; inst6       ; 0.000        ; 0.869      ; 2.492      ;
; 1.323 ; FF0       ; inst8   ; FF0          ; inst6       ; -0.500       ; 0.869      ; 2.016      ;
; 1.552 ; FF1       ; inst8   ; FF1          ; inst6       ; -0.500       ; 0.869      ; 2.245      ;
; 1.739 ; inst8     ; inst8   ; inst6        ; inst6       ; 0.000        ; 0.034      ; 1.917      ;
; 1.768 ; FF2       ; inst8   ; FF2          ; inst6       ; -0.500       ; 0.869      ; 2.461      ;
+-------+-----------+---------+--------------+-------------+--------------+------------+------------+


+---------------------------------------------------------------------------------------------------+
; Slow 1200mV 0C Model Removal: 'FF1'                                                               ;
+-------+-----------+---------+--------------+-------------+--------------+------------+------------+
; Slack ; From Node ; To Node ; Launch Clock ; Latch Clock ; Relationship ; Clock Skew ; Data Delay ;
+-------+-----------+---------+--------------+-------------+--------------+------------+------------+
; 0.267 ; inst6     ; FF2     ; inst6        ; FF1         ; 0.000        ; 0.905      ; 1.496      ;
; 0.539 ; FF3       ; FF2     ; FF3          ; FF1         ; 0.000        ; 0.905      ; 1.768      ;
; 0.710 ; inst6     ; FF2     ; inst6        ; FF1         ; -0.500       ; 0.905      ; 1.439      ;
; 0.857 ; FF0       ; FF2     ; FF0          ; FF1         ; 0.000        ; 0.905      ; 2.086      ;
; 1.003 ; FF3       ; FF2     ; FF3          ; FF1         ; -0.500       ; 0.905      ; 1.732      ;
; 1.107 ; FF1       ; FF2     ; FF1          ; FF1         ; 0.000        ; 0.905      ; 2.336      ;
; 1.301 ; FF2       ; FF2     ; FF2          ; FF1         ; 0.000        ; 0.905      ; 2.530      ;
; 1.325 ; FF0       ; FF2     ; FF0          ; FF1         ; -0.500       ; 0.905      ; 2.054      ;
; 1.533 ; FF1       ; FF2     ; FF1          ; FF1         ; -0.500       ; 0.905      ; 2.262      ;
; 1.725 ; inst8     ; FF2     ; inst6        ; FF1         ; 0.000        ; 0.086      ; 1.955      ;
; 1.749 ; FF2       ; FF2     ; FF2          ; FF1         ; -0.500       ; 0.905      ; 2.478      ;
+-------+-----------+---------+--------------+-------------+--------------+------------+------------+


+---------------------------------------------------------------------------------------------------+
; Slow 1200mV 0C Model Removal: 'FF2'                                                               ;
+-------+-----------+---------+--------------+-------------+--------------+------------+------------+
; Slack ; From Node ; To Node ; Launch Clock ; Latch Clock ; Relationship ; Clock Skew ; Data Delay ;
+-------+-----------+---------+--------------+-------------+--------------+------------+------------+
; 0.418 ; inst6     ; FF3     ; inst6        ; FF2         ; 0.000        ; 0.754      ; 1.496      ;
; 0.690 ; FF3       ; FF3     ; FF3          ; FF2         ; 0.000        ; 0.754      ; 1.768      ;
; 0.861 ; inst6     ; FF3     ; inst6        ; FF2         ; -0.500       ; 0.754      ; 1.439      ;
; 1.008 ; FF0       ; FF3     ; FF0          ; FF2         ; 0.000        ; 0.754      ; 2.086      ;
; 1.154 ; FF3       ; FF3     ; FF3          ; FF2         ; -0.500       ; 0.754      ; 1.732      ;
; 1.258 ; FF1       ; FF3     ; FF1          ; FF2         ; 0.000        ; 0.754      ; 2.336      ;
; 1.452 ; FF2       ; FF3     ; FF2          ; FF2         ; 0.000        ; 0.754      ; 2.530      ;
; 1.476 ; FF0       ; FF3     ; FF0          ; FF2         ; -0.500       ; 0.754      ; 2.054      ;
; 1.684 ; FF1       ; FF3     ; FF1          ; FF2         ; -0.500       ; 0.754      ; 2.262      ;
; 1.876 ; inst8     ; FF3     ; inst6        ; FF2         ; 0.000        ; -0.065     ; 1.955      ;
; 1.900 ; FF2       ; FF3     ; FF2          ; FF2         ; -0.500       ; 0.754      ; 2.478      ;
+-------+-----------+---------+--------------+-------------+--------------+------------+------------+


+------------------------------------------------------------------------------------------------------------+
; Slow 1200mV 0C Model Minimum Pulse Width: 'CLK'                                                            ;
+--------+--------------+----------------+------------------+-------+------------+---------------------------+
; Slack  ; Actual Width ; Required Width ; Type             ; Clock ; Clock Edge ; Target                    ;
+--------+--------------+----------------+------------------+-------+------------+---------------------------+
; -3.000 ; 1.000        ; 4.000          ; Port Rate        ; CLK   ; Rise       ; CLK                       ;
; -1.000 ; 1.000        ; 2.000          ; Min Period       ; CLK   ; Rise       ; D0                        ;
; -1.000 ; 1.000        ; 2.000          ; Min Period       ; CLK   ; Rise       ; D1                        ;
; -1.000 ; 1.000        ; 2.000          ; Min Period       ; CLK   ; Rise       ; D2                        ;
; -1.000 ; 1.000        ; 2.000          ; Min Period       ; CLK   ; Rise       ; FF0                       ;
; 0.218  ; 0.402        ; 0.184          ; Low Pulse Width  ; CLK   ; Rise       ; D0                        ;
; 0.218  ; 0.402        ; 0.184          ; Low Pulse Width  ; CLK   ; Rise       ; D1                        ;
; 0.218  ; 0.402        ; 0.184          ; Low Pulse Width  ; CLK   ; Rise       ; D2                        ;
; 0.218  ; 0.402        ; 0.184          ; Low Pulse Width  ; CLK   ; Rise       ; FF0                       ;
; 0.344  ; 0.344        ; 0.000          ; Low Pulse Width  ; CLK   ; Rise       ; CLK~input|o               ;
; 0.346  ; 0.346        ; 0.000          ; Low Pulse Width  ; CLK   ; Rise       ; CLK~inputclkctrl|inclk[0] ;
; 0.346  ; 0.346        ; 0.000          ; Low Pulse Width  ; CLK   ; Rise       ; CLK~inputclkctrl|outclk   ;
; 0.378  ; 0.378        ; 0.000          ; Low Pulse Width  ; CLK   ; Rise       ; D0|clk                    ;
; 0.378  ; 0.378        ; 0.000          ; Low Pulse Width  ; CLK   ; Rise       ; D1|clk                    ;
; 0.378  ; 0.378        ; 0.000          ; Low Pulse Width  ; CLK   ; Rise       ; D2|clk                    ;
; 0.378  ; 0.378        ; 0.000          ; Low Pulse Width  ; CLK   ; Rise       ; FF0|clk                   ;
; 0.380  ; 0.596        ; 0.216          ; High Pulse Width ; CLK   ; Rise       ; D0                        ;
; 0.380  ; 0.596        ; 0.216          ; High Pulse Width ; CLK   ; Rise       ; D1                        ;
; 0.380  ; 0.596        ; 0.216          ; High Pulse Width ; CLK   ; Rise       ; D2                        ;
; 0.380  ; 0.596        ; 0.216          ; High Pulse Width ; CLK   ; Rise       ; FF0                       ;
; 0.500  ; 0.500        ; 0.000          ; High Pulse Width ; CLK   ; Rise       ; CLK~input|i               ;
; 0.500  ; 0.500        ; 0.000          ; Low Pulse Width  ; CLK   ; Rise       ; CLK~input|i               ;
; 0.620  ; 0.620        ; 0.000          ; High Pulse Width ; CLK   ; Rise       ; D0|clk                    ;
; 0.620  ; 0.620        ; 0.000          ; High Pulse Width ; CLK   ; Rise       ; D1|clk                    ;
; 0.620  ; 0.620        ; 0.000          ; High Pulse Width ; CLK   ; Rise       ; D2|clk                    ;
; 0.620  ; 0.620        ; 0.000          ; High Pulse Width ; CLK   ; Rise       ; FF0|clk                   ;
; 0.654  ; 0.654        ; 0.000          ; High Pulse Width ; CLK   ; Rise       ; CLK~inputclkctrl|inclk[0] ;
; 0.654  ; 0.654        ; 0.000          ; High Pulse Width ; CLK   ; Rise       ; CLK~inputclkctrl|outclk   ;
; 0.656  ; 0.656        ; 0.000          ; High Pulse Width ; CLK   ; Rise       ; CLK~input|o               ;
+--------+--------------+----------------+------------------+-------+------------+---------------------------+


+------------------------------------------------------------------------------------------+
; Slow 1200mV 0C Model Minimum Pulse Width: 'FF0'                                          ;
+--------+--------------+----------------+------------------+-------+------------+---------+
; Slack  ; Actual Width ; Required Width ; Type             ; Clock ; Clock Edge ; Target  ;
+--------+--------------+----------------+------------------+-------+------------+---------+
; -1.000 ; 1.000        ; 2.000          ; Min Period       ; FF0   ; Fall       ; FF1     ;
; 0.280  ; 0.496        ; 0.216          ; High Pulse Width ; FF0   ; Fall       ; FF1     ;
; 0.320  ; 0.504        ; 0.184          ; Low Pulse Width  ; FF0   ; Fall       ; FF1     ;
; 0.481  ; 0.481        ; 0.000          ; Low Pulse Width  ; FF0   ; Rise       ; FF1|clk ;
; 0.500  ; 0.500        ; 0.000          ; High Pulse Width ; FF0   ; Rise       ; FF0|q   ;
; 0.500  ; 0.500        ; 0.000          ; Low Pulse Width  ; FF0   ; Rise       ; FF0|q   ;
; 0.518  ; 0.518        ; 0.000          ; High Pulse Width ; FF0   ; Rise       ; FF1|clk ;
+--------+--------------+----------------+------------------+-------+------------+---------+


+------------------------------------------------------------------------------------------+
; Slow 1200mV 0C Model Minimum Pulse Width: 'FF1'                                          ;
+--------+--------------+----------------+------------------+-------+------------+---------+
; Slack  ; Actual Width ; Required Width ; Type             ; Clock ; Clock Edge ; Target  ;
+--------+--------------+----------------+------------------+-------+------------+---------+
; -1.000 ; 1.000        ; 2.000          ; Min Period       ; FF1   ; Fall       ; FF2     ;
; 0.254  ; 0.470        ; 0.216          ; High Pulse Width ; FF1   ; Fall       ; FF2     ;
; 0.345  ; 0.529        ; 0.184          ; Low Pulse Width  ; FF1   ; Fall       ; FF2     ;
; 0.455  ; 0.455        ; 0.000          ; Low Pulse Width  ; FF1   ; Rise       ; FF2|clk ;
; 0.500  ; 0.500        ; 0.000          ; High Pulse Width ; FF1   ; Rise       ; FF1|q   ;
; 0.500  ; 0.500        ; 0.000          ; Low Pulse Width  ; FF1   ; Rise       ; FF1|q   ;
; 0.543  ; 0.543        ; 0.000          ; High Pulse Width ; FF1   ; Rise       ; FF2|clk ;
+--------+--------------+----------------+------------------+-------+------------+---------+


+------------------------------------------------------------------------------------------+
; Slow 1200mV 0C Model Minimum Pulse Width: 'FF2'                                          ;
+--------+--------------+----------------+------------------+-------+------------+---------+
; Slack  ; Actual Width ; Required Width ; Type             ; Clock ; Clock Edge ; Target  ;
+--------+--------------+----------------+------------------+-------+------------+---------+
; -1.000 ; 1.000        ; 2.000          ; Min Period       ; FF2   ; Fall       ; FF3     ;
; 0.250  ; 0.466        ; 0.216          ; High Pulse Width ; FF2   ; Fall       ; FF3     ;
; 0.350  ; 0.534        ; 0.184          ; Low Pulse Width  ; FF2   ; Fall       ; FF3     ;
; 0.451  ; 0.451        ; 0.000          ; Low Pulse Width  ; FF2   ; Rise       ; FF3|clk ;
; 0.500  ; 0.500        ; 0.000          ; High Pulse Width ; FF2   ; Rise       ; FF2|q   ;
; 0.500  ; 0.500        ; 0.000          ; Low Pulse Width  ; FF2   ; Rise       ; FF2|q   ;
; 0.548  ; 0.548        ; 0.000          ; High Pulse Width ; FF2   ; Rise       ; FF3|clk ;
+--------+--------------+----------------+------------------+-------+------------+---------+


+--------------------------------------------------------------------------------------------+
; Slow 1200mV 0C Model Minimum Pulse Width: 'FF3'                                            ;
+--------+--------------+----------------+------------------+-------+------------+-----------+
; Slack  ; Actual Width ; Required Width ; Type             ; Clock ; Clock Edge ; Target    ;
+--------+--------------+----------------+------------------+-------+------------+-----------+
; -1.000 ; 1.000        ; 2.000          ; Min Period       ; FF3   ; Fall       ; inst6     ;
; 0.273  ; 0.489        ; 0.216          ; High Pulse Width ; FF3   ; Fall       ; inst6     ;
; 0.327  ; 0.511        ; 0.184          ; Low Pulse Width  ; FF3   ; Fall       ; inst6     ;
; 0.474  ; 0.474        ; 0.000          ; Low Pulse Width  ; FF3   ; Rise       ; inst6|clk ;
; 0.500  ; 0.500        ; 0.000          ; High Pulse Width ; FF3   ; Rise       ; FF3|q     ;
; 0.500  ; 0.500        ; 0.000          ; Low Pulse Width  ; FF3   ; Rise       ; FF3|q     ;
; 0.525  ; 0.525        ; 0.000          ; High Pulse Width ; FF3   ; Rise       ; inst6|clk ;
+--------+--------------+----------------+------------------+-------+------------+-----------+


+--------------------------------------------------------------------------------------------+
; Slow 1200mV 0C Model Minimum Pulse Width: 'inst6'                                          ;
+--------+--------------+----------------+------------------+-------+------------+-----------+
; Slack  ; Actual Width ; Required Width ; Type             ; Clock ; Clock Edge ; Target    ;
+--------+--------------+----------------+------------------+-------+------------+-----------+
; -1.000 ; 1.000        ; 2.000          ; Min Period       ; inst6 ; Fall       ; inst8     ;
; 0.276  ; 0.492        ; 0.216          ; High Pulse Width ; inst6 ; Fall       ; inst8     ;
; 0.324  ; 0.508        ; 0.184          ; Low Pulse Width  ; inst6 ; Fall       ; inst8     ;
; 0.477  ; 0.477        ; 0.000          ; Low Pulse Width  ; inst6 ; Rise       ; inst8|clk ;
; 0.500  ; 0.500        ; 0.000          ; High Pulse Width ; inst6 ; Rise       ; inst6|q   ;
; 0.500  ; 0.500        ; 0.000          ; Low Pulse Width  ; inst6 ; Rise       ; inst6|q   ;
; 0.522  ; 0.522        ; 0.000          ; High Pulse Width ; inst6 ; Rise       ; inst8|clk ;
+--------+--------------+----------------+------------------+-------+------------+-----------+


+-----------------------------------------------------------------------+
; Clock to Output Times                                                 ;
+-----------+------------+-------+-------+------------+-----------------+
; Data Port ; Clock Port ; Rise  ; Fall  ; Clock Edge ; Clock Reference ;
+-----------+------------+-------+-------+------------+-----------------+
; B0        ; CLK        ; 6.500 ; 6.351 ; Rise       ; CLK             ;
; B1        ; CLK        ; 7.014 ; 6.903 ; Rise       ; CLK             ;
; B2        ; CLK        ; 6.761 ; 6.690 ; Rise       ; CLK             ;
; B3        ; CLK        ; 6.427 ; 6.308 ; Rise       ; CLK             ;
; B4        ; CLK        ; 6.481 ; 6.516 ; Rise       ; CLK             ;
; B5        ; CLK        ; 5.347 ; 5.237 ; Rise       ; CLK             ;
; B6        ; CLK        ; 6.370 ; 6.246 ; Rise       ; CLK             ;
; B7        ; CLK        ; 6.343 ; 6.213 ; Rise       ; CLK             ;
; B8        ; CLK        ; 6.404 ; 6.321 ; Rise       ; CLK             ;
; CLEAR     ; FF0        ; 4.818 ;       ; Rise       ; FF0             ;
; SB0       ; FF0        ; 2.882 ;       ; Rise       ; FF0             ;
; salida    ; FF0        ;       ; 5.648 ; Rise       ; FF0             ;
; salida5   ; FF0        ;       ; 4.771 ; Rise       ; FF0             ;
; salida30  ; FF0        ;       ; 4.575 ; Rise       ; FF0             ;
; CLEAR     ; FF0        ;       ; 4.957 ; Fall       ; FF0             ;
; SB0       ; FF0        ;       ; 2.786 ; Fall       ; FF0             ;
; salida    ; FF0        ; 5.744 ;       ; Fall       ; FF0             ;
; salida5   ; FF0        ; 4.941 ;       ; Fall       ; FF0             ;
; salida30  ; FF0        ; 4.719 ;       ; Fall       ; FF0             ;
; CLEAR     ; FF1        ;       ; 5.139 ; Rise       ; FF1             ;
; SB1       ; FF1        ; 3.256 ;       ; Rise       ; FF1             ;
; salida    ; FF1        ; 5.287 ; 5.573 ; Rise       ; FF1             ;
; salida5   ; FF1        ;       ; 4.772 ; Rise       ; FF1             ;
; salida30  ; FF1        ; 4.901 ;       ; Rise       ; FF1             ;
; CLEAR     ; FF1        ; 5.110 ;       ; Fall       ; FF1             ;
; SB1       ; FF1        ;       ; 3.199 ; Fall       ; FF1             ;
; salida    ; FF1        ; 5.680 ; 5.238 ; Fall       ; FF1             ;
; salida5   ; FF1        ; 4.922 ;       ; Fall       ; FF1             ;
; salida30  ; FF1        ;       ; 4.867 ; Fall       ; FF1             ;
; CLEAR     ; FF2        ;       ; 5.366 ; Rise       ; FF2             ;
; SB2       ; FF2        ; 3.795 ;       ; Rise       ; FF2             ;
; salida    ; FF2        ; 5.651 ;       ; Rise       ; FF2             ;
; salida5   ; FF2        ; 4.942 ;       ; Rise       ; FF2             ;
; salida30  ; FF2        ; 5.128 ;       ; Rise       ; FF2             ;
; CLEAR     ; FF2        ; 5.312 ;       ; Fall       ; FF2             ;
; SB2       ; FF2        ;       ; 3.685 ; Fall       ; FF2             ;
; salida    ; FF2        ;       ; 5.567 ; Fall       ; FF2             ;
; salida5   ; FF2        ;       ; 4.815 ; Fall       ; FF2             ;
; salida30  ; FF2        ;       ; 5.069 ; Fall       ; FF2             ;
; CLEAR     ; FF3        ;       ; 4.600 ; Rise       ; FF3             ;
; SB3       ; FF3        ; 2.773 ;       ; Rise       ; FF3             ;
; salida    ; FF3        ; 4.668 ; 4.571 ; Rise       ; FF3             ;
; salida5   ; FF3        ;       ; 4.705 ; Rise       ; FF3             ;
; salida30  ; FF3        ; 4.362 ;       ; Rise       ; FF3             ;
; CLEAR     ; FF3        ; 4.540 ;       ; Fall       ; FF3             ;
; SB3       ; FF3        ;       ; 2.718 ; Fall       ; FF3             ;
; salida    ; FF3        ; 4.697 ; 4.629 ; Fall       ; FF3             ;
; salida5   ; FF3        ; 4.897 ;       ; Fall       ; FF3             ;
; salida30  ; FF3        ;       ; 4.297 ; Fall       ; FF3             ;
; CLEAR     ; inst6      ;       ; 4.283 ; Rise       ; inst6           ;
; SB4       ; inst6      ; 4.104 ;       ; Rise       ; inst6           ;
; salida    ; inst6      ; 5.875 ; 5.773 ; Rise       ; inst6           ;
; salida5   ; inst6      ;       ; 4.869 ; Rise       ; inst6           ;
; salida30  ; inst6      ; 4.045 ;       ; Rise       ; inst6           ;
; CLEAR     ; inst6      ; 5.763 ; 5.915 ; Fall       ; inst6           ;
; SB4       ; inst6      ;       ; 4.079 ; Fall       ; inst6           ;
; SB5       ; inst6      ; 5.870 ; 5.895 ; Fall       ; inst6           ;
; salida    ; inst6      ; 6.063 ; 5.891 ; Fall       ; inst6           ;
; salida5   ; inst6      ; 5.033 ; 4.507 ; Fall       ; inst6           ;
; salida30  ; inst6      ; 5.677 ; 5.520 ; Fall       ; inst6           ;
+-----------+------------+-------+-------+------------+-----------------+


+-----------------------------------------------------------------------+
; Minimum Clock to Output Times                                         ;
+-----------+------------+-------+-------+------------+-----------------+
; Data Port ; Clock Port ; Rise  ; Fall  ; Clock Edge ; Clock Reference ;
+-----------+------------+-------+-------+------------+-----------------+
; B0        ; CLK        ; 6.005 ; 5.876 ; Rise       ; CLK             ;
; B1        ; CLK        ; 6.470 ; 6.303 ; Rise       ; CLK             ;
; B2        ; CLK        ; 6.528 ; 6.457 ; Rise       ; CLK             ;
; B3        ; CLK        ; 5.510 ; 5.449 ; Rise       ; CLK             ;
; B4        ; CLK        ; 6.139 ; 6.172 ; Rise       ; CLK             ;
; B5        ; CLK        ; 5.175 ; 5.065 ; Rise       ; CLK             ;
; B6        ; CLK        ; 5.965 ; 5.803 ; Rise       ; CLK             ;
; B7        ; CLK        ; 5.944 ; 5.780 ; Rise       ; CLK             ;
; B8        ; CLK        ; 6.112 ; 6.030 ; Rise       ; CLK             ;
; CLEAR     ; FF0        ; 4.649 ;       ; Rise       ; FF0             ;
; SB0       ; FF0        ; 2.798 ;       ; Rise       ; FF0             ;
; salida    ; FF0        ;       ; 4.769 ; Rise       ; FF0             ;
; salida5   ; FF0        ;       ; 4.602 ; Rise       ; FF0             ;
; salida30  ; FF0        ;       ; 4.417 ; Rise       ; FF0             ;
; CLEAR     ; FF0        ;       ; 4.788 ; Fall       ; FF0             ;
; SB0       ; FF0        ;       ; 2.701 ; Fall       ; FF0             ;
; salida    ; FF0        ; 4.925 ;       ; Fall       ; FF0             ;
; salida5   ; FF0        ; 4.768 ;       ; Fall       ; FF0             ;
; salida30  ; FF0        ; 4.560 ;       ; Fall       ; FF0             ;
; CLEAR     ; FF1        ;       ; 4.964 ; Rise       ; FF1             ;
; SB1       ; FF1        ; 3.151 ;       ; Rise       ; FF1             ;
; salida    ; FF1        ; 5.101 ; 5.404 ; Rise       ; FF1             ;
; salida5   ; FF1        ;       ; 4.604 ; Rise       ; FF1             ;
; salida30  ; FF1        ; 4.736 ;       ; Rise       ; FF1             ;
; CLEAR     ; FF1        ; 4.931 ;       ; Fall       ; FF1             ;
; SB1       ; FF1        ;       ; 3.093 ; Fall       ; FF1             ;
; salida    ; FF1        ; 5.509 ; 5.051 ; Fall       ; FF1             ;
; salida5   ; FF1        ; 4.750 ;       ; Fall       ; FF1             ;
; salida30  ; FF1        ;       ; 4.699 ; Fall       ; FF1             ;
; CLEAR     ; FF2        ;       ; 5.180 ; Rise       ; FF2             ;
; SB2       ; FF2        ; 3.673 ;       ; Rise       ; FF2             ;
; salida    ; FF2        ; 5.317 ;       ; Rise       ; FF2             ;
; salida5   ; FF2        ; 4.769 ;       ; Rise       ; FF2             ;
; salida30  ; FF2        ; 4.952 ;       ; Rise       ; FF2             ;
; CLEAR     ; FF2        ; 5.125 ;       ; Fall       ; FF2             ;
; SB2       ; FF2        ;       ; 3.563 ; Fall       ; FF2             ;
; salida    ; FF2        ;       ; 5.245 ; Fall       ; FF2             ;
; salida5   ; FF2        ;       ; 4.645 ; Fall       ; FF2             ;
; salida30  ; FF2        ;       ; 4.893 ; Fall       ; FF2             ;
; CLEAR     ; FF3        ;       ; 4.434 ; Rise       ; FF3             ;
; SB3       ; FF3        ; 2.688 ;       ; Rise       ; FF3             ;
; salida    ; FF3        ; 4.505 ; 4.435 ; Rise       ; FF3             ;
; salida5   ; FF3        ;       ; 4.531 ; Rise       ; FF3             ;
; salida30  ; FF3        ; 4.206 ;       ; Rise       ; FF3             ;
; CLEAR     ; FF3        ; 4.363 ;       ; Fall       ; FF3             ;
; SB3       ; FF3        ;       ; 2.633 ; Fall       ; FF3             ;
; salida    ; FF3        ; 4.544 ; 4.462 ; Fall       ; FF3             ;
; salida5   ; FF3        ; 4.699 ;       ; Fall       ; FF3             ;
; salida30  ; FF3        ;       ; 4.131 ; Fall       ; FF3             ;
; CLEAR     ; inst6      ;       ; 4.141 ; Rise       ; inst6           ;
; SB4       ; inst6      ; 3.966 ;       ; Rise       ; inst6           ;
; salida    ; inst6      ; 5.693 ; 5.595 ; Rise       ; inst6           ;
; salida5   ; inst6      ;       ; 4.697 ; Rise       ; inst6           ;
; salida30  ; inst6      ; 3.913 ;       ; Rise       ; inst6           ;
; CLEAR     ; inst6      ; 4.091 ; 5.700 ; Fall       ; inst6           ;
; SB4       ; inst6      ;       ; 3.938 ; Fall       ; inst6           ;
; SB5       ; inst6      ; 5.682 ; 5.705 ; Fall       ; inst6           ;
; salida    ; inst6      ; 5.483 ; 5.312 ; Fall       ; inst6           ;
; salida5   ; inst6      ; 4.539 ; 4.340 ; Fall       ; inst6           ;
; salida30  ; inst6      ; 5.472 ; 3.859 ; Fall       ; inst6           ;
+-----------+------------+-------+-------+------------+-----------------+


---------------------------------------------
; Slow 1200mV 0C Model Metastability Report ;
---------------------------------------------
No synchronizer chains to report.


+------------------------------------+
; Fast 1200mV 0C Model Setup Summary ;
+-------+--------+-------------------+
; Clock ; Slack  ; End Point TNS     ;
+-------+--------+-------------------+
; CLK   ; -0.008 ; -0.016            ;
; FF2   ; 0.198  ; 0.000             ;
; FF3   ; 0.297  ; 0.000             ;
; FF1   ; 0.325  ; 0.000             ;
; FF0   ; 0.609  ; 0.000             ;
; inst6 ; 0.624  ; 0.000             ;
+-------+--------+-------------------+


+-----------------------------------+
; Fast 1200mV 0C Model Hold Summary ;
+-------+--------+------------------+
; Clock ; Slack  ; End Point TNS    ;
+-------+--------+------------------+
; FF0   ; -0.309 ; -0.309           ;
; CLK   ; -0.095 ; -0.172           ;
; FF1   ; -0.020 ; -0.020           ;
; FF3   ; 0.010  ; 0.000            ;
; FF2   ; 0.084  ; 0.000            ;
; inst6 ; 0.206  ; 0.000            ;
+-------+--------+------------------+


+---------------------------------------+
; Fast 1200mV 0C Model Recovery Summary ;
+-------+--------+----------------------+
; Clock ; Slack  ; End Point TNS        ;
+-------+--------+----------------------+
; FF2   ; -0.461 ; -0.461               ;
; inst6 ; -0.379 ; -0.379               ;
; FF1   ; -0.363 ; -0.363               ;
; FF3   ; -0.316 ; -0.316               ;
; CLK   ; -0.024 ; -0.024               ;
; FF0   ; -0.016 ; -0.016               ;
+-------+--------+----------------------+


+--------------------------------------+
; Fast 1200mV 0C Model Removal Summary ;
+-------+--------+---------------------+
; Clock ; Slack  ; End Point TNS       ;
+-------+--------+---------------------+
; CLK   ; -0.697 ; -0.697              ;
; FF0   ; -0.200 ; -0.200              ;
; FF3   ; 0.112  ; 0.000               ;
; FF1   ; 0.162  ; 0.000               ;
; inst6 ; 0.167  ; 0.000               ;
; FF2   ; 0.264  ; 0.000               ;
+-------+--------+---------------------+


+--------------------------------------------------+
; Fast 1200mV 0C Model Minimum Pulse Width Summary ;
+-------+--------+---------------------------------+
; Clock ; Slack  ; End Point TNS                   ;
+-------+--------+---------------------------------+
; CLK   ; -3.000 ; -7.104                          ;
; FF0   ; -1.000 ; -1.000                          ;
; FF1   ; -1.000 ; -1.000                          ;
; FF2   ; -1.000 ; -1.000                          ;
; FF3   ; -1.000 ; -1.000                          ;
; inst6 ; -1.000 ; -1.000                          ;
+-------+--------+---------------------------------+


+----------------------------------------------------------------------------------------------------+
; Fast 1200mV 0C Model Setup: 'CLK'                                                                  ;
+--------+-----------+---------+--------------+-------------+--------------+------------+------------+
; Slack  ; From Node ; To Node ; Launch Clock ; Latch Clock ; Relationship ; Clock Skew ; Data Delay ;
+--------+-----------+---------+--------------+-------------+--------------+------------+------------+
; -0.008 ; FF3       ; D1      ; FF3          ; CLK         ; 0.500        ; 1.296      ; 1.896      ;
; -0.008 ; FF3       ; D0      ; FF3          ; CLK         ; 0.500        ; 1.296      ; 1.896      ;
; 0.039  ; inst6     ; D0      ; inst6        ; CLK         ; 0.500        ; 1.296      ; 1.849      ;
; 0.057  ; FF2       ; D2      ; FF2          ; CLK         ; 0.500        ; 1.296      ; 1.831      ;
; 0.072  ; inst6     ; D1      ; inst6        ; CLK         ; 0.500        ; 1.296      ; 1.816      ;
; 0.096  ; FF1       ; D2      ; FF1          ; CLK         ; 0.500        ; 1.296      ; 1.792      ;
; 0.117  ; inst6     ; D2      ; inst6        ; CLK         ; 0.500        ; 1.296      ; 1.771      ;
; 0.162  ; FF0       ; D0      ; FF0          ; CLK         ; 0.500        ; 1.296      ; 1.726      ;
; 0.187  ; FF0       ; D2      ; FF0          ; CLK         ; 0.500        ; 1.296      ; 1.701      ;
; 0.194  ; FF0       ; D1      ; FF0          ; CLK         ; 0.500        ; 1.296      ; 1.694      ;
; 0.197  ; FF0       ; FF0     ; FF0          ; CLK         ; 0.500        ; 1.296      ; 1.691      ;
; 0.198  ; FF2       ; D0      ; FF2          ; CLK         ; 0.500        ; 1.296      ; 1.690      ;
; 0.205  ; FF3       ; D2      ; FF3          ; CLK         ; 0.500        ; 1.296      ; 1.683      ;
; 0.208  ; FF1       ; D0      ; FF1          ; CLK         ; 0.500        ; 1.296      ; 1.680      ;
; 0.215  ; FF2       ; D1      ; FF2          ; CLK         ; 0.500        ; 1.296      ; 1.673      ;
; 0.240  ; FF1       ; D1      ; FF1          ; CLK         ; 0.500        ; 1.296      ; 1.648      ;
; 0.265  ; inst8     ; D0      ; inst6        ; CLK         ; 0.500        ; 0.739      ; 0.961      ;
; 0.275  ; D1        ; D2      ; CLK          ; CLK         ; 1.000        ; -0.037     ; 0.675      ;
; 0.297  ; inst8     ; D1      ; inst6        ; CLK         ; 0.500        ; 0.739      ; 0.929      ;
; 0.298  ; inst8     ; D2      ; inst6        ; CLK         ; 0.500        ; 0.739      ; 0.928      ;
; 0.317  ; D2        ; D2      ; CLK          ; CLK         ; 1.000        ; -0.037     ; 0.633      ;
; 0.365  ; D0        ; D0      ; CLK          ; CLK         ; 1.000        ; -0.037     ; 0.585      ;
; 0.370  ; D0        ; D1      ; CLK          ; CLK         ; 1.000        ; -0.037     ; 0.580      ;
; 0.371  ; D0        ; D2      ; CLK          ; CLK         ; 1.000        ; -0.037     ; 0.579      ;
; 0.419  ; D2        ; D1      ; CLK          ; CLK         ; 1.000        ; -0.037     ; 0.531      ;
; 0.591  ; D1        ; D1      ; CLK          ; CLK         ; 1.000        ; -0.037     ; 0.359      ;
; 0.650  ; inst6     ; D2      ; inst6        ; CLK         ; 1.000        ; 1.296      ; 1.738      ;
; 0.687  ; FF3       ; D0      ; FF3          ; CLK         ; 1.000        ; 1.296      ; 1.701      ;
; 0.691  ; FF0       ; D2      ; FF0          ; CLK         ; 1.000        ; 1.296      ; 1.697      ;
; 0.694  ; FF2       ; D2      ; FF2          ; CLK         ; 1.000        ; 1.296      ; 1.694      ;
; 0.698  ; FF3       ; D1      ; FF3          ; CLK         ; 1.000        ; 1.296      ; 1.690      ;
; 0.699  ; FF1       ; D2      ; FF1          ; CLK         ; 1.000        ; 1.296      ; 1.689      ;
; 0.714  ; FF0       ; FF0     ; FF0          ; CLK         ; 1.000        ; 1.296      ; 1.674      ;
; 0.725  ; FF3       ; D2      ; FF3          ; CLK         ; 1.000        ; 1.296      ; 1.663      ;
; 0.741  ; inst6     ; D0      ; inst6        ; CLK         ; 1.000        ; 1.296      ; 1.647      ;
; 0.762  ; FF0       ; D0      ; FF0          ; CLK         ; 1.000        ; 1.296      ; 1.626      ;
; 0.775  ; inst6     ; D1      ; inst6        ; CLK         ; 1.000        ; 1.296      ; 1.613      ;
; 0.779  ; FF0       ; D1      ; FF0          ; CLK         ; 1.000        ; 1.296      ; 1.609      ;
; 0.803  ; FF1       ; D0      ; FF1          ; CLK         ; 1.000        ; 1.296      ; 1.585      ;
; 0.809  ; FF2       ; D0      ; FF2          ; CLK         ; 1.000        ; 1.296      ; 1.579      ;
; 0.820  ; FF1       ; D1      ; FF1          ; CLK         ; 1.000        ; 1.296      ; 1.568      ;
; 0.841  ; FF2       ; D1      ; FF2          ; CLK         ; 1.000        ; 1.296      ; 1.547      ;
+--------+-----------+---------+--------------+-------------+--------------+------------+------------+


+---------------------------------------------------------------------------------------------------+
; Fast 1200mV 0C Model Setup: 'FF2'                                                                 ;
+-------+-----------+---------+--------------+-------------+--------------+------------+------------+
; Slack ; From Node ; To Node ; Launch Clock ; Latch Clock ; Relationship ; Clock Skew ; Data Delay ;
+-------+-----------+---------+--------------+-------------+--------------+------------+------------+
; 0.198 ; FF3       ; FF3     ; FF3          ; FF2         ; 0.500        ; 0.453      ; 0.867      ;
; 0.695 ; FF3       ; FF3     ; FF3          ; FF2         ; 1.000        ; 0.453      ; 0.870      ;
+-------+-----------+---------+--------------+-------------+--------------+------------+------------+


+---------------------------------------------------------------------------------------------------+
; Fast 1200mV 0C Model Setup: 'FF3'                                                                 ;
+-------+-----------+---------+--------------+-------------+--------------+------------+------------+
; Slack ; From Node ; To Node ; Launch Clock ; Latch Clock ; Relationship ; Clock Skew ; Data Delay ;
+-------+-----------+---------+--------------+-------------+--------------+------------+------------+
; 0.297 ; inst6     ; inst6   ; inst6        ; FF3         ; 0.500        ; 0.524      ; 0.839      ;
; 0.808 ; inst6     ; inst6   ; inst6        ; FF3         ; 1.000        ; 0.524      ; 0.828      ;
+-------+-----------+---------+--------------+-------------+--------------+------------+------------+


+---------------------------------------------------------------------------------------------------+
; Fast 1200mV 0C Model Setup: 'FF1'                                                                 ;
+-------+-----------+---------+--------------+-------------+--------------+------------+------------+
; Slack ; From Node ; To Node ; Launch Clock ; Latch Clock ; Relationship ; Clock Skew ; Data Delay ;
+-------+-----------+---------+--------------+-------------+--------------+------------+------------+
; 0.325 ; FF2       ; FF2     ; FF2          ; FF1         ; 0.500        ; 0.551      ; 0.838      ;
; 0.838 ; FF2       ; FF2     ; FF2          ; FF1         ; 1.000        ; 0.551      ; 0.825      ;
+-------+-----------+---------+--------------+-------------+--------------+------------+------------+


+---------------------------------------------------------------------------------------------------+
; Fast 1200mV 0C Model Setup: 'FF0'                                                                 ;
+-------+-----------+---------+--------------+-------------+--------------+------------+------------+
; Slack ; From Node ; To Node ; Launch Clock ; Latch Clock ; Relationship ; Clock Skew ; Data Delay ;
+-------+-----------+---------+--------------+-------------+--------------+------------+------------+
; 0.609 ; FF1       ; FF1     ; FF1          ; FF0         ; 0.500        ; 0.824      ; 0.827      ;
; 1.118 ; FF1       ; FF1     ; FF1          ; FF0         ; 1.000        ; 0.824      ; 0.818      ;
+-------+-----------+---------+--------------+-------------+--------------+------------+------------+


+---------------------------------------------------------------------------------------------------+
; Fast 1200mV 0C Model Setup: 'inst6'                                                               ;
+-------+-----------+---------+--------------+-------------+--------------+------------+------------+
; Slack ; From Node ; To Node ; Launch Clock ; Latch Clock ; Relationship ; Clock Skew ; Data Delay ;
+-------+-----------+---------+--------------+-------------+--------------+------------+------------+
; 0.624 ; inst8     ; inst8   ; inst6        ; inst6       ; 1.000        ; -0.024     ; 0.359      ;
+-------+-----------+---------+--------------+-------------+--------------+------------+------------+


+----------------------------------------------------------------------------------------------------+
; Fast 1200mV 0C Model Hold: 'FF0'                                                                   ;
+--------+-----------+---------+--------------+-------------+--------------+------------+------------+
; Slack  ; From Node ; To Node ; Launch Clock ; Latch Clock ; Relationship ; Clock Skew ; Data Delay ;
+--------+-----------+---------+--------------+-------------+--------------+------------+------------+
; -0.309 ; FF1       ; FF1     ; FF1          ; FF0         ; 0.000        ; 0.870      ; 0.750      ;
; 0.177  ; FF1       ; FF1     ; FF1          ; FF0         ; -0.500       ; 0.870      ; 0.736      ;
+--------+-----------+---------+--------------+-------------+--------------+------------+------------+


+----------------------------------------------------------------------------------------------------+
; Fast 1200mV 0C Model Hold: 'CLK'                                                                   ;
+--------+-----------+---------+--------------+-------------+--------------+------------+------------+
; Slack  ; From Node ; To Node ; Launch Clock ; Latch Clock ; Relationship ; Clock Skew ; Data Delay ;
+--------+-----------+---------+--------------+-------------+--------------+------------+------------+
; -0.095 ; FF2       ; D0      ; FF2          ; CLK         ; 0.000        ; 1.349      ; 1.463      ;
; -0.077 ; FF2       ; D1      ; FF2          ; CLK         ; 0.000        ; 1.349      ; 1.481      ;
; -0.064 ; FF1       ; D1      ; FF1          ; CLK         ; 0.000        ; 1.349      ; 1.494      ;
; -0.056 ; FF1       ; D0      ; FF1          ; CLK         ; 0.000        ; 1.349      ; 1.502      ;
; -0.025 ; FF0       ; D1      ; FF0          ; CLK         ; 0.000        ; 1.349      ; 1.533      ;
; -0.019 ; inst6     ; D1      ; inst6        ; CLK         ; 0.000        ; 1.349      ; 1.539      ;
; -0.017 ; FF0       ; D0      ; FF0          ; CLK         ; 0.000        ; 1.349      ; 1.541      ;
; 0.002  ; FF0       ; FF0     ; FF0          ; CLK         ; 0.000        ; 1.349      ; 1.560      ;
; 0.011  ; inst6     ; D0      ; inst6        ; CLK         ; 0.000        ; 1.349      ; 1.569      ;
; 0.018  ; FF3       ; D2      ; FF3          ; CLK         ; 0.000        ; 1.349      ; 1.576      ;
; 0.035  ; FF2       ; D2      ; FF2          ; CLK         ; 0.000        ; 1.349      ; 1.593      ;
; 0.052  ; FF1       ; D2      ; FF1          ; CLK         ; 0.000        ; 1.349      ; 1.610      ;
; 0.054  ; FF3       ; D1      ; FF3          ; CLK         ; 0.000        ; 1.349      ; 1.612      ;
; 0.054  ; FF3       ; D0      ; FF3          ; CLK         ; 0.000        ; 1.349      ; 1.612      ;
; 0.062  ; FF0       ; D2      ; FF0          ; CLK         ; 0.000        ; 1.349      ; 1.620      ;
; 0.102  ; inst6     ; D2      ; inst6        ; CLK         ; 0.000        ; 1.349      ; 1.660      ;
; 0.186  ; D1        ; D1      ; CLK          ; CLK         ; 0.000        ; 0.037      ; 0.307      ;
; 0.326  ; D2        ; D1      ; CLK          ; CLK         ; 0.000        ; 0.037      ; 0.447      ;
; 0.372  ; D0        ; D2      ; CLK          ; CLK         ; 0.000        ; 0.037      ; 0.493      ;
; 0.374  ; D0        ; D1      ; CLK          ; CLK         ; 0.000        ; 0.037      ; 0.495      ;
; 0.377  ; D0        ; D0      ; CLK          ; CLK         ; 0.000        ; 0.037      ; 0.498      ;
; 0.420  ; D2        ; D2      ; CLK          ; CLK         ; 0.000        ; 0.037      ; 0.541      ;
; 0.426  ; inst8     ; D2      ; inst6        ; CLK         ; -0.500       ; 0.826      ; 0.856      ;
; 0.428  ; inst8     ; D1      ; inst6        ; CLK         ; -0.500       ; 0.826      ; 0.858      ;
; 0.436  ; inst8     ; D0      ; inst6        ; CLK         ; -0.500       ; 0.826      ; 0.866      ;
; 0.468  ; D1        ; D2      ; CLK          ; CLK         ; 0.000        ; 0.037      ; 0.589      ;
; 0.500  ; FF1       ; D0      ; FF1          ; CLK         ; -0.500       ; 1.349      ; 1.558      ;
; 0.502  ; FF3       ; D2      ; FF3          ; CLK         ; -0.500       ; 1.349      ; 1.560      ;
; 0.516  ; FF0       ; FF0     ; FF0          ; CLK         ; -0.500       ; 1.349      ; 1.574      ;
; 0.518  ; FF1       ; D1      ; FF1          ; CLK         ; -0.500       ; 1.349      ; 1.576      ;
; 0.538  ; FF2       ; D1      ; FF2          ; CLK         ; -0.500       ; 1.349      ; 1.596      ;
; 0.541  ; FF0       ; D2      ; FF0          ; CLK         ; -0.500       ; 1.349      ; 1.599      ;
; 0.544  ; FF0       ; D0      ; FF0          ; CLK         ; -0.500       ; 1.349      ; 1.602      ;
; 0.546  ; FF2       ; D0      ; FF2          ; CLK         ; -0.500       ; 1.349      ; 1.604      ;
; 0.562  ; FF0       ; D1      ; FF0          ; CLK         ; -0.500       ; 1.349      ; 1.620      ;
; 0.608  ; inst6     ; D2      ; inst6        ; CLK         ; -0.500       ; 1.349      ; 1.666      ;
; 0.628  ; FF1       ; D2      ; FF1          ; CLK         ; -0.500       ; 1.349      ; 1.686      ;
; 0.678  ; inst6     ; D0      ; inst6        ; CLK         ; -0.500       ; 1.349      ; 1.736      ;
; 0.679  ; inst6     ; D1      ; inst6        ; CLK         ; -0.500       ; 1.349      ; 1.737      ;
; 0.690  ; FF2       ; D2      ; FF2          ; CLK         ; -0.500       ; 1.349      ; 1.748      ;
; 0.723  ; FF3       ; D0      ; FF3          ; CLK         ; -0.500       ; 1.349      ; 1.781      ;
; 0.755  ; FF3       ; D1      ; FF3          ; CLK         ; -0.500       ; 1.349      ; 1.813      ;
+--------+-----------+---------+--------------+-------------+--------------+------------+------------+


+----------------------------------------------------------------------------------------------------+
; Fast 1200mV 0C Model Hold: 'FF1'                                                                   ;
+--------+-----------+---------+--------------+-------------+--------------+------------+------------+
; Slack  ; From Node ; To Node ; Launch Clock ; Latch Clock ; Relationship ; Clock Skew ; Data Delay ;
+--------+-----------+---------+--------------+-------------+--------------+------------+------------+
; -0.020 ; FF2       ; FF2     ; FF2          ; FF1         ; 0.000        ; 0.586      ; 0.755      ;
; 0.475  ; FF2       ; FF2     ; FF2          ; FF1         ; -0.500       ; 0.586      ; 0.750      ;
+--------+-----------+---------+--------------+-------------+--------------+------------+------------+


+---------------------------------------------------------------------------------------------------+
; Fast 1200mV 0C Model Hold: 'FF3'                                                                  ;
+-------+-----------+---------+--------------+-------------+--------------+------------+------------+
; Slack ; From Node ; To Node ; Launch Clock ; Latch Clock ; Relationship ; Clock Skew ; Data Delay ;
+-------+-----------+---------+--------------+-------------+--------------+------------+------------+
; 0.010 ; inst6     ; inst6   ; inst6        ; FF3         ; 0.000        ; 0.558      ; 0.757      ;
; 0.504 ; inst6     ; inst6   ; inst6        ; FF3         ; -0.500       ; 0.558      ; 0.751      ;
+-------+-----------+---------+--------------+-------------+--------------+------------+------------+


+---------------------------------------------------------------------------------------------------+
; Fast 1200mV 0C Model Hold: 'FF2'                                                                  ;
+-------+-----------+---------+--------------+-------------+--------------+------------+------------+
; Slack ; From Node ; To Node ; Launch Clock ; Latch Clock ; Relationship ; Clock Skew ; Data Delay ;
+-------+-----------+---------+--------------+-------------+--------------+------------+------------+
; 0.084 ; FF3       ; FF3     ; FF3          ; FF2         ; 0.000        ; 0.484      ; 0.757      ;
; 0.565 ; FF3       ; FF3     ; FF3          ; FF2         ; -0.500       ; 0.484      ; 0.738      ;
+-------+-----------+---------+--------------+-------------+--------------+------------+------------+


+---------------------------------------------------------------------------------------------------+
; Fast 1200mV 0C Model Hold: 'inst6'                                                                ;
+-------+-----------+---------+--------------+-------------+--------------+------------+------------+
; Slack ; From Node ; To Node ; Launch Clock ; Latch Clock ; Relationship ; Clock Skew ; Data Delay ;
+-------+-----------+---------+--------------+-------------+--------------+------------+------------+
; 0.206 ; inst8     ; inst8   ; inst6        ; inst6       ; 0.000        ; 0.024      ; 0.314      ;
+-------+-----------+---------+--------------+-------------+--------------+------------+------------+


+----------------------------------------------------------------------------------------------------+
; Fast 1200mV 0C Model Recovery: 'FF2'                                                               ;
+--------+-----------+---------+--------------+-------------+--------------+------------+------------+
; Slack  ; From Node ; To Node ; Launch Clock ; Latch Clock ; Relationship ; Clock Skew ; Data Delay ;
+--------+-----------+---------+--------------+-------------+--------------+------------+------------+
; -0.461 ; FF2       ; FF3     ; FF2          ; FF2         ; 0.500        ; 0.453      ; 1.526      ;
; -0.372 ; inst8     ; FF3     ; inst6        ; FF2         ; 1.000        ; -0.104     ; 1.275      ;
; -0.337 ; FF1       ; FF3     ; FF1          ; FF2         ; 0.500        ; 0.453      ; 1.402      ;
; -0.273 ; FF0       ; FF3     ; FF0          ; FF2         ; 0.500        ; 0.453      ; 1.338      ;
; -0.104 ; FF2       ; FF3     ; FF2          ; FF2         ; 1.000        ; 0.453      ; 1.669      ;
; -0.024 ; FF3       ; FF3     ; FF3          ; FF2         ; 0.500        ; 0.453      ; 1.089      ;
; 0.033  ; FF1       ; FF3     ; FF1          ; FF2         ; 1.000        ; 0.453      ; 1.532      ;
; 0.156  ; inst6     ; FF3     ; inst6        ; FF2         ; 0.500        ; 0.453      ; 0.909      ;
; 0.261  ; FF0       ; FF3     ; FF0          ; FF2         ; 1.000        ; 0.453      ; 1.304      ;
; 0.386  ; FF3       ; FF3     ; FF3          ; FF2         ; 1.000        ; 0.453      ; 1.179      ;
; 0.584  ; inst6     ; FF3     ; inst6        ; FF2         ; 1.000        ; 0.453      ; 0.981      ;
+--------+-----------+---------+--------------+-------------+--------------+------------+------------+


+----------------------------------------------------------------------------------------------------+
; Fast 1200mV 0C Model Recovery: 'inst6'                                                             ;
+--------+-----------+---------+--------------+-------------+--------------+------------+------------+
; Slack  ; From Node ; To Node ; Launch Clock ; Latch Clock ; Relationship ; Clock Skew ; Data Delay ;
+--------+-----------+---------+--------------+-------------+--------------+------------+------------+
; -0.379 ; FF2       ; inst8   ; FF2          ; inst6       ; 0.500        ; 0.523      ; 1.514      ;
; -0.267 ; inst8     ; inst8   ; inst6        ; inst6       ; 1.000        ; -0.024     ; 1.250      ;
; -0.255 ; FF1       ; inst8   ; FF1          ; inst6       ; 0.500        ; 0.523      ; 1.390      ;
; -0.178 ; FF0       ; inst8   ; FF0          ; inst6       ; 0.500        ; 0.523      ; 1.313      ;
; -0.009 ; FF2       ; inst8   ; FF2          ; inst6       ; 1.000        ; 0.523      ; 1.644      ;
; 0.058  ; FF3       ; inst8   ; FF3          ; inst6       ; 0.500        ; 0.523      ; 1.077      ;
; 0.128  ; FF1       ; inst8   ; FF1          ; inst6       ; 1.000        ; 0.523      ; 1.507      ;
; 0.238  ; inst6     ; inst8   ; inst6        ; inst6       ; 0.500        ; 0.523      ; 0.897      ;
; 0.343  ; FF0       ; inst8   ; FF0          ; inst6       ; 1.000        ; 0.523      ; 1.292      ;
; 0.481  ; FF3       ; inst8   ; FF3          ; inst6       ; 1.000        ; 0.523      ; 1.154      ;
; 0.679  ; inst6     ; inst8   ; inst6        ; inst6       ; 1.000        ; 0.523      ; 0.956      ;
+--------+-----------+---------+--------------+-------------+--------------+------------+------------+


+----------------------------------------------------------------------------------------------------+
; Fast 1200mV 0C Model Recovery: 'FF1'                                                               ;
+--------+-----------+---------+--------------+-------------+--------------+------------+------------+
; Slack  ; From Node ; To Node ; Launch Clock ; Latch Clock ; Relationship ; Clock Skew ; Data Delay ;
+--------+-----------+---------+--------------+-------------+--------------+------------+------------+
; -0.363 ; FF2       ; FF2     ; FF2          ; FF1         ; 0.500        ; 0.551      ; 1.526      ;
; -0.274 ; inst8     ; FF2     ; inst6        ; FF1         ; 1.000        ; -0.006     ; 1.275      ;
; -0.239 ; FF1       ; FF2     ; FF1          ; FF1         ; 0.500        ; 0.551      ; 1.402      ;
; -0.175 ; FF0       ; FF2     ; FF0          ; FF1         ; 0.500        ; 0.551      ; 1.338      ;
; -0.006 ; FF2       ; FF2     ; FF2          ; FF1         ; 1.000        ; 0.551      ; 1.669      ;
; 0.074  ; FF3       ; FF2     ; FF3          ; FF1         ; 0.500        ; 0.551      ; 1.089      ;
; 0.131  ; FF1       ; FF2     ; FF1          ; FF1         ; 1.000        ; 0.551      ; 1.532      ;
; 0.254  ; inst6     ; FF2     ; inst6        ; FF1         ; 0.500        ; 0.551      ; 0.909      ;
; 0.359  ; FF0       ; FF2     ; FF0          ; FF1         ; 1.000        ; 0.551      ; 1.304      ;
; 0.484  ; FF3       ; FF2     ; FF3          ; FF1         ; 1.000        ; 0.551      ; 1.179      ;
; 0.682  ; inst6     ; FF2     ; inst6        ; FF1         ; 1.000        ; 0.551      ; 0.981      ;
+--------+-----------+---------+--------------+-------------+--------------+------------+------------+


+----------------------------------------------------------------------------------------------------+
; Fast 1200mV 0C Model Recovery: 'FF3'                                                               ;
+--------+-----------+---------+--------------+-------------+--------------+------------+------------+
; Slack  ; From Node ; To Node ; Launch Clock ; Latch Clock ; Relationship ; Clock Skew ; Data Delay ;
+--------+-----------+---------+--------------+-------------+--------------+------------+------------+
; -0.316 ; FF2       ; inst6   ; FF2          ; FF3         ; 0.500        ; 0.524      ; 1.452      ;
; -0.219 ; inst8     ; inst6   ; inst6        ; FF3         ; 1.000        ; -0.033     ; 1.193      ;
; -0.192 ; FF1       ; inst6   ; FF1          ; FF3         ; 0.500        ; 0.524      ; 1.328      ;
; -0.120 ; FF0       ; inst6   ; FF0          ; FF3         ; 0.500        ; 0.524      ; 1.256      ;
; 0.049  ; FF2       ; inst6   ; FF2          ; FF3         ; 1.000        ; 0.524      ; 1.587      ;
; 0.121  ; FF3       ; inst6   ; FF3          ; FF3         ; 0.500        ; 0.524      ; 1.015      ;
; 0.186  ; FF1       ; inst6   ; FF1          ; FF3         ; 1.000        ; 0.524      ; 1.450      ;
; 0.301  ; inst6     ; inst6   ; inst6        ; FF3         ; 0.500        ; 0.524      ; 0.835      ;
; 0.406  ; FF0       ; inst6   ; FF0          ; FF3         ; 1.000        ; 0.524      ; 1.230      ;
; 0.539  ; FF3       ; inst6   ; FF3          ; FF3         ; 1.000        ; 0.524      ; 1.097      ;
; 0.737  ; inst6     ; inst6   ; inst6        ; FF3         ; 1.000        ; 0.524      ; 0.899      ;
+--------+-----------+---------+--------------+-------------+--------------+------------+------------+


+----------------------------------------------------------------------------------------------------+
; Fast 1200mV 0C Model Recovery: 'CLK'                                                               ;
+--------+-----------+---------+--------------+-------------+--------------+------------+------------+
; Slack  ; From Node ; To Node ; Launch Clock ; Latch Clock ; Relationship ; Clock Skew ; Data Delay ;
+--------+-----------+---------+--------------+-------------+--------------+------------+------------+
; -0.024 ; inst8     ; FF0     ; inst6        ; CLK         ; 0.500        ; 0.739      ; 1.250      ;
; 0.244  ; FF2       ; FF0     ; FF2          ; CLK         ; 0.500        ; 1.296      ; 1.644      ;
; 0.381  ; FF1       ; FF0     ; FF1          ; CLK         ; 0.500        ; 1.296      ; 1.507      ;
; 0.596  ; FF0       ; FF0     ; FF0          ; CLK         ; 0.500        ; 1.296      ; 1.292      ;
; 0.734  ; FF3       ; FF0     ; FF3          ; CLK         ; 0.500        ; 1.296      ; 1.154      ;
; 0.874  ; FF2       ; FF0     ; FF2          ; CLK         ; 1.000        ; 1.296      ; 1.514      ;
; 0.932  ; inst6     ; FF0     ; inst6        ; CLK         ; 0.500        ; 1.296      ; 0.956      ;
; 0.998  ; FF1       ; FF0     ; FF1          ; CLK         ; 1.000        ; 1.296      ; 1.390      ;
; 1.075  ; FF0       ; FF0     ; FF0          ; CLK         ; 1.000        ; 1.296      ; 1.313      ;
; 1.311  ; FF3       ; FF0     ; FF3          ; CLK         ; 1.000        ; 1.296      ; 1.077      ;
; 1.491  ; inst6     ; FF0     ; inst6        ; CLK         ; 1.000        ; 1.296      ; 0.897      ;
+--------+-----------+---------+--------------+-------------+--------------+------------+------------+


+----------------------------------------------------------------------------------------------------+
; Fast 1200mV 0C Model Recovery: 'FF0'                                                               ;
+--------+-----------+---------+--------------+-------------+--------------+------------+------------+
; Slack  ; From Node ; To Node ; Launch Clock ; Latch Clock ; Relationship ; Clock Skew ; Data Delay ;
+--------+-----------+---------+--------------+-------------+--------------+------------+------------+
; -0.016 ; FF2       ; FF1     ; FF2          ; FF0         ; 0.500        ; 0.824      ; 1.452      ;
; 0.081  ; inst8     ; FF1     ; inst6        ; FF0         ; 1.000        ; 0.267      ; 1.193      ;
; 0.108  ; FF1       ; FF1     ; FF1          ; FF0         ; 0.500        ; 0.824      ; 1.328      ;
; 0.180  ; FF0       ; FF1     ; FF0          ; FF0         ; 0.500        ; 0.824      ; 1.256      ;
; 0.349  ; FF2       ; FF1     ; FF2          ; FF0         ; 1.000        ; 0.824      ; 1.587      ;
; 0.421  ; FF3       ; FF1     ; FF3          ; FF0         ; 0.500        ; 0.824      ; 1.015      ;
; 0.486  ; FF1       ; FF1     ; FF1          ; FF0         ; 1.000        ; 0.824      ; 1.450      ;
; 0.601  ; inst6     ; FF1     ; inst6        ; FF0         ; 0.500        ; 0.824      ; 0.835      ;
; 0.706  ; FF0       ; FF1     ; FF0          ; FF0         ; 1.000        ; 0.824      ; 1.230      ;
; 0.839  ; FF3       ; FF1     ; FF3          ; FF0         ; 1.000        ; 0.824      ; 1.097      ;
; 1.037  ; inst6     ; FF1     ; inst6        ; FF0         ; 1.000        ; 0.824      ; 0.899      ;
+--------+-----------+---------+--------------+-------------+--------------+------------+------------+


+----------------------------------------------------------------------------------------------------+
; Fast 1200mV 0C Model Removal: 'CLK'                                                                ;
+--------+-----------+---------+--------------+-------------+--------------+------------+------------+
; Slack  ; From Node ; To Node ; Launch Clock ; Latch Clock ; Relationship ; Clock Skew ; Data Delay ;
+--------+-----------+---------+--------------+-------------+--------------+------------+------------+
; -0.697 ; inst6     ; FF0     ; inst6        ; CLK         ; 0.000        ; 1.349      ; 0.861      ;
; -0.529 ; FF3       ; FF0     ; FF3          ; CLK         ; 0.000        ; 1.349      ; 1.029      ;
; -0.303 ; FF0       ; FF0     ; FF0          ; CLK         ; 0.000        ; 1.349      ; 1.255      ;
; -0.223 ; FF1       ; FF0     ; FF1          ; CLK         ; 0.000        ; 1.349      ; 1.335      ;
; -0.145 ; inst6     ; FF0     ; inst6        ; CLK         ; -0.500       ; 1.349      ; 0.913      ;
; -0.104 ; FF2       ; FF0     ; FF2          ; CLK         ; 0.000        ; 1.349      ; 1.454      ;
; 0.027  ; FF3       ; FF0     ; FF3          ; CLK         ; -0.500       ; 1.349      ; 1.085      ;
; 0.182  ; FF0       ; FF0     ; FF0          ; CLK         ; -0.500       ; 1.349      ; 1.240      ;
; 0.382  ; FF1       ; FF0     ; FF1          ; CLK         ; -0.500       ; 1.349      ; 1.440      ;
; 0.514  ; FF2       ; FF0     ; FF2          ; CLK         ; -0.500       ; 1.349      ; 1.572      ;
; 0.762  ; inst8     ; FF0     ; inst6        ; CLK         ; -0.500       ; 0.826      ; 1.192      ;
+--------+-----------+---------+--------------+-------------+--------------+------------+------------+


+----------------------------------------------------------------------------------------------------+
; Fast 1200mV 0C Model Removal: 'FF0'                                                                ;
+--------+-----------+---------+--------------+-------------+--------------+------------+------------+
; Slack  ; From Node ; To Node ; Launch Clock ; Latch Clock ; Relationship ; Clock Skew ; Data Delay ;
+--------+-----------+---------+--------------+-------------+--------------+------------+------------+
; -0.200 ; inst6     ; FF1     ; inst6        ; FF0         ; 0.000        ; 0.870      ; 0.859      ;
; -0.028 ; FF3       ; FF1     ; FF3          ; FF0         ; 0.000        ; 0.870      ; 1.031      ;
; 0.121  ; FF0       ; FF1     ; FF0          ; FF0         ; 0.000        ; 0.870      ; 1.180      ;
; 0.242  ; inst6     ; FF1     ; inst6        ; FF0         ; -0.500       ; 0.870      ; 0.801      ;
; 0.327  ; FF1       ; FF1     ; FF1          ; FF0         ; 0.000        ; 0.870      ; 1.386      ;
; 0.410  ; FF3       ; FF1     ; FF3          ; FF0         ; -0.500       ; 0.870      ; 0.969      ;
; 0.459  ; FF2       ; FF1     ; FF2          ; FF0         ; 0.000        ; 0.870      ; 1.518      ;
; 0.642  ; FF0       ; FF1     ; FF0          ; FF0         ; -0.500       ; 0.870      ; 1.201      ;
; 0.701  ; inst8     ; FF1     ; inst6        ; FF0         ; 0.000        ; 0.347      ; 1.132      ;
; 0.716  ; FF1       ; FF1     ; FF1          ; FF0         ; -0.500       ; 0.870      ; 1.275      ;
; 0.835  ; FF2       ; FF1     ; FF2          ; FF0         ; -0.500       ; 0.870      ; 1.394      ;
+--------+-----------+---------+--------------+-------------+--------------+------------+------------+


+---------------------------------------------------------------------------------------------------+
; Fast 1200mV 0C Model Removal: 'FF3'                                                               ;
+-------+-----------+---------+--------------+-------------+--------------+------------+------------+
; Slack ; From Node ; To Node ; Launch Clock ; Latch Clock ; Relationship ; Clock Skew ; Data Delay ;
+-------+-----------+---------+--------------+-------------+--------------+------------+------------+
; 0.112 ; inst6     ; inst6   ; inst6        ; FF3         ; 0.000        ; 0.558      ; 0.859      ;
; 0.284 ; FF3       ; inst6   ; FF3          ; FF3         ; 0.000        ; 0.558      ; 1.031      ;
; 0.433 ; FF0       ; inst6   ; FF0          ; FF3         ; 0.000        ; 0.558      ; 1.180      ;
; 0.554 ; inst6     ; inst6   ; inst6        ; FF3         ; -0.500       ; 0.558      ; 0.801      ;
; 0.639 ; FF1       ; inst6   ; FF1          ; FF3         ; 0.000        ; 0.558      ; 1.386      ;
; 0.722 ; FF3       ; inst6   ; FF3          ; FF3         ; -0.500       ; 0.558      ; 0.969      ;
; 0.771 ; FF2       ; inst6   ; FF2          ; FF3         ; 0.000        ; 0.558      ; 1.518      ;
; 0.954 ; FF0       ; inst6   ; FF0          ; FF3         ; -0.500       ; 0.558      ; 1.201      ;
; 1.013 ; inst8     ; inst6   ; inst6        ; FF3         ; 0.000        ; 0.035      ; 1.132      ;
; 1.028 ; FF1       ; inst6   ; FF1          ; FF3         ; -0.500       ; 0.558      ; 1.275      ;
; 1.147 ; FF2       ; inst6   ; FF2          ; FF3         ; -0.500       ; 0.558      ; 1.394      ;
+-------+-----------+---------+--------------+-------------+--------------+------------+------------+


+---------------------------------------------------------------------------------------------------+
; Fast 1200mV 0C Model Removal: 'FF1'                                                               ;
+-------+-----------+---------+--------------+-------------+--------------+------------+------------+
; Slack ; From Node ; To Node ; Launch Clock ; Latch Clock ; Relationship ; Clock Skew ; Data Delay ;
+-------+-----------+---------+--------------+-------------+--------------+------------+------------+
; 0.162 ; inst6     ; FF2     ; inst6        ; FF1         ; 0.000        ; 0.586      ; 0.937      ;
; 0.334 ; FF3       ; FF2     ; FF3          ; FF1         ; 0.000        ; 0.586      ; 1.109      ;
; 0.476 ; FF0       ; FF2     ; FF0          ; FF1         ; 0.000        ; 0.586      ; 1.251      ;
; 0.597 ; inst6     ; FF2     ; inst6        ; FF1         ; -0.500       ; 0.586      ; 0.872      ;
; 0.689 ; FF1       ; FF2     ; FF1          ; FF1         ; 0.000        ; 0.586      ; 1.464      ;
; 0.765 ; FF3       ; FF2     ; FF3          ; FF1         ; -0.500       ; 0.586      ; 1.040      ;
; 0.821 ; FF2       ; FF2     ; FF2          ; FF1         ; 0.000        ; 0.586      ; 1.596      ;
; 1.004 ; FF0       ; FF2     ; FF0          ; FF1         ; -0.500       ; 0.586      ; 1.279      ;
; 1.056 ; inst8     ; FF2     ; inst6        ; FF1         ; 0.000        ; 0.063      ; 1.203      ;
; 1.071 ; FF1       ; FF2     ; FF1          ; FF1         ; -0.500       ; 0.586      ; 1.346      ;
; 1.190 ; FF2       ; FF2     ; FF2          ; FF1         ; -0.500       ; 0.586      ; 1.465      ;
+-------+-----------+---------+--------------+-------------+--------------+------------+------------+


+---------------------------------------------------------------------------------------------------+
; Fast 1200mV 0C Model Removal: 'inst6'                                                             ;
+-------+-----------+---------+--------------+-------------+--------------+------------+------------+
; Slack ; From Node ; To Node ; Launch Clock ; Latch Clock ; Relationship ; Clock Skew ; Data Delay ;
+-------+-----------+---------+--------------+-------------+--------------+------------+------------+
; 0.167 ; inst6     ; inst8   ; inst6        ; inst6       ; 0.000        ; 0.557      ; 0.913      ;
; 0.339 ; FF3       ; inst8   ; FF3          ; inst6       ; 0.000        ; 0.557      ; 1.085      ;
; 0.494 ; FF0       ; inst8   ; FF0          ; inst6       ; 0.000        ; 0.557      ; 1.240      ;
; 0.615 ; inst6     ; inst8   ; inst6        ; inst6       ; -0.500       ; 0.557      ; 0.861      ;
; 0.694 ; FF1       ; inst8   ; FF1          ; inst6       ; 0.000        ; 0.557      ; 1.440      ;
; 0.783 ; FF3       ; inst8   ; FF3          ; inst6       ; -0.500       ; 0.557      ; 1.029      ;
; 0.826 ; FF2       ; inst8   ; FF2          ; inst6       ; 0.000        ; 0.557      ; 1.572      ;
; 1.009 ; FF0       ; inst8   ; FF0          ; inst6       ; -0.500       ; 0.557      ; 1.255      ;
; 1.084 ; inst8     ; inst8   ; inst6        ; inst6       ; 0.000        ; 0.024      ; 1.192      ;
; 1.089 ; FF1       ; inst8   ; FF1          ; inst6       ; -0.500       ; 0.557      ; 1.335      ;
; 1.208 ; FF2       ; inst8   ; FF2          ; inst6       ; -0.500       ; 0.557      ; 1.454      ;
+-------+-----------+---------+--------------+-------------+--------------+------------+------------+


+---------------------------------------------------------------------------------------------------+
; Fast 1200mV 0C Model Removal: 'FF2'                                                               ;
+-------+-----------+---------+--------------+-------------+--------------+------------+------------+
; Slack ; From Node ; To Node ; Launch Clock ; Latch Clock ; Relationship ; Clock Skew ; Data Delay ;
+-------+-----------+---------+--------------+-------------+--------------+------------+------------+
; 0.264 ; inst6     ; FF3     ; inst6        ; FF2         ; 0.000        ; 0.484      ; 0.937      ;
; 0.436 ; FF3       ; FF3     ; FF3          ; FF2         ; 0.000        ; 0.484      ; 1.109      ;
; 0.578 ; FF0       ; FF3     ; FF0          ; FF2         ; 0.000        ; 0.484      ; 1.251      ;
; 0.699 ; inst6     ; FF3     ; inst6        ; FF2         ; -0.500       ; 0.484      ; 0.872      ;
; 0.791 ; FF1       ; FF3     ; FF1          ; FF2         ; 0.000        ; 0.484      ; 1.464      ;
; 0.867 ; FF3       ; FF3     ; FF3          ; FF2         ; -0.500       ; 0.484      ; 1.040      ;
; 0.923 ; FF2       ; FF3     ; FF2          ; FF2         ; 0.000        ; 0.484      ; 1.596      ;
; 1.106 ; FF0       ; FF3     ; FF0          ; FF2         ; -0.500       ; 0.484      ; 1.279      ;
; 1.158 ; inst8     ; FF3     ; inst6        ; FF2         ; 0.000        ; -0.039     ; 1.203      ;
; 1.173 ; FF1       ; FF3     ; FF1          ; FF2         ; -0.500       ; 0.484      ; 1.346      ;
; 1.292 ; FF2       ; FF3     ; FF2          ; FF2         ; -0.500       ; 0.484      ; 1.465      ;
+-------+-----------+---------+--------------+-------------+--------------+------------+------------+


+------------------------------------------------------------------------------------------------------------+
; Fast 1200mV 0C Model Minimum Pulse Width: 'CLK'                                                            ;
+--------+--------------+----------------+------------------+-------+------------+---------------------------+
; Slack  ; Actual Width ; Required Width ; Type             ; Clock ; Clock Edge ; Target                    ;
+--------+--------------+----------------+------------------+-------+------------+---------------------------+
; -3.000 ; 1.000        ; 4.000          ; Port Rate        ; CLK   ; Rise       ; CLK                       ;
; -1.000 ; 1.000        ; 2.000          ; Min Period       ; CLK   ; Rise       ; D0                        ;
; -1.000 ; 1.000        ; 2.000          ; Min Period       ; CLK   ; Rise       ; D1                        ;
; -1.000 ; 1.000        ; 2.000          ; Min Period       ; CLK   ; Rise       ; D2                        ;
; -1.000 ; 1.000        ; 2.000          ; Min Period       ; CLK   ; Rise       ; FF0                       ;
; -0.026 ; 0.158        ; 0.184          ; Low Pulse Width  ; CLK   ; Rise       ; D0                        ;
; -0.026 ; 0.158        ; 0.184          ; Low Pulse Width  ; CLK   ; Rise       ; D1                        ;
; -0.026 ; 0.158        ; 0.184          ; Low Pulse Width  ; CLK   ; Rise       ; D2                        ;
; -0.026 ; 0.158        ; 0.184          ; Low Pulse Width  ; CLK   ; Rise       ; FF0                       ;
; 0.125  ; 0.125        ; 0.000          ; Low Pulse Width  ; CLK   ; Rise       ; CLK~input|o               ;
; 0.139  ; 0.139        ; 0.000          ; Low Pulse Width  ; CLK   ; Rise       ; CLK~inputclkctrl|inclk[0] ;
; 0.139  ; 0.139        ; 0.000          ; Low Pulse Width  ; CLK   ; Rise       ; CLK~inputclkctrl|outclk   ;
; 0.153  ; 0.153        ; 0.000          ; Low Pulse Width  ; CLK   ; Rise       ; D0|clk                    ;
; 0.153  ; 0.153        ; 0.000          ; Low Pulse Width  ; CLK   ; Rise       ; D1|clk                    ;
; 0.153  ; 0.153        ; 0.000          ; Low Pulse Width  ; CLK   ; Rise       ; D2|clk                    ;
; 0.153  ; 0.153        ; 0.000          ; Low Pulse Width  ; CLK   ; Rise       ; FF0|clk                   ;
; 0.500  ; 0.500        ; 0.000          ; High Pulse Width ; CLK   ; Rise       ; CLK~input|i               ;
; 0.500  ; 0.500        ; 0.000          ; Low Pulse Width  ; CLK   ; Rise       ; CLK~input|i               ;
; 0.625  ; 0.841        ; 0.216          ; High Pulse Width ; CLK   ; Rise       ; D0                        ;
; 0.625  ; 0.841        ; 0.216          ; High Pulse Width ; CLK   ; Rise       ; D1                        ;
; 0.625  ; 0.841        ; 0.216          ; High Pulse Width ; CLK   ; Rise       ; D2                        ;
; 0.625  ; 0.841        ; 0.216          ; High Pulse Width ; CLK   ; Rise       ; FF0                       ;
; 0.846  ; 0.846        ; 0.000          ; High Pulse Width ; CLK   ; Rise       ; D0|clk                    ;
; 0.846  ; 0.846        ; 0.000          ; High Pulse Width ; CLK   ; Rise       ; D1|clk                    ;
; 0.846  ; 0.846        ; 0.000          ; High Pulse Width ; CLK   ; Rise       ; D2|clk                    ;
; 0.846  ; 0.846        ; 0.000          ; High Pulse Width ; CLK   ; Rise       ; FF0|clk                   ;
; 0.861  ; 0.861        ; 0.000          ; High Pulse Width ; CLK   ; Rise       ; CLK~inputclkctrl|inclk[0] ;
; 0.861  ; 0.861        ; 0.000          ; High Pulse Width ; CLK   ; Rise       ; CLK~inputclkctrl|outclk   ;
; 0.875  ; 0.875        ; 0.000          ; High Pulse Width ; CLK   ; Rise       ; CLK~input|o               ;
+--------+--------------+----------------+------------------+-------+------------+---------------------------+


+------------------------------------------------------------------------------------------+
; Fast 1200mV 0C Model Minimum Pulse Width: 'FF0'                                          ;
+--------+--------------+----------------+------------------+-------+------------+---------+
; Slack  ; Actual Width ; Required Width ; Type             ; Clock ; Clock Edge ; Target  ;
+--------+--------------+----------------+------------------+-------+------------+---------+
; -1.000 ; 1.000        ; 2.000          ; Min Period       ; FF0   ; Fall       ; FF1     ;
; 0.204  ; 0.420        ; 0.216          ; High Pulse Width ; FF0   ; Fall       ; FF1     ;
; 0.394  ; 0.578        ; 0.184          ; Low Pulse Width  ; FF0   ; Fall       ; FF1     ;
; 0.425  ; 0.425        ; 0.000          ; Low Pulse Width  ; FF0   ; Rise       ; FF1|clk ;
; 0.500  ; 0.500        ; 0.000          ; High Pulse Width ; FF0   ; Rise       ; FF0|q   ;
; 0.500  ; 0.500        ; 0.000          ; Low Pulse Width  ; FF0   ; Rise       ; FF0|q   ;
; 0.572  ; 0.572        ; 0.000          ; High Pulse Width ; FF0   ; Rise       ; FF1|clk ;
+--------+--------------+----------------+------------------+-------+------------+---------+


+------------------------------------------------------------------------------------------+
; Fast 1200mV 0C Model Minimum Pulse Width: 'FF1'                                          ;
+--------+--------------+----------------+------------------+-------+------------+---------+
; Slack  ; Actual Width ; Required Width ; Type             ; Clock ; Clock Edge ; Target  ;
+--------+--------------+----------------+------------------+-------+------------+---------+
; -1.000 ; 1.000        ; 2.000          ; Min Period       ; FF1   ; Fall       ; FF2     ;
; 0.226  ; 0.442        ; 0.216          ; High Pulse Width ; FF1   ; Fall       ; FF2     ;
; 0.373  ; 0.557        ; 0.184          ; Low Pulse Width  ; FF1   ; Fall       ; FF2     ;
; 0.447  ; 0.447        ; 0.000          ; Low Pulse Width  ; FF1   ; Rise       ; FF2|clk ;
; 0.500  ; 0.500        ; 0.000          ; High Pulse Width ; FF1   ; Rise       ; FF1|q   ;
; 0.500  ; 0.500        ; 0.000          ; Low Pulse Width  ; FF1   ; Rise       ; FF1|q   ;
; 0.551  ; 0.551        ; 0.000          ; High Pulse Width ; FF1   ; Rise       ; FF2|clk ;
+--------+--------------+----------------+------------------+-------+------------+---------+


+------------------------------------------------------------------------------------------+
; Fast 1200mV 0C Model Minimum Pulse Width: 'FF2'                                          ;
+--------+--------------+----------------+------------------+-------+------------+---------+
; Slack  ; Actual Width ; Required Width ; Type             ; Clock ; Clock Edge ; Target  ;
+--------+--------------+----------------+------------------+-------+------------+---------+
; -1.000 ; 1.000        ; 2.000          ; Min Period       ; FF2   ; Fall       ; FF3     ;
; 0.247  ; 0.463        ; 0.216          ; High Pulse Width ; FF2   ; Fall       ; FF3     ;
; 0.352  ; 0.536        ; 0.184          ; Low Pulse Width  ; FF2   ; Fall       ; FF3     ;
; 0.468  ; 0.468        ; 0.000          ; Low Pulse Width  ; FF2   ; Rise       ; FF3|clk ;
; 0.500  ; 0.500        ; 0.000          ; High Pulse Width ; FF2   ; Rise       ; FF2|q   ;
; 0.500  ; 0.500        ; 0.000          ; Low Pulse Width  ; FF2   ; Rise       ; FF2|q   ;
; 0.530  ; 0.530        ; 0.000          ; High Pulse Width ; FF2   ; Rise       ; FF3|clk ;
+--------+--------------+----------------+------------------+-------+------------+---------+


+--------------------------------------------------------------------------------------------+
; Fast 1200mV 0C Model Minimum Pulse Width: 'FF3'                                            ;
+--------+--------------+----------------+------------------+-------+------------+-----------+
; Slack  ; Actual Width ; Required Width ; Type             ; Clock ; Clock Edge ; Target    ;
+--------+--------------+----------------+------------------+-------+------------+-----------+
; -1.000 ; 1.000        ; 2.000          ; Min Period       ; FF3   ; Fall       ; inst6     ;
; 0.242  ; 0.458        ; 0.216          ; High Pulse Width ; FF3   ; Fall       ; inst6     ;
; 0.357  ; 0.541        ; 0.184          ; Low Pulse Width  ; FF3   ; Fall       ; inst6     ;
; 0.463  ; 0.463        ; 0.000          ; Low Pulse Width  ; FF3   ; Rise       ; inst6|clk ;
; 0.500  ; 0.500        ; 0.000          ; High Pulse Width ; FF3   ; Rise       ; FF3|q     ;
; 0.500  ; 0.500        ; 0.000          ; Low Pulse Width  ; FF3   ; Rise       ; FF3|q     ;
; 0.535  ; 0.535        ; 0.000          ; High Pulse Width ; FF3   ; Rise       ; inst6|clk ;
+--------+--------------+----------------+------------------+-------+------------+-----------+


+--------------------------------------------------------------------------------------------+
; Fast 1200mV 0C Model Minimum Pulse Width: 'inst6'                                          ;
+--------+--------------+----------------+------------------+-------+------------+-----------+
; Slack  ; Actual Width ; Required Width ; Type             ; Clock ; Clock Edge ; Target    ;
+--------+--------------+----------------+------------------+-------+------------+-----------+
; -1.000 ; 1.000        ; 2.000          ; Min Period       ; inst6 ; Fall       ; inst8     ;
; 0.245  ; 0.461        ; 0.216          ; High Pulse Width ; inst6 ; Fall       ; inst8     ;
; 0.355  ; 0.539        ; 0.184          ; Low Pulse Width  ; inst6 ; Fall       ; inst8     ;
; 0.466  ; 0.466        ; 0.000          ; Low Pulse Width  ; inst6 ; Rise       ; inst8|clk ;
; 0.500  ; 0.500        ; 0.000          ; High Pulse Width ; inst6 ; Rise       ; inst6|q   ;
; 0.500  ; 0.500        ; 0.000          ; Low Pulse Width  ; inst6 ; Rise       ; inst6|q   ;
; 0.533  ; 0.533        ; 0.000          ; High Pulse Width ; inst6 ; Rise       ; inst8|clk ;
+--------+--------------+----------------+------------------+-------+------------+-----------+


+-----------------------------------------------------------------------+
; Clock to Output Times                                                 ;
+-----------+------------+-------+-------+------------+-----------------+
; Data Port ; Clock Port ; Rise  ; Fall  ; Clock Edge ; Clock Reference ;
+-----------+------------+-------+-------+------------+-----------------+
; B0        ; CLK        ; 4.212 ; 4.195 ; Rise       ; CLK             ;
; B1        ; CLK        ; 4.694 ; 4.681 ; Rise       ; CLK             ;
; B2        ; CLK        ; 4.368 ; 4.522 ; Rise       ; CLK             ;
; B3        ; CLK        ; 4.204 ; 4.113 ; Rise       ; CLK             ;
; B4        ; CLK        ; 4.331 ; 4.194 ; Rise       ; CLK             ;
; B5        ; CLK        ; 3.475 ; 3.516 ; Rise       ; CLK             ;
; B6        ; CLK        ; 4.070 ; 4.172 ; Rise       ; CLK             ;
; B7        ; CLK        ; 4.061 ; 4.156 ; Rise       ; CLK             ;
; B8        ; CLK        ; 4.176 ; 4.190 ; Rise       ; CLK             ;
; CLEAR     ; FF0        ; 3.302 ;       ; Rise       ; FF0             ;
; SB0       ; FF0        ; 1.931 ;       ; Rise       ; FF0             ;
; salida    ; FF0        ;       ; 3.853 ; Rise       ; FF0             ;
; salida5   ; FF0        ;       ; 3.176 ; Rise       ; FF0             ;
; salida30  ; FF0        ;       ; 3.126 ; Rise       ; FF0             ;
; CLEAR     ; FF0        ;       ; 3.185 ; Fall       ; FF0             ;
; SB0       ; FF0        ;       ; 1.962 ; Fall       ; FF0             ;
; salida    ; FF0        ; 3.912 ;       ; Fall       ; FF0             ;
; salida5   ; FF0        ; 3.174 ;       ; Fall       ; FF0             ;
; salida30  ; FF0        ; 3.036 ;       ; Fall       ; FF0             ;
; CLEAR     ; FF1        ;       ; 3.283 ; Rise       ; FF1             ;
; SB1       ; FF1        ; 2.166 ;       ; Rise       ; FF1             ;
; salida    ; FF1        ; 3.526 ; 3.812 ; Rise       ; FF1             ;
; salida5   ; FF1        ;       ; 3.168 ; Rise       ; FF1             ;
; salida30  ; FF1        ; 3.134 ;       ; Rise       ; FF1             ;
; CLEAR     ; FF1        ; 3.496 ;       ; Fall       ; FF1             ;
; SB1       ; FF1        ;       ; 2.228 ; Fall       ; FF1             ;
; salida    ; FF1        ; 3.866 ; 3.667 ; Fall       ; FF1             ;
; salida5   ; FF1        ; 3.265 ;       ; Fall       ; FF1             ;
; salida30  ; FF1        ;       ; 3.320 ; Fall       ; FF1             ;
; CLEAR     ; FF2        ;       ; 3.407 ; Rise       ; FF2             ;
; SB2       ; FF2        ; 2.482 ;       ; Rise       ; FF2             ;
; salida    ; FF2        ; 3.765 ;       ; Rise       ; FF2             ;
; salida5   ; FF2        ; 3.167 ;       ; Rise       ; FF2             ;
; salida30  ; FF2        ; 3.258 ;       ; Rise       ; FF2             ;
; CLEAR     ; FF2        ; 3.633 ;       ; Fall       ; FF2             ;
; SB2       ; FF2        ;       ; 2.583 ; Fall       ; FF2             ;
; salida    ; FF2        ;       ; 3.917 ; Fall       ; FF2             ;
; salida5   ; FF2        ;       ; 3.310 ; Fall       ; FF2             ;
; salida30  ; FF2        ;       ; 3.457 ; Fall       ; FF2             ;
; CLEAR     ; FF3        ;       ; 2.970 ; Rise       ; FF3             ;
; SB3       ; FF3        ; 1.877 ;       ; Rise       ; FF3             ;
; salida    ; FF3        ; 3.180 ; 3.203 ; Rise       ; FF3             ;
; salida5   ; FF3        ;       ; 3.142 ; Rise       ; FF3             ;
; salida30  ; FF3        ; 2.821 ;       ; Rise       ; FF3             ;
; CLEAR     ; FF3        ; 3.143 ;       ; Fall       ; FF3             ;
; SB3       ; FF3        ;       ; 1.895 ; Fall       ; FF3             ;
; salida    ; FF3        ; 3.248 ; 3.284 ; Fall       ; FF3             ;
; salida5   ; FF3        ; 3.156 ;       ; Fall       ; FF3             ;
; salida30  ; FF3        ;       ; 2.967 ; Fall       ; FF3             ;
; CLEAR     ; inst6      ;       ; 2.790 ; Rise       ; inst6           ;
; SB4       ; inst6      ; 2.714 ;       ; Rise       ; inst6           ;
; salida    ; inst6      ; 3.912 ; 3.936 ; Rise       ; inst6           ;
; salida5   ; inst6      ;       ; 3.217 ; Rise       ; inst6           ;
; salida30  ; inst6      ; 2.641 ;       ; Rise       ; inst6           ;
; CLEAR     ; inst6      ; 3.901 ; 3.797 ; Fall       ; inst6           ;
; SB4       ; inst6      ;       ; 2.851 ; Fall       ; inst6           ;
; SB5       ; inst6      ; 3.985 ; 4.145 ; Fall       ; inst6           ;
; salida    ; inst6      ; 4.069 ; 4.112 ; Fall       ; inst6           ;
; salida5   ; inst6      ; 3.244 ; 3.042 ; Fall       ; inst6           ;
; salida30  ; inst6      ; 3.648 ; 3.725 ; Fall       ; inst6           ;
+-----------+------------+-------+-------+------------+-----------------+


+-----------------------------------------------------------------------+
; Minimum Clock to Output Times                                         ;
+-----------+------------+-------+-------+------------+-----------------+
; Data Port ; Clock Port ; Rise  ; Fall  ; Clock Edge ; Clock Reference ;
+-----------+------------+-------+-------+------------+-----------------+
; B0        ; CLK        ; 3.841 ; 3.936 ; Rise       ; CLK             ;
; B1        ; CLK        ; 4.344 ; 4.332 ; Rise       ; CLK             ;
; B2        ; CLK        ; 4.216 ; 4.363 ; Rise       ; CLK             ;
; B3        ; CLK        ; 3.572 ; 3.619 ; Rise       ; CLK             ;
; B4        ; CLK        ; 4.100 ; 3.981 ; Rise       ; CLK             ;
; B5        ; CLK        ; 3.362 ; 3.400 ; Rise       ; CLK             ;
; B6        ; CLK        ; 3.809 ; 3.884 ; Rise       ; CLK             ;
; B7        ; CLK        ; 3.799 ; 3.860 ; Rise       ; CLK             ;
; B8        ; CLK        ; 3.989 ; 3.994 ; Rise       ; CLK             ;
; CLEAR     ; FF0        ; 3.189 ;       ; Rise       ; FF0             ;
; SB0       ; FF0        ; 1.874 ;       ; Rise       ; FF0             ;
; salida    ; FF0        ;       ; 3.359 ; Rise       ; FF0             ;
; salida5   ; FF0        ;       ; 3.066 ; Rise       ; FF0             ;
; salida30  ; FF0        ;       ; 3.021 ; Rise       ; FF0             ;
; CLEAR     ; FF0        ;       ; 3.078 ; Fall       ; FF0             ;
; SB0       ; FF0        ;       ; 1.904 ; Fall       ; FF0             ;
; salida    ; FF0        ; 3.314 ;       ; Fall       ; FF0             ;
; salida5   ; FF0        ; 3.065 ;       ; Fall       ; FF0             ;
; salida30  ; FF0        ; 2.935 ;       ; Fall       ; FF0             ;
; CLEAR     ; FF1        ;       ; 3.173 ; Rise       ; FF1             ;
; SB1       ; FF1        ; 2.097 ;       ; Rise       ; FF1             ;
; salida    ; FF1        ; 3.409 ; 3.703 ; Rise       ; FF1             ;
; salida5   ; FF1        ;       ; 3.056 ; Rise       ; FF1             ;
; salida30  ; FF1        ; 3.030 ;       ; Rise       ; FF1             ;
; CLEAR     ; FF1        ; 3.374 ;       ; Fall       ; FF1             ;
; SB1       ; FF1        ;       ; 2.155 ; Fall       ; FF1             ;
; salida    ; FF1        ; 3.754 ; 3.544 ; Fall       ; FF1             ;
; salida5   ; FF1        ; 3.152 ;       ; Fall       ; FF1             ;
; salida30  ; FF1        ;       ; 3.206 ; Fall       ; FF1             ;
; CLEAR     ; FF2        ;       ; 3.292 ; Rise       ; FF2             ;
; SB2       ; FF2        ; 2.403 ;       ; Rise       ; FF2             ;
; salida    ; FF2        ; 3.528 ;       ; Rise       ; FF2             ;
; salida5   ; FF2        ; 3.059 ;       ; Rise       ; FF2             ;
; salida30  ; FF2        ; 3.149 ;       ; Rise       ; FF2             ;
; CLEAR     ; FF2        ; 3.506 ;       ; Fall       ; FF2             ;
; SB2       ; FF2        ;       ; 2.499 ; Fall       ; FF2             ;
; salida    ; FF2        ;       ; 3.676 ; Fall       ; FF2             ;
; salida5   ; FF2        ;       ; 3.194 ; Fall       ; FF2             ;
; salida30  ; FF2        ;       ; 3.338 ; Fall       ; FF2             ;
; CLEAR     ; FF3        ;       ; 2.867 ; Rise       ; FF3             ;
; SB3       ; FF3        ; 1.821 ;       ; Rise       ; FF3             ;
; salida    ; FF3        ; 3.075 ; 3.109 ; Rise       ; FF3             ;
; salida5   ; FF3        ;       ; 3.022 ; Rise       ; FF3             ;
; salida30  ; FF3        ; 2.724 ;       ; Rise       ; FF3             ;
; CLEAR     ; FF3        ; 3.019 ;       ; Fall       ; FF3             ;
; SB3       ; FF3        ;       ; 1.836 ; Fall       ; FF3             ;
; salida    ; FF3        ; 3.146 ; 3.177 ; Fall       ; FF3             ;
; salida5   ; FF3        ; 3.026 ;       ; Fall       ; FF3             ;
; salida30  ; FF3        ;       ; 2.851 ; Fall       ; FF3             ;
; CLEAR     ; inst6      ;       ; 2.699 ; Rise       ; inst6           ;
; SB4       ; inst6      ; 2.623 ;       ; Rise       ; inst6           ;
; salida    ; inst6      ; 3.799 ; 3.822 ; Rise       ; inst6           ;
; salida5   ; inst6      ;       ; 3.106 ; Rise       ; inst6           ;
; salida30  ; inst6      ; 2.556 ;       ; Rise       ; inst6           ;
; CLEAR     ; inst6      ; 2.847 ; 3.658 ; Fall       ; inst6           ;
; SB4       ; inst6      ;       ; 2.754 ; Fall       ; inst6           ;
; SB5       ; inst6      ; 3.861 ; 4.014 ; Fall       ; inst6           ;
; salida    ; inst6      ; 3.692 ; 3.695 ; Fall       ; inst6           ;
; salida5   ; inst6      ; 2.951 ; 2.930 ; Fall       ; inst6           ;
; salida30  ; inst6      ; 3.515 ; 2.679 ; Fall       ; inst6           ;
+-----------+------------+-------+-------+------------+-----------------+


---------------------------------------------
; Fast 1200mV 0C Model Metastability Report ;
---------------------------------------------
No synchronizer chains to report.


+-------------------------------------------------------------------------------+
; Multicorner Timing Analysis Summary                                           ;
+------------------+--------+--------+----------+---------+---------------------+
; Clock            ; Setup  ; Hold   ; Recovery ; Removal ; Minimum Pulse Width ;
+------------------+--------+--------+----------+---------+---------------------+
; Worst-case Slack ; -0.298 ; -0.470 ; -1.456   ; -1.149  ; -3.000              ;
;  CLK             ; -0.298 ; -0.095 ; -0.498   ; -1.149  ; -3.000              ;
;  FF0             ; 0.594  ; -0.470 ; -0.687   ; -0.312  ; -1.000              ;
;  FF1             ; 0.128  ; -0.020 ; -1.293   ; 0.162   ; -1.000              ;
;  FF2             ; -0.067 ; 0.084  ; -1.456   ; 0.264   ; -1.000              ;
;  FF3             ; 0.081  ; 0.010  ; -1.190   ; 0.112   ; -1.000              ;
;  inst6           ; 0.317  ; 0.206  ; -1.302   ; 0.167   ; -1.000              ;
; Design-wide TNS  ; -0.777 ; -0.509 ; -6.426   ; -1.461  ; -12.104             ;
;  CLK             ; -0.710 ; -0.172 ; -0.498   ; -1.149  ; -7.104              ;
;  FF0             ; 0.000  ; -0.470 ; -0.687   ; -0.312  ; -1.000              ;
;  FF1             ; 0.000  ; -0.020 ; -1.293   ; 0.000   ; -1.000              ;
;  FF2             ; -0.067 ; 0.000  ; -1.456   ; 0.000   ; -1.000              ;
;  FF3             ; 0.000  ; 0.000  ; -1.190   ; 0.000   ; -1.000              ;
;  inst6           ; 0.000  ; 0.000  ; -1.302   ; 0.000   ; -1.000              ;
+------------------+--------+--------+----------+---------+---------------------+


+-----------------------------------------------------------------------+
; Clock to Output Times                                                 ;
+-----------+------------+-------+-------+------------+-----------------+
; Data Port ; Clock Port ; Rise  ; Fall  ; Clock Edge ; Clock Reference ;
+-----------+------------+-------+-------+------------+-----------------+
; B0        ; CLK        ; 7.244 ; 7.111 ; Rise       ; CLK             ;
; B1        ; CLK        ; 7.870 ; 7.748 ; Rise       ; CLK             ;
; B2        ; CLK        ; 7.520 ; 7.491 ; Rise       ; CLK             ;
; B3        ; CLK        ; 7.199 ; 7.029 ; Rise       ; CLK             ;
; B4        ; CLK        ; 7.271 ; 7.249 ; Rise       ; CLK             ;
; B5        ; CLK        ; 5.959 ; 5.878 ; Rise       ; CLK             ;
; B6        ; CLK        ; 7.075 ; 7.011 ; Rise       ; CLK             ;
; B7        ; CLK        ; 7.042 ; 6.973 ; Rise       ; CLK             ;
; B8        ; CLK        ; 7.145 ; 7.063 ; Rise       ; CLK             ;
; CLEAR     ; FF0        ; 5.426 ;       ; Rise       ; FF0             ;
; SB0       ; FF0        ; 3.235 ;       ; Rise       ; FF0             ;
; salida    ; FF0        ;       ; 6.362 ; Rise       ; FF0             ;
; salida5   ; FF0        ;       ; 5.354 ; Rise       ; FF0             ;
; salida30  ; FF0        ;       ; 5.161 ; Rise       ; FF0             ;
; CLEAR     ; FF0        ;       ; 5.499 ; Fall       ; FF0             ;
; SB0       ; FF0        ;       ; 3.158 ; Fall       ; FF0             ;
; salida    ; FF0        ; 6.472 ;       ; Fall       ; FF0             ;
; salida5   ; FF0        ; 5.519 ;       ; Fall       ; FF0             ;
; salida30  ; FF0        ; 5.233 ;       ; Fall       ; FF0             ;
; CLEAR     ; FF1        ;       ; 5.696 ; Rise       ; FF1             ;
; SB1       ; FF1        ; 3.673 ;       ; Rise       ; FF1             ;
; salida    ; FF1        ; 5.931 ; 6.283 ; Rise       ; FF1             ;
; salida5   ; FF1        ;       ; 5.337 ; Rise       ; FF1             ;
; salida30  ; FF1        ; 5.430 ;       ; Rise       ; FF1             ;
; CLEAR     ; FF1        ; 5.764 ;       ; Fall       ; FF1             ;
; SB1       ; FF1        ;       ; 3.618 ; Fall       ; FF1             ;
; salida    ; FF1        ; 6.391 ; 5.956 ; Fall       ; FF1             ;
; salida5   ; FF1        ; 5.527 ;       ; Fall       ; FF1             ;
; salida30  ; FF1        ;       ; 5.499 ; Fall       ; FF1             ;
; CLEAR     ; FF2        ;       ; 5.938 ; Rise       ; FF2             ;
; SB2       ; FF2        ; 4.229 ;       ; Rise       ; FF2             ;
; salida    ; FF2        ; 6.323 ;       ; Rise       ; FF2             ;
; salida5   ; FF2        ; 5.510 ;       ; Rise       ; FF2             ;
; salida30  ; FF2        ; 5.672 ;       ; Rise       ; FF2             ;
; CLEAR     ; FF2        ; 5.994 ;       ; Fall       ; FF2             ;
; SB2       ; FF2        ;       ; 4.165 ; Fall       ; FF2             ;
; salida    ; FF2        ;       ; 6.315 ; Fall       ; FF2             ;
; salida5   ; FF2        ;       ; 5.427 ; Fall       ; FF2             ;
; salida30  ; FF2        ;       ; 5.729 ; Fall       ; FF2             ;
; CLEAR     ; FF3        ;       ; 5.106 ; Rise       ; FF3             ;
; SB3       ; FF3        ; 3.147 ;       ; Rise       ; FF3             ;
; salida    ; FF3        ; 5.255 ; 5.175 ; Rise       ; FF3             ;
; salida5   ; FF3        ;       ; 5.283 ; Rise       ; FF3             ;
; salida30  ; FF3        ; 4.840 ;       ; Rise       ; FF3             ;
; CLEAR     ; FF3        ; 5.125 ;       ; Fall       ; FF3             ;
; SB3       ; FF3        ;       ; 3.082 ; Fall       ; FF3             ;
; salida    ; FF3        ; 5.315 ; 5.264 ; Fall       ; FF3             ;
; salida5   ; FF3        ; 5.477 ;       ; Fall       ; FF3             ;
; salida30  ; FF3        ;       ; 4.860 ; Fall       ; FF3             ;
; CLEAR     ; inst6      ;       ; 4.761 ; Rise       ; inst6           ;
; SB4       ; inst6      ; 4.593 ;       ; Rise       ; inst6           ;
; salida    ; inst6      ; 6.564 ; 6.479 ; Rise       ; inst6           ;
; salida5   ; inst6      ;       ; 5.454 ; Rise       ; inst6           ;
; salida30  ; inst6      ; 4.495 ;       ; Rise       ; inst6           ;
; CLEAR     ; inst6      ; 6.480 ; 6.571 ; Fall       ; inst6           ;
; SB4       ; inst6      ;       ; 4.593 ; Fall       ; inst6           ;
; SB5       ; inst6      ; 6.578 ; 6.670 ; Fall       ; inst6           ;
; salida    ; inst6      ; 6.806 ; 6.672 ; Fall       ; inst6           ;
; salida5   ; inst6      ; 5.627 ; 5.073 ; Fall       ; inst6           ;
; salida30  ; inst6      ; 6.305 ; 6.215 ; Fall       ; inst6           ;
+-----------+------------+-------+-------+------------+-----------------+


+-----------------------------------------------------------------------+
; Minimum Clock to Output Times                                         ;
+-----------+------------+-------+-------+------------+-----------------+
; Data Port ; Clock Port ; Rise  ; Fall  ; Clock Edge ; Clock Reference ;
+-----------+------------+-------+-------+------------+-----------------+
; B0        ; CLK        ; 3.841 ; 3.936 ; Rise       ; CLK             ;
; B1        ; CLK        ; 4.344 ; 4.332 ; Rise       ; CLK             ;
; B2        ; CLK        ; 4.216 ; 4.363 ; Rise       ; CLK             ;
; B3        ; CLK        ; 3.572 ; 3.619 ; Rise       ; CLK             ;
; B4        ; CLK        ; 4.100 ; 3.981 ; Rise       ; CLK             ;
; B5        ; CLK        ; 3.362 ; 3.400 ; Rise       ; CLK             ;
; B6        ; CLK        ; 3.809 ; 3.884 ; Rise       ; CLK             ;
; B7        ; CLK        ; 3.799 ; 3.860 ; Rise       ; CLK             ;
; B8        ; CLK        ; 3.989 ; 3.994 ; Rise       ; CLK             ;
; CLEAR     ; FF0        ; 3.189 ;       ; Rise       ; FF0             ;
; SB0       ; FF0        ; 1.874 ;       ; Rise       ; FF0             ;
; salida    ; FF0        ;       ; 3.359 ; Rise       ; FF0             ;
; salida5   ; FF0        ;       ; 3.066 ; Rise       ; FF0             ;
; salida30  ; FF0        ;       ; 3.021 ; Rise       ; FF0             ;
; CLEAR     ; FF0        ;       ; 3.078 ; Fall       ; FF0             ;
; SB0       ; FF0        ;       ; 1.904 ; Fall       ; FF0             ;
; salida    ; FF0        ; 3.314 ;       ; Fall       ; FF0             ;
; salida5   ; FF0        ; 3.065 ;       ; Fall       ; FF0             ;
; salida30  ; FF0        ; 2.935 ;       ; Fall       ; FF0             ;
; CLEAR     ; FF1        ;       ; 3.173 ; Rise       ; FF1             ;
; SB1       ; FF1        ; 2.097 ;       ; Rise       ; FF1             ;
; salida    ; FF1        ; 3.409 ; 3.703 ; Rise       ; FF1             ;
; salida5   ; FF1        ;       ; 3.056 ; Rise       ; FF1             ;
; salida30  ; FF1        ; 3.030 ;       ; Rise       ; FF1             ;
; CLEAR     ; FF1        ; 3.374 ;       ; Fall       ; FF1             ;
; SB1       ; FF1        ;       ; 2.155 ; Fall       ; FF1             ;
; salida    ; FF1        ; 3.754 ; 3.544 ; Fall       ; FF1             ;
; salida5   ; FF1        ; 3.152 ;       ; Fall       ; FF1             ;
; salida30  ; FF1        ;       ; 3.206 ; Fall       ; FF1             ;
; CLEAR     ; FF2        ;       ; 3.292 ; Rise       ; FF2             ;
; SB2       ; FF2        ; 2.403 ;       ; Rise       ; FF2             ;
; salida    ; FF2        ; 3.528 ;       ; Rise       ; FF2             ;
; salida5   ; FF2        ; 3.059 ;       ; Rise       ; FF2             ;
; salida30  ; FF2        ; 3.149 ;       ; Rise       ; FF2             ;
; CLEAR     ; FF2        ; 3.506 ;       ; Fall       ; FF2             ;
; SB2       ; FF2        ;       ; 2.499 ; Fall       ; FF2             ;
; salida    ; FF2        ;       ; 3.676 ; Fall       ; FF2             ;
; salida5   ; FF2        ;       ; 3.194 ; Fall       ; FF2             ;
; salida30  ; FF2        ;       ; 3.338 ; Fall       ; FF2             ;
; CLEAR     ; FF3        ;       ; 2.867 ; Rise       ; FF3             ;
; SB3       ; FF3        ; 1.821 ;       ; Rise       ; FF3             ;
; salida    ; FF3        ; 3.075 ; 3.109 ; Rise       ; FF3             ;
; salida5   ; FF3        ;       ; 3.022 ; Rise       ; FF3             ;
; salida30  ; FF3        ; 2.724 ;       ; Rise       ; FF3             ;
; CLEAR     ; FF3        ; 3.019 ;       ; Fall       ; FF3             ;
; SB3       ; FF3        ;       ; 1.836 ; Fall       ; FF3             ;
; salida    ; FF3        ; 3.146 ; 3.177 ; Fall       ; FF3             ;
; salida5   ; FF3        ; 3.026 ;       ; Fall       ; FF3             ;
; salida30  ; FF3        ;       ; 2.851 ; Fall       ; FF3             ;
; CLEAR     ; inst6      ;       ; 2.699 ; Rise       ; inst6           ;
; SB4       ; inst6      ; 2.623 ;       ; Rise       ; inst6           ;
; salida    ; inst6      ; 3.799 ; 3.822 ; Rise       ; inst6           ;
; salida5   ; inst6      ;       ; 3.106 ; Rise       ; inst6           ;
; salida30  ; inst6      ; 2.556 ;       ; Rise       ; inst6           ;
; CLEAR     ; inst6      ; 2.847 ; 3.658 ; Fall       ; inst6           ;
; SB4       ; inst6      ;       ; 2.754 ; Fall       ; inst6           ;
; SB5       ; inst6      ; 3.861 ; 4.014 ; Fall       ; inst6           ;
; salida    ; inst6      ; 3.692 ; 3.695 ; Fall       ; inst6           ;
; salida5   ; inst6      ; 2.951 ; 2.930 ; Fall       ; inst6           ;
; salida30  ; inst6      ; 3.515 ; 2.679 ; Fall       ; inst6           ;
+-----------+------------+-------+-------+------------+-----------------+


+------------------------------------------------------------------------------------------------------------------------------------------------------------------------------------------------------------------------------------------------------------------------------------------------------------------------------------------------------------------------------------------------------------------+
; Board Trace Model Assignments                                                                                                                                                                                                                                                                                                                                                                                    ;
+---------------+--------------+-------------------+-------------------------+-------------------------+---------------+---------------------+----------------+------------------+--------+------------------+------------------------+------------------------+--------------+---------------+-----------------+-------+---------------------+--------------------+---------------+-----------------+-------------+
; Pin           ; I/O Standard ; Near Tline Length ; Near Tline L per Length ; Near Tline C per Length ; Near Series R ; Near Differential R ; Near Pull-up R ; Near Pull-down R ; Near C ; Far Tline Length ; Far Tline L per Length ; Far Tline C per Length ; Far Series R ; Far Pull-up R ; Far Pull-down R ; Far C ; Termination Voltage ; Far Differential R ; EBD File Name ; EBD Signal Name ; EBD Far-end ;
+---------------+--------------+-------------------+-------------------------+-------------------------+---------------+---------------------+----------------+------------------+--------+------------------+------------------------+------------------------+--------------+---------------+-----------------+-------+---------------------+--------------------+---------------+-----------------+-------------+
; B8            ; 2.5 V        ; 0 in              ; 0 H/in                  ; 0 F/in                  ; short         ; -                   ; open           ; open             ; open   ; 0 in             ; 0 H/in                 ; 0 F/in                 ; short        ; open          ; open            ; open  ; 0 V                 ; -                  ; n/a           ; n/a             ; n/a         ;
; B7            ; 2.5 V        ; 0 in              ; 0 H/in                  ; 0 F/in                  ; short         ; -                   ; open           ; open             ; open   ; 0 in             ; 0 H/in                 ; 0 F/in                 ; short        ; open          ; open            ; open  ; 0 V                 ; -                  ; n/a           ; n/a             ; n/a         ;
; B6            ; 2.5 V        ; 0 in              ; 0 H/in                  ; 0 F/in                  ; short         ; -                   ; open           ; open             ; open   ; 0 in             ; 0 H/in                 ; 0 F/in                 ; short        ; open          ; open            ; open  ; 0 V                 ; -                  ; n/a           ; n/a             ; n/a         ;
; B5            ; 2.5 V        ; 0 in              ; 0 H/in                  ; 0 F/in                  ; short         ; -                   ; open           ; open             ; open   ; 0 in             ; 0 H/in                 ; 0 F/in                 ; short        ; open          ; open            ; open  ; 0 V                 ; -                  ; n/a           ; n/a             ; n/a         ;
; B4            ; 2.5 V        ; 0 in              ; 0 H/in                  ; 0 F/in                  ; short         ; -                   ; open           ; open             ; open   ; 0 in             ; 0 H/in                 ; 0 F/in                 ; short        ; open          ; open            ; open  ; 0 V                 ; -                  ; n/a           ; n/a             ; n/a         ;
; B3            ; 2.5 V        ; 0 in              ; 0 H/in                  ; 0 F/in                  ; short         ; -                   ; open           ; open             ; open   ; 0 in             ; 0 H/in                 ; 0 F/in                 ; short        ; open          ; open            ; open  ; 0 V                 ; -                  ; n/a           ; n/a             ; n/a         ;
; B2            ; 2.5 V        ; 0 in              ; 0 H/in                  ; 0 F/in                  ; short         ; -                   ; open           ; open             ; open   ; 0 in             ; 0 H/in                 ; 0 F/in                 ; short        ; open          ; open            ; open  ; 0 V                 ; -                  ; n/a           ; n/a             ; n/a         ;
; B1            ; 2.5 V        ; 0 in              ; 0 H/in                  ; 0 F/in                  ; short         ; -                   ; open           ; open             ; open   ; 0 in             ; 0 H/in                 ; 0 F/in                 ; short        ; open          ; open            ; open  ; 0 V                 ; -                  ; n/a           ; n/a             ; n/a         ;
; B0            ; 2.5 V        ; 0 in              ; 0 H/in                  ; 0 F/in                  ; short         ; -                   ; open           ; open             ; open   ; 0 in             ; 0 H/in                 ; 0 F/in                 ; short        ; open          ; open            ; open  ; 0 V                 ; -                  ; n/a           ; n/a             ; n/a         ;
; salida        ; 2.5 V        ; 0 in              ; 0 H/in                  ; 0 F/in                  ; short         ; -                   ; open           ; open             ; open   ; 0 in             ; 0 H/in                 ; 0 F/in                 ; short        ; open          ; open            ; open  ; 0 V                 ; -                  ; n/a           ; n/a             ; n/a         ;
; salida5       ; 2.5 V        ; 0 in              ; 0 H/in                  ; 0 F/in                  ; short         ; -                   ; open           ; open             ; open   ; 0 in             ; 0 H/in                 ; 0 F/in                 ; short        ; open          ; open            ; open  ; 0 V                 ; -                  ; n/a           ; n/a             ; n/a         ;
; CLEAR         ; 2.5 V        ; 0 in              ; 0 H/in                  ; 0 F/in                  ; short         ; -                   ; open           ; open             ; open   ; 0 in             ; 0 H/in                 ; 0 F/in                 ; short        ; open          ; open            ; open  ; 0 V                 ; -                  ; n/a           ; n/a             ; n/a         ;
; SB0           ; 2.5 V        ; 0 in              ; 0 H/in                  ; 0 F/in                  ; short         ; -                   ; open           ; open             ; open   ; 0 in             ; 0 H/in                 ; 0 F/in                 ; short        ; open          ; open            ; open  ; 0 V                 ; -                  ; n/a           ; n/a             ; n/a         ;
; SB1           ; 2.5 V        ; 0 in              ; 0 H/in                  ; 0 F/in                  ; short         ; -                   ; open           ; open             ; open   ; 0 in             ; 0 H/in                 ; 0 F/in                 ; short        ; open          ; open            ; open  ; 0 V                 ; -                  ; n/a           ; n/a             ; n/a         ;
; SB2           ; 2.5 V        ; 0 in              ; 0 H/in                  ; 0 F/in                  ; short         ; -                   ; open           ; open             ; open   ; 0 in             ; 0 H/in                 ; 0 F/in                 ; short        ; open          ; open            ; open  ; 0 V                 ; -                  ; n/a           ; n/a             ; n/a         ;
; SB3           ; 2.5 V        ; 0 in              ; 0 H/in                  ; 0 F/in                  ; short         ; -                   ; open           ; open             ; open   ; 0 in             ; 0 H/in                 ; 0 F/in                 ; short        ; open          ; open            ; open  ; 0 V                 ; -                  ; n/a           ; n/a             ; n/a         ;
; SB4           ; 2.5 V        ; 0 in              ; 0 H/in                  ; 0 F/in                  ; short         ; -                   ; open           ; open             ; open   ; 0 in             ; 0 H/in                 ; 0 F/in                 ; short        ; open          ; open            ; open  ; 0 V                 ; -                  ; n/a           ; n/a             ; n/a         ;
; SB5           ; 2.5 V        ; 0 in              ; 0 H/in                  ; 0 F/in                  ; short         ; -                   ; open           ; open             ; open   ; 0 in             ; 0 H/in                 ; 0 F/in                 ; short        ; open          ; open            ; open  ; 0 V                 ; -                  ; n/a           ; n/a             ; n/a         ;
; salida30      ; 2.5 V        ; 0 in              ; 0 H/in                  ; 0 F/in                  ; short         ; -                   ; open           ; open             ; open   ; 0 in             ; 0 H/in                 ; 0 F/in                 ; short        ; open          ; open            ; open  ; 0 V                 ; -                  ; n/a           ; n/a             ; n/a         ;
; ~ALTERA_NCEO~ ; 2.5 V        ; 0 in              ; 0 H/in                  ; 0 F/in                  ; short         ; -                   ; open           ; open             ; open   ; 0 in             ; 0 H/in                 ; 0 F/in                 ; short        ; open          ; open            ; open  ; 0 V                 ; -                  ; n/a           ; n/a             ; n/a         ;
; ~ALTERA_DCLK~ ; 2.5 V        ; 0 in              ; 0 H/in                  ; 0 F/in                  ; short         ; -                   ; open           ; open             ; open   ; 0 in             ; 0 H/in                 ; 0 F/in                 ; short        ; open          ; open            ; open  ; 0 V                 ; -                  ; n/a           ; n/a             ; n/a         ;
+---------------+--------------+-------------------+-------------------------+-------------------------+---------------+---------------------+----------------+------------------+--------+------------------+------------------------+------------------------+--------------+---------------+-----------------+-------+---------------------+--------------------+---------------+-----------------+-------------+


+-------------------------------------------------------------------+
; Input Transition Times                                            ;
+----------------+--------------+-----------------+-----------------+
; Pin            ; I/O Standard ; 10-90 Rise Time ; 90-10 Fall Time ;
+----------------+--------------+-----------------+-----------------+
; CLK            ; 2.5 V        ; 2000 ps         ; 2000 ps         ;
; ~ALTERA_DATA0~ ; 2.5 V        ; 2000 ps         ; 2000 ps         ;
; ~ALTERA_ASDO~  ; 2.5 V        ; 2000 ps         ; 2000 ps         ;
; ~ALTERA_NCSO~  ; 2.5 V        ; 2000 ps         ; 2000 ps         ;
+----------------+--------------+-----------------+-----------------+


+--------------------------------------------------------------------------------------------------------------------------------------------------------------------------------------------------------------------------------------------------------------------------------------------------------------------------------------------------------------------------------------------------------------------------------------------------------------------------------------------------------------------------------------------------------------------------------------------------------------------------------------------------------------------------------------------+
; Signal Integrity Metrics (Slow 1200mv 0c Model)                                                                                                                                                                                                                                                                                                                                                                                                                                                                                                                                                                                                                                            ;
+---------------+--------------+---------------------+---------------------+------------------------------+------------------------------+---------------------+---------------------+--------------------------------------+--------------------------------------+-----------------------------+-----------------------------+----------------------------+----------------------------+-----------------------------+-----------------------------+--------------------+--------------------+-------------------------------------+-------------------------------------+----------------------------+----------------------------+---------------------------+---------------------------+
; Pin           ; I/O Standard ; Board Delay on Rise ; Board Delay on Fall ; Steady State Voh at FPGA Pin ; Steady State Vol at FPGA Pin ; Voh Max at FPGA Pin ; Vol Min at FPGA Pin ; Ringback Voltage on Rise at FPGA Pin ; Ringback Voltage on Fall at FPGA Pin ; 10-90 Rise Time at FPGA Pin ; 90-10 Fall Time at FPGA Pin ; Monotonic Rise at FPGA Pin ; Monotonic Fall at FPGA Pin ; Steady State Voh at Far-end ; Steady State Vol at Far-end ; Voh Max at Far-end ; Vol Min at Far-end ; Ringback Voltage on Rise at Far-end ; Ringback Voltage on Fall at Far-end ; 10-90 Rise Time at Far-end ; 90-10 Fall Time at Far-end ; Monotonic Rise at Far-end ; Monotonic Fall at Far-end ;
+---------------+--------------+---------------------+---------------------+------------------------------+------------------------------+---------------------+---------------------+--------------------------------------+--------------------------------------+-----------------------------+-----------------------------+----------------------------+----------------------------+-----------------------------+-----------------------------+--------------------+--------------------+-------------------------------------+-------------------------------------+----------------------------+----------------------------+---------------------------+---------------------------+
; B8            ; 2.5 V        ; 0 s                 ; 0 s                 ; 2.32 V                       ; 7.29e-09 V                   ; 2.39 V              ; -0.00339 V          ; 0.206 V                              ; 0.007 V                              ; 2.77e-10 s                  ; 3.24e-10 s                  ; Yes                        ; Yes                        ; 2.32 V                      ; 7.29e-09 V                  ; 2.39 V             ; -0.00339 V         ; 0.206 V                             ; 0.007 V                             ; 2.77e-10 s                 ; 3.24e-10 s                 ; Yes                       ; Yes                       ;
; B7            ; 2.5 V        ; 0 s                 ; 0 s                 ; 2.32 V                       ; 7.29e-09 V                   ; 2.39 V              ; -0.00317 V          ; 0.179 V                              ; 0.007 V                              ; 4.7e-10 s                   ; 4.72e-10 s                  ; No                         ; Yes                        ; 2.32 V                      ; 7.29e-09 V                  ; 2.39 V             ; -0.00317 V         ; 0.179 V                             ; 0.007 V                             ; 4.7e-10 s                  ; 4.72e-10 s                 ; No                        ; Yes                       ;
; B6            ; 2.5 V        ; 0 s                 ; 0 s                 ; 2.32 V                       ; 7.29e-09 V                   ; 2.39 V              ; -0.00317 V          ; 0.179 V                              ; 0.007 V                              ; 4.7e-10 s                   ; 4.72e-10 s                  ; No                         ; Yes                        ; 2.32 V                      ; 7.29e-09 V                  ; 2.39 V             ; -0.00317 V         ; 0.179 V                             ; 0.007 V                             ; 4.7e-10 s                  ; 4.72e-10 s                 ; No                        ; Yes                       ;
; B5            ; 2.5 V        ; 0 s                 ; 0 s                 ; 2.32 V                       ; 7.29e-09 V                   ; 2.39 V              ; -0.00317 V          ; 0.179 V                              ; 0.007 V                              ; 4.7e-10 s                   ; 4.72e-10 s                  ; No                         ; Yes                        ; 2.32 V                      ; 7.29e-09 V                  ; 2.39 V             ; -0.00317 V         ; 0.179 V                             ; 0.007 V                             ; 4.7e-10 s                  ; 4.72e-10 s                 ; No                        ; Yes                       ;
; B4            ; 2.5 V        ; 0 s                 ; 0 s                 ; 2.32 V                       ; 7.29e-09 V                   ; 2.39 V              ; -0.00339 V          ; 0.206 V                              ; 0.007 V                              ; 2.77e-10 s                  ; 3.24e-10 s                  ; Yes                        ; Yes                        ; 2.32 V                      ; 7.29e-09 V                  ; 2.39 V             ; -0.00339 V         ; 0.206 V                             ; 0.007 V                             ; 2.77e-10 s                 ; 3.24e-10 s                 ; Yes                       ; Yes                       ;
; B3            ; 2.5 V        ; 0 s                 ; 0 s                 ; 2.32 V                       ; 7.29e-09 V                   ; 2.39 V              ; -0.00339 V          ; 0.206 V                              ; 0.007 V                              ; 2.77e-10 s                  ; 3.24e-10 s                  ; Yes                        ; Yes                        ; 2.32 V                      ; 7.29e-09 V                  ; 2.39 V             ; -0.00339 V         ; 0.206 V                             ; 0.007 V                             ; 2.77e-10 s                 ; 3.24e-10 s                 ; Yes                       ; Yes                       ;
; B2            ; 2.5 V        ; 0 s                 ; 0 s                 ; 2.32 V                       ; 7.29e-09 V                   ; 2.39 V              ; -0.00339 V          ; 0.206 V                              ; 0.007 V                              ; 2.77e-10 s                  ; 3.24e-10 s                  ; Yes                        ; Yes                        ; 2.32 V                      ; 7.29e-09 V                  ; 2.39 V             ; -0.00339 V         ; 0.206 V                             ; 0.007 V                             ; 2.77e-10 s                 ; 3.24e-10 s                 ; Yes                       ; Yes                       ;
; B1            ; 2.5 V        ; 0 s                 ; 0 s                 ; 2.32 V                       ; 7.29e-09 V                   ; 2.34 V              ; -0.00668 V          ; 0.218 V                              ; 0.076 V                              ; 1.92e-09 s                  ; 1.81e-09 s                  ; No                         ; Yes                        ; 2.32 V                      ; 7.29e-09 V                  ; 2.34 V             ; -0.00668 V         ; 0.218 V                             ; 0.076 V                             ; 1.92e-09 s                 ; 1.81e-09 s                 ; No                        ; Yes                       ;
; B0            ; 2.5 V        ; 0 s                 ; 0 s                 ; 2.32 V                       ; 7.29e-09 V                   ; 2.39 V              ; -0.00317 V          ; 0.179 V                              ; 0.007 V                              ; 4.7e-10 s                   ; 4.72e-10 s                  ; No                         ; Yes                        ; 2.32 V                      ; 7.29e-09 V                  ; 2.39 V             ; -0.00317 V         ; 0.179 V                             ; 0.007 V                             ; 4.7e-10 s                  ; 4.72e-10 s                 ; No                        ; Yes                       ;
; salida        ; 2.5 V        ; 0 s                 ; 0 s                 ; 2.32 V                       ; 7.29e-09 V                   ; 2.34 V              ; -0.00668 V          ; 0.218 V                              ; 0.076 V                              ; 1.92e-09 s                  ; 1.81e-09 s                  ; No                         ; Yes                        ; 2.32 V                      ; 7.29e-09 V                  ; 2.34 V             ; -0.00668 V         ; 0.218 V                             ; 0.076 V                             ; 1.92e-09 s                 ; 1.81e-09 s                 ; No                        ; Yes                       ;
; salida5       ; 2.5 V        ; 0 s                 ; 0 s                 ; 2.32 V                       ; 7.29e-09 V                   ; 2.39 V              ; -0.00339 V          ; 0.206 V                              ; 0.007 V                              ; 2.77e-10 s                  ; 3.24e-10 s                  ; Yes                        ; Yes                        ; 2.32 V                      ; 7.29e-09 V                  ; 2.39 V             ; -0.00339 V         ; 0.206 V                             ; 0.007 V                             ; 2.77e-10 s                 ; 3.24e-10 s                 ; Yes                       ; Yes                       ;
; CLEAR         ; 2.5 V        ; 0 s                 ; 0 s                 ; 2.32 V                       ; 7.29e-09 V                   ; 2.39 V              ; -0.00317 V          ; 0.179 V                              ; 0.007 V                              ; 4.7e-10 s                   ; 4.72e-10 s                  ; No                         ; Yes                        ; 2.32 V                      ; 7.29e-09 V                  ; 2.39 V             ; -0.00317 V         ; 0.179 V                             ; 0.007 V                             ; 4.7e-10 s                  ; 4.72e-10 s                 ; No                        ; Yes                       ;
; SB0           ; 2.5 V        ; 0 s                 ; 0 s                 ; 2.32 V                       ; 7.29e-09 V                   ; 2.39 V              ; -0.00317 V          ; 0.179 V                              ; 0.007 V                              ; 4.7e-10 s                   ; 4.72e-10 s                  ; No                         ; Yes                        ; 2.32 V                      ; 7.29e-09 V                  ; 2.39 V             ; -0.00317 V         ; 0.179 V                             ; 0.007 V                             ; 4.7e-10 s                  ; 4.72e-10 s                 ; No                        ; Yes                       ;
; SB1           ; 2.5 V        ; 0 s                 ; 0 s                 ; 2.32 V                       ; 7.29e-09 V                   ; 2.39 V              ; -0.00339 V          ; 0.206 V                              ; 0.007 V                              ; 2.77e-10 s                  ; 3.24e-10 s                  ; Yes                        ; Yes                        ; 2.32 V                      ; 7.29e-09 V                  ; 2.39 V             ; -0.00339 V         ; 0.206 V                             ; 0.007 V                             ; 2.77e-10 s                 ; 3.24e-10 s                 ; Yes                       ; Yes                       ;
; SB2           ; 2.5 V        ; 0 s                 ; 0 s                 ; 2.32 V                       ; 7.29e-09 V                   ; 2.39 V              ; -0.00317 V          ; 0.179 V                              ; 0.007 V                              ; 4.7e-10 s                   ; 4.72e-10 s                  ; No                         ; Yes                        ; 2.32 V                      ; 7.29e-09 V                  ; 2.39 V             ; -0.00317 V         ; 0.179 V                             ; 0.007 V                             ; 4.7e-10 s                  ; 4.72e-10 s                 ; No                        ; Yes                       ;
; SB3           ; 2.5 V        ; 0 s                 ; 0 s                 ; 2.32 V                       ; 7.29e-09 V                   ; 2.39 V              ; -0.00339 V          ; 0.206 V                              ; 0.007 V                              ; 2.77e-10 s                  ; 3.24e-10 s                  ; Yes                        ; Yes                        ; 2.32 V                      ; 7.29e-09 V                  ; 2.39 V             ; -0.00339 V         ; 0.206 V                             ; 0.007 V                             ; 2.77e-10 s                 ; 3.24e-10 s                 ; Yes                       ; Yes                       ;
; SB4           ; 2.5 V        ; 0 s                 ; 0 s                 ; 2.32 V                       ; 7.29e-09 V                   ; 2.39 V              ; -0.00339 V          ; 0.206 V                              ; 0.007 V                              ; 2.77e-10 s                  ; 3.24e-10 s                  ; Yes                        ; Yes                        ; 2.32 V                      ; 7.29e-09 V                  ; 2.39 V             ; -0.00339 V         ; 0.206 V                             ; 0.007 V                             ; 2.77e-10 s                 ; 3.24e-10 s                 ; Yes                       ; Yes                       ;
; SB5           ; 2.5 V        ; 0 s                 ; 0 s                 ; 2.32 V                       ; 7.29e-09 V                   ; 2.34 V              ; -0.00668 V          ; 0.218 V                              ; 0.076 V                              ; 1.92e-09 s                  ; 1.81e-09 s                  ; No                         ; Yes                        ; 2.32 V                      ; 7.29e-09 V                  ; 2.34 V             ; -0.00668 V         ; 0.218 V                             ; 0.076 V                             ; 1.92e-09 s                 ; 1.81e-09 s                 ; No                        ; Yes                       ;
; salida30      ; 2.5 V        ; 0 s                 ; 0 s                 ; 2.32 V                       ; 7.29e-09 V                   ; 2.39 V              ; -0.00317 V          ; 0.179 V                              ; 0.007 V                              ; 4.7e-10 s                   ; 4.72e-10 s                  ; No                         ; Yes                        ; 2.32 V                      ; 7.29e-09 V                  ; 2.39 V             ; -0.00317 V         ; 0.179 V                             ; 0.007 V                             ; 4.7e-10 s                  ; 4.72e-10 s                 ; No                        ; Yes                       ;
; ~ALTERA_NCEO~ ; 2.5 V        ; 0 s                 ; 0 s                 ; 2.32 V                       ; 4.76e-09 V                   ; 2.4 V               ; -0.034 V            ; 0.102 V                              ; 0.065 V                              ; 2.49e-10 s                  ; 3.49e-10 s                  ; Yes                        ; Yes                        ; 2.32 V                      ; 4.76e-09 V                  ; 2.4 V              ; -0.034 V           ; 0.102 V                             ; 0.065 V                             ; 2.49e-10 s                 ; 3.49e-10 s                 ; Yes                       ; Yes                       ;
; ~ALTERA_DCLK~ ; 2.5 V        ; 0 s                 ; 0 s                 ; 2.32 V                       ; 5.94e-09 V                   ; 2.39 V              ; -0.0344 V           ; 0.156 V                              ; 0.089 V                              ; 2.68e-10 s                  ; 2.6e-10 s                   ; Yes                        ; Yes                        ; 2.32 V                      ; 5.94e-09 V                  ; 2.39 V             ; -0.0344 V          ; 0.156 V                             ; 0.089 V                             ; 2.68e-10 s                 ; 2.6e-10 s                  ; Yes                       ; Yes                       ;
+---------------+--------------+---------------------+---------------------+------------------------------+------------------------------+---------------------+---------------------+--------------------------------------+--------------------------------------+-----------------------------+-----------------------------+----------------------------+----------------------------+-----------------------------+-----------------------------+--------------------+--------------------+-------------------------------------+-------------------------------------+----------------------------+----------------------------+---------------------------+---------------------------+


+--------------------------------------------------------------------------------------------------------------------------------------------------------------------------------------------------------------------------------------------------------------------------------------------------------------------------------------------------------------------------------------------------------------------------------------------------------------------------------------------------------------------------------------------------------------------------------------------------------------------------------------------------------------------------------------------+
; Signal Integrity Metrics (Slow 1200mv 85c Model)                                                                                                                                                                                                                                                                                                                                                                                                                                                                                                                                                                                                                                           ;
+---------------+--------------+---------------------+---------------------+------------------------------+------------------------------+---------------------+---------------------+--------------------------------------+--------------------------------------+-----------------------------+-----------------------------+----------------------------+----------------------------+-----------------------------+-----------------------------+--------------------+--------------------+-------------------------------------+-------------------------------------+----------------------------+----------------------------+---------------------------+---------------------------+
; Pin           ; I/O Standard ; Board Delay on Rise ; Board Delay on Fall ; Steady State Voh at FPGA Pin ; Steady State Vol at FPGA Pin ; Voh Max at FPGA Pin ; Vol Min at FPGA Pin ; Ringback Voltage on Rise at FPGA Pin ; Ringback Voltage on Fall at FPGA Pin ; 10-90 Rise Time at FPGA Pin ; 90-10 Fall Time at FPGA Pin ; Monotonic Rise at FPGA Pin ; Monotonic Fall at FPGA Pin ; Steady State Voh at Far-end ; Steady State Vol at Far-end ; Voh Max at Far-end ; Vol Min at Far-end ; Ringback Voltage on Rise at Far-end ; Ringback Voltage on Fall at Far-end ; 10-90 Rise Time at Far-end ; 90-10 Fall Time at Far-end ; Monotonic Rise at Far-end ; Monotonic Fall at Far-end ;
+---------------+--------------+---------------------+---------------------+------------------------------+------------------------------+---------------------+---------------------+--------------------------------------+--------------------------------------+-----------------------------+-----------------------------+----------------------------+----------------------------+-----------------------------+-----------------------------+--------------------+--------------------+-------------------------------------+-------------------------------------+----------------------------+----------------------------+---------------------------+---------------------------+
; B8            ; 2.5 V        ; 0 s                 ; 0 s                 ; 2.32 V                       ; 1.21e-06 V                   ; 2.37 V              ; -0.00606 V          ; 0.107 V                              ; 0.021 V                              ; 4.26e-10 s                  ; 4.03e-10 s                  ; Yes                        ; Yes                        ; 2.32 V                      ; 1.21e-06 V                  ; 2.37 V             ; -0.00606 V         ; 0.107 V                             ; 0.021 V                             ; 4.26e-10 s                 ; 4.03e-10 s                 ; Yes                       ; Yes                       ;
; B7            ; 2.5 V        ; 0 s                 ; 0 s                 ; 2.32 V                       ; 1.21e-06 V                   ; 2.36 V              ; -0.00833 V          ; 0.113 V                              ; 0.035 V                              ; 6.32e-10 s                  ; 5.89e-10 s                  ; No                         ; Yes                        ; 2.32 V                      ; 1.21e-06 V                  ; 2.36 V             ; -0.00833 V         ; 0.113 V                             ; 0.035 V                             ; 6.32e-10 s                 ; 5.89e-10 s                 ; No                        ; Yes                       ;
; B6            ; 2.5 V        ; 0 s                 ; 0 s                 ; 2.32 V                       ; 1.21e-06 V                   ; 2.36 V              ; -0.00833 V          ; 0.113 V                              ; 0.035 V                              ; 6.32e-10 s                  ; 5.89e-10 s                  ; No                         ; Yes                        ; 2.32 V                      ; 1.21e-06 V                  ; 2.36 V             ; -0.00833 V         ; 0.113 V                             ; 0.035 V                             ; 6.32e-10 s                 ; 5.89e-10 s                 ; No                        ; Yes                       ;
; B5            ; 2.5 V        ; 0 s                 ; 0 s                 ; 2.32 V                       ; 1.21e-06 V                   ; 2.36 V              ; -0.00833 V          ; 0.113 V                              ; 0.035 V                              ; 6.32e-10 s                  ; 5.89e-10 s                  ; No                         ; Yes                        ; 2.32 V                      ; 1.21e-06 V                  ; 2.36 V             ; -0.00833 V         ; 0.113 V                             ; 0.035 V                             ; 6.32e-10 s                 ; 5.89e-10 s                 ; No                        ; Yes                       ;
; B4            ; 2.5 V        ; 0 s                 ; 0 s                 ; 2.32 V                       ; 1.21e-06 V                   ; 2.37 V              ; -0.00606 V          ; 0.107 V                              ; 0.021 V                              ; 4.26e-10 s                  ; 4.03e-10 s                  ; Yes                        ; Yes                        ; 2.32 V                      ; 1.21e-06 V                  ; 2.37 V             ; -0.00606 V         ; 0.107 V                             ; 0.021 V                             ; 4.26e-10 s                 ; 4.03e-10 s                 ; Yes                       ; Yes                       ;
; B3            ; 2.5 V        ; 0 s                 ; 0 s                 ; 2.32 V                       ; 1.21e-06 V                   ; 2.37 V              ; -0.00606 V          ; 0.107 V                              ; 0.021 V                              ; 4.26e-10 s                  ; 4.03e-10 s                  ; Yes                        ; Yes                        ; 2.32 V                      ; 1.21e-06 V                  ; 2.37 V             ; -0.00606 V         ; 0.107 V                             ; 0.021 V                             ; 4.26e-10 s                 ; 4.03e-10 s                 ; Yes                       ; Yes                       ;
; B2            ; 2.5 V        ; 0 s                 ; 0 s                 ; 2.32 V                       ; 1.21e-06 V                   ; 2.37 V              ; -0.00606 V          ; 0.107 V                              ; 0.021 V                              ; 4.26e-10 s                  ; 4.03e-10 s                  ; Yes                        ; Yes                        ; 2.32 V                      ; 1.21e-06 V                  ; 2.37 V             ; -0.00606 V         ; 0.107 V                             ; 0.021 V                             ; 4.26e-10 s                 ; 4.03e-10 s                 ; Yes                       ; Yes                       ;
; B1            ; 2.5 V        ; 0 s                 ; 0 s                 ; 2.32 V                       ; 1.21e-06 V                   ; 2.33 V              ; -0.00286 V          ; 0.193 V                              ; 0.042 V                              ; 2.32e-09 s                  ; 2.21e-09 s                  ; Yes                        ; Yes                        ; 2.32 V                      ; 1.21e-06 V                  ; 2.33 V             ; -0.00286 V         ; 0.193 V                             ; 0.042 V                             ; 2.32e-09 s                 ; 2.21e-09 s                 ; Yes                       ; Yes                       ;
; B0            ; 2.5 V        ; 0 s                 ; 0 s                 ; 2.32 V                       ; 1.21e-06 V                   ; 2.36 V              ; -0.00833 V          ; 0.113 V                              ; 0.035 V                              ; 6.32e-10 s                  ; 5.89e-10 s                  ; No                         ; Yes                        ; 2.32 V                      ; 1.21e-06 V                  ; 2.36 V             ; -0.00833 V         ; 0.113 V                             ; 0.035 V                             ; 6.32e-10 s                 ; 5.89e-10 s                 ; No                        ; Yes                       ;
; salida        ; 2.5 V        ; 0 s                 ; 0 s                 ; 2.32 V                       ; 1.21e-06 V                   ; 2.33 V              ; -0.00286 V          ; 0.193 V                              ; 0.042 V                              ; 2.32e-09 s                  ; 2.21e-09 s                  ; Yes                        ; Yes                        ; 2.32 V                      ; 1.21e-06 V                  ; 2.33 V             ; -0.00286 V         ; 0.193 V                             ; 0.042 V                             ; 2.32e-09 s                 ; 2.21e-09 s                 ; Yes                       ; Yes                       ;
; salida5       ; 2.5 V        ; 0 s                 ; 0 s                 ; 2.32 V                       ; 1.21e-06 V                   ; 2.37 V              ; -0.00606 V          ; 0.107 V                              ; 0.021 V                              ; 4.26e-10 s                  ; 4.03e-10 s                  ; Yes                        ; Yes                        ; 2.32 V                      ; 1.21e-06 V                  ; 2.37 V             ; -0.00606 V         ; 0.107 V                             ; 0.021 V                             ; 4.26e-10 s                 ; 4.03e-10 s                 ; Yes                       ; Yes                       ;
; CLEAR         ; 2.5 V        ; 0 s                 ; 0 s                 ; 2.32 V                       ; 1.21e-06 V                   ; 2.36 V              ; -0.00833 V          ; 0.113 V                              ; 0.035 V                              ; 6.32e-10 s                  ; 5.89e-10 s                  ; No                         ; Yes                        ; 2.32 V                      ; 1.21e-06 V                  ; 2.36 V             ; -0.00833 V         ; 0.113 V                             ; 0.035 V                             ; 6.32e-10 s                 ; 5.89e-10 s                 ; No                        ; Yes                       ;
; SB0           ; 2.5 V        ; 0 s                 ; 0 s                 ; 2.32 V                       ; 1.21e-06 V                   ; 2.36 V              ; -0.00833 V          ; 0.113 V                              ; 0.035 V                              ; 6.32e-10 s                  ; 5.89e-10 s                  ; No                         ; Yes                        ; 2.32 V                      ; 1.21e-06 V                  ; 2.36 V             ; -0.00833 V         ; 0.113 V                             ; 0.035 V                             ; 6.32e-10 s                 ; 5.89e-10 s                 ; No                        ; Yes                       ;
; SB1           ; 2.5 V        ; 0 s                 ; 0 s                 ; 2.32 V                       ; 1.21e-06 V                   ; 2.37 V              ; -0.00606 V          ; 0.107 V                              ; 0.021 V                              ; 4.26e-10 s                  ; 4.03e-10 s                  ; Yes                        ; Yes                        ; 2.32 V                      ; 1.21e-06 V                  ; 2.37 V             ; -0.00606 V         ; 0.107 V                             ; 0.021 V                             ; 4.26e-10 s                 ; 4.03e-10 s                 ; Yes                       ; Yes                       ;
; SB2           ; 2.5 V        ; 0 s                 ; 0 s                 ; 2.32 V                       ; 1.21e-06 V                   ; 2.36 V              ; -0.00833 V          ; 0.113 V                              ; 0.035 V                              ; 6.32e-10 s                  ; 5.89e-10 s                  ; No                         ; Yes                        ; 2.32 V                      ; 1.21e-06 V                  ; 2.36 V             ; -0.00833 V         ; 0.113 V                             ; 0.035 V                             ; 6.32e-10 s                 ; 5.89e-10 s                 ; No                        ; Yes                       ;
; SB3           ; 2.5 V        ; 0 s                 ; 0 s                 ; 2.32 V                       ; 1.21e-06 V                   ; 2.37 V              ; -0.00606 V          ; 0.107 V                              ; 0.021 V                              ; 4.26e-10 s                  ; 4.03e-10 s                  ; Yes                        ; Yes                        ; 2.32 V                      ; 1.21e-06 V                  ; 2.37 V             ; -0.00606 V         ; 0.107 V                             ; 0.021 V                             ; 4.26e-10 s                 ; 4.03e-10 s                 ; Yes                       ; Yes                       ;
; SB4           ; 2.5 V        ; 0 s                 ; 0 s                 ; 2.32 V                       ; 1.21e-06 V                   ; 2.37 V              ; -0.00606 V          ; 0.107 V                              ; 0.021 V                              ; 4.26e-10 s                  ; 4.03e-10 s                  ; Yes                        ; Yes                        ; 2.32 V                      ; 1.21e-06 V                  ; 2.37 V             ; -0.00606 V         ; 0.107 V                             ; 0.021 V                             ; 4.26e-10 s                 ; 4.03e-10 s                 ; Yes                       ; Yes                       ;
; SB5           ; 2.5 V        ; 0 s                 ; 0 s                 ; 2.32 V                       ; 1.21e-06 V                   ; 2.33 V              ; -0.00286 V          ; 0.193 V                              ; 0.042 V                              ; 2.32e-09 s                  ; 2.21e-09 s                  ; Yes                        ; Yes                        ; 2.32 V                      ; 1.21e-06 V                  ; 2.33 V             ; -0.00286 V         ; 0.193 V                             ; 0.042 V                             ; 2.32e-09 s                 ; 2.21e-09 s                 ; Yes                       ; Yes                       ;
; salida30      ; 2.5 V        ; 0 s                 ; 0 s                 ; 2.32 V                       ; 1.21e-06 V                   ; 2.36 V              ; -0.00833 V          ; 0.113 V                              ; 0.035 V                              ; 6.32e-10 s                  ; 5.89e-10 s                  ; No                         ; Yes                        ; 2.32 V                      ; 1.21e-06 V                  ; 2.36 V             ; -0.00833 V         ; 0.113 V                             ; 0.035 V                             ; 6.32e-10 s                 ; 5.89e-10 s                 ; No                        ; Yes                       ;
; ~ALTERA_NCEO~ ; 2.5 V        ; 0 s                 ; 0 s                 ; 2.32 V                       ; 7.93e-07 V                   ; 2.37 V              ; -0.0278 V           ; 0.106 V                              ; 0.115 V                              ; 2.69e-10 s                  ; 4.05e-10 s                  ; Yes                        ; Yes                        ; 2.32 V                      ; 7.93e-07 V                  ; 2.37 V             ; -0.0278 V          ; 0.106 V                             ; 0.115 V                             ; 2.69e-10 s                 ; 4.05e-10 s                 ; Yes                       ; Yes                       ;
; ~ALTERA_DCLK~ ; 2.5 V        ; 0 s                 ; 0 s                 ; 2.32 V                       ; 9.76e-07 V                   ; 2.36 V              ; -0.00439 V          ; 0.088 V                              ; 0.007 V                              ; 4.05e-10 s                  ; 3.35e-10 s                  ; Yes                        ; Yes                        ; 2.32 V                      ; 9.76e-07 V                  ; 2.36 V             ; -0.00439 V         ; 0.088 V                             ; 0.007 V                             ; 4.05e-10 s                 ; 3.35e-10 s                 ; Yes                       ; Yes                       ;
+---------------+--------------+---------------------+---------------------+------------------------------+------------------------------+---------------------+---------------------+--------------------------------------+--------------------------------------+-----------------------------+-----------------------------+----------------------------+----------------------------+-----------------------------+-----------------------------+--------------------+--------------------+-------------------------------------+-------------------------------------+----------------------------+----------------------------+---------------------------+---------------------------+


+--------------------------------------------------------------------------------------------------------------------------------------------------------------------------------------------------------------------------------------------------------------------------------------------------------------------------------------------------------------------------------------------------------------------------------------------------------------------------------------------------------------------------------------------------------------------------------------------------------------------------------------------------------------------------------------------+
; Signal Integrity Metrics (Fast 1200mv 0c Model)                                                                                                                                                                                                                                                                                                                                                                                                                                                                                                                                                                                                                                            ;
+---------------+--------------+---------------------+---------------------+------------------------------+------------------------------+---------------------+---------------------+--------------------------------------+--------------------------------------+-----------------------------+-----------------------------+----------------------------+----------------------------+-----------------------------+-----------------------------+--------------------+--------------------+-------------------------------------+-------------------------------------+----------------------------+----------------------------+---------------------------+---------------------------+
; Pin           ; I/O Standard ; Board Delay on Rise ; Board Delay on Fall ; Steady State Voh at FPGA Pin ; Steady State Vol at FPGA Pin ; Voh Max at FPGA Pin ; Vol Min at FPGA Pin ; Ringback Voltage on Rise at FPGA Pin ; Ringback Voltage on Fall at FPGA Pin ; 10-90 Rise Time at FPGA Pin ; 90-10 Fall Time at FPGA Pin ; Monotonic Rise at FPGA Pin ; Monotonic Fall at FPGA Pin ; Steady State Voh at Far-end ; Steady State Vol at Far-end ; Voh Max at Far-end ; Vol Min at Far-end ; Ringback Voltage on Rise at Far-end ; Ringback Voltage on Fall at Far-end ; 10-90 Rise Time at Far-end ; 90-10 Fall Time at Far-end ; Monotonic Rise at Far-end ; Monotonic Fall at Far-end ;
+---------------+--------------+---------------------+---------------------+------------------------------+------------------------------+---------------------+---------------------+--------------------------------------+--------------------------------------+-----------------------------+-----------------------------+----------------------------+----------------------------+-----------------------------+-----------------------------+--------------------+--------------------+-------------------------------------+-------------------------------------+----------------------------+----------------------------+---------------------------+---------------------------+
; B8            ; 2.5 V        ; 0 s                 ; 0 s                 ; 2.62 V                       ; 4.66e-08 V                   ; 2.73 V              ; -0.0205 V           ; 0.17 V                               ; 0.027 V                              ; 2.58e-10 s                  ; 2.57e-10 s                  ; Yes                        ; Yes                        ; 2.62 V                      ; 4.66e-08 V                  ; 2.73 V             ; -0.0205 V          ; 0.17 V                              ; 0.027 V                             ; 2.58e-10 s                 ; 2.57e-10 s                 ; Yes                       ; Yes                       ;
; B7            ; 2.5 V        ; 0 s                 ; 0 s                 ; 2.62 V                       ; 4.66e-08 V                   ; 2.72 V              ; -0.0215 V           ; 0.161 V                              ; 0.061 V                              ; 4.44e-10 s                  ; 4.06e-10 s                  ; No                         ; Yes                        ; 2.62 V                      ; 4.66e-08 V                  ; 2.72 V             ; -0.0215 V          ; 0.161 V                             ; 0.061 V                             ; 4.44e-10 s                 ; 4.06e-10 s                 ; No                        ; Yes                       ;
; B6            ; 2.5 V        ; 0 s                 ; 0 s                 ; 2.62 V                       ; 4.66e-08 V                   ; 2.72 V              ; -0.0215 V           ; 0.161 V                              ; 0.061 V                              ; 4.44e-10 s                  ; 4.06e-10 s                  ; No                         ; Yes                        ; 2.62 V                      ; 4.66e-08 V                  ; 2.72 V             ; -0.0215 V          ; 0.161 V                             ; 0.061 V                             ; 4.44e-10 s                 ; 4.06e-10 s                 ; No                        ; Yes                       ;
; B5            ; 2.5 V        ; 0 s                 ; 0 s                 ; 2.62 V                       ; 4.66e-08 V                   ; 2.72 V              ; -0.0215 V           ; 0.161 V                              ; 0.061 V                              ; 4.44e-10 s                  ; 4.06e-10 s                  ; No                         ; Yes                        ; 2.62 V                      ; 4.66e-08 V                  ; 2.72 V             ; -0.0215 V          ; 0.161 V                             ; 0.061 V                             ; 4.44e-10 s                 ; 4.06e-10 s                 ; No                        ; Yes                       ;
; B4            ; 2.5 V        ; 0 s                 ; 0 s                 ; 2.62 V                       ; 4.66e-08 V                   ; 2.73 V              ; -0.0205 V           ; 0.17 V                               ; 0.027 V                              ; 2.58e-10 s                  ; 2.57e-10 s                  ; Yes                        ; Yes                        ; 2.62 V                      ; 4.66e-08 V                  ; 2.73 V             ; -0.0205 V          ; 0.17 V                              ; 0.027 V                             ; 2.58e-10 s                 ; 2.57e-10 s                 ; Yes                       ; Yes                       ;
; B3            ; 2.5 V        ; 0 s                 ; 0 s                 ; 2.62 V                       ; 4.66e-08 V                   ; 2.73 V              ; -0.0205 V           ; 0.17 V                               ; 0.027 V                              ; 2.58e-10 s                  ; 2.57e-10 s                  ; Yes                        ; Yes                        ; 2.62 V                      ; 4.66e-08 V                  ; 2.73 V             ; -0.0205 V          ; 0.17 V                              ; 0.027 V                             ; 2.58e-10 s                 ; 2.57e-10 s                 ; Yes                       ; Yes                       ;
; B2            ; 2.5 V        ; 0 s                 ; 0 s                 ; 2.62 V                       ; 4.66e-08 V                   ; 2.73 V              ; -0.0205 V           ; 0.17 V                               ; 0.027 V                              ; 2.58e-10 s                  ; 2.57e-10 s                  ; Yes                        ; Yes                        ; 2.62 V                      ; 4.66e-08 V                  ; 2.73 V             ; -0.0205 V          ; 0.17 V                              ; 0.027 V                             ; 2.58e-10 s                 ; 2.57e-10 s                 ; Yes                       ; Yes                       ;
; B1            ; 2.5 V        ; 0 s                 ; 0 s                 ; 2.62 V                       ; 4.66e-08 V                   ; 2.65 V              ; -0.0115 V           ; 0.219 V                              ; 0.115 V                              ; 1.64e-09 s                  ; 1.57e-09 s                  ; No                         ; Yes                        ; 2.62 V                      ; 4.66e-08 V                  ; 2.65 V             ; -0.0115 V          ; 0.219 V                             ; 0.115 V                             ; 1.64e-09 s                 ; 1.57e-09 s                 ; No                        ; Yes                       ;
; B0            ; 2.5 V        ; 0 s                 ; 0 s                 ; 2.62 V                       ; 4.66e-08 V                   ; 2.72 V              ; -0.0215 V           ; 0.161 V                              ; 0.061 V                              ; 4.44e-10 s                  ; 4.06e-10 s                  ; No                         ; Yes                        ; 2.62 V                      ; 4.66e-08 V                  ; 2.72 V             ; -0.0215 V          ; 0.161 V                             ; 0.061 V                             ; 4.44e-10 s                 ; 4.06e-10 s                 ; No                        ; Yes                       ;
; salida        ; 2.5 V        ; 0 s                 ; 0 s                 ; 2.62 V                       ; 4.66e-08 V                   ; 2.65 V              ; -0.0115 V           ; 0.219 V                              ; 0.115 V                              ; 1.64e-09 s                  ; 1.57e-09 s                  ; No                         ; Yes                        ; 2.62 V                      ; 4.66e-08 V                  ; 2.65 V             ; -0.0115 V          ; 0.219 V                             ; 0.115 V                             ; 1.64e-09 s                 ; 1.57e-09 s                 ; No                        ; Yes                       ;
; salida5       ; 2.5 V        ; 0 s                 ; 0 s                 ; 2.62 V                       ; 4.66e-08 V                   ; 2.73 V              ; -0.0205 V           ; 0.17 V                               ; 0.027 V                              ; 2.58e-10 s                  ; 2.57e-10 s                  ; Yes                        ; Yes                        ; 2.62 V                      ; 4.66e-08 V                  ; 2.73 V             ; -0.0205 V          ; 0.17 V                              ; 0.027 V                             ; 2.58e-10 s                 ; 2.57e-10 s                 ; Yes                       ; Yes                       ;
; CLEAR         ; 2.5 V        ; 0 s                 ; 0 s                 ; 2.62 V                       ; 4.66e-08 V                   ; 2.72 V              ; -0.0215 V           ; 0.161 V                              ; 0.061 V                              ; 4.44e-10 s                  ; 4.06e-10 s                  ; No                         ; Yes                        ; 2.62 V                      ; 4.66e-08 V                  ; 2.72 V             ; -0.0215 V          ; 0.161 V                             ; 0.061 V                             ; 4.44e-10 s                 ; 4.06e-10 s                 ; No                        ; Yes                       ;
; SB0           ; 2.5 V        ; 0 s                 ; 0 s                 ; 2.62 V                       ; 4.66e-08 V                   ; 2.72 V              ; -0.0215 V           ; 0.161 V                              ; 0.061 V                              ; 4.44e-10 s                  ; 4.06e-10 s                  ; No                         ; Yes                        ; 2.62 V                      ; 4.66e-08 V                  ; 2.72 V             ; -0.0215 V          ; 0.161 V                             ; 0.061 V                             ; 4.44e-10 s                 ; 4.06e-10 s                 ; No                        ; Yes                       ;
; SB1           ; 2.5 V        ; 0 s                 ; 0 s                 ; 2.62 V                       ; 4.66e-08 V                   ; 2.73 V              ; -0.0205 V           ; 0.17 V                               ; 0.027 V                              ; 2.58e-10 s                  ; 2.57e-10 s                  ; Yes                        ; Yes                        ; 2.62 V                      ; 4.66e-08 V                  ; 2.73 V             ; -0.0205 V          ; 0.17 V                              ; 0.027 V                             ; 2.58e-10 s                 ; 2.57e-10 s                 ; Yes                       ; Yes                       ;
; SB2           ; 2.5 V        ; 0 s                 ; 0 s                 ; 2.62 V                       ; 4.66e-08 V                   ; 2.72 V              ; -0.0215 V           ; 0.161 V                              ; 0.061 V                              ; 4.44e-10 s                  ; 4.06e-10 s                  ; No                         ; Yes                        ; 2.62 V                      ; 4.66e-08 V                  ; 2.72 V             ; -0.0215 V          ; 0.161 V                             ; 0.061 V                             ; 4.44e-10 s                 ; 4.06e-10 s                 ; No                        ; Yes                       ;
; SB3           ; 2.5 V        ; 0 s                 ; 0 s                 ; 2.62 V                       ; 4.66e-08 V                   ; 2.73 V              ; -0.0205 V           ; 0.17 V                               ; 0.027 V                              ; 2.58e-10 s                  ; 2.57e-10 s                  ; Yes                        ; Yes                        ; 2.62 V                      ; 4.66e-08 V                  ; 2.73 V             ; -0.0205 V          ; 0.17 V                              ; 0.027 V                             ; 2.58e-10 s                 ; 2.57e-10 s                 ; Yes                       ; Yes                       ;
; SB4           ; 2.5 V        ; 0 s                 ; 0 s                 ; 2.62 V                       ; 4.66e-08 V                   ; 2.73 V              ; -0.0205 V           ; 0.17 V                               ; 0.027 V                              ; 2.58e-10 s                  ; 2.57e-10 s                  ; Yes                        ; Yes                        ; 2.62 V                      ; 4.66e-08 V                  ; 2.73 V             ; -0.0205 V          ; 0.17 V                              ; 0.027 V                             ; 2.58e-10 s                 ; 2.57e-10 s                 ; Yes                       ; Yes                       ;
; SB5           ; 2.5 V        ; 0 s                 ; 0 s                 ; 2.62 V                       ; 4.66e-08 V                   ; 2.65 V              ; -0.0115 V           ; 0.219 V                              ; 0.115 V                              ; 1.64e-09 s                  ; 1.57e-09 s                  ; No                         ; Yes                        ; 2.62 V                      ; 4.66e-08 V                  ; 2.65 V             ; -0.0115 V          ; 0.219 V                             ; 0.115 V                             ; 1.64e-09 s                 ; 1.57e-09 s                 ; No                        ; Yes                       ;
; salida30      ; 2.5 V        ; 0 s                 ; 0 s                 ; 2.62 V                       ; 4.66e-08 V                   ; 2.72 V              ; -0.0215 V           ; 0.161 V                              ; 0.061 V                              ; 4.44e-10 s                  ; 4.06e-10 s                  ; No                         ; Yes                        ; 2.62 V                      ; 4.66e-08 V                  ; 2.72 V             ; -0.0215 V          ; 0.161 V                             ; 0.061 V                             ; 4.44e-10 s                 ; 4.06e-10 s                 ; No                        ; Yes                       ;
; ~ALTERA_NCEO~ ; 2.5 V        ; 0 s                 ; 0 s                 ; 2.62 V                       ; 3.06e-08 V                   ; 2.86 V              ; -0.0341 V           ; 0.364 V                              ; 0.046 V                              ; 1.17e-10 s                  ; 2.6e-10 s                   ; No                         ; Yes                        ; 2.62 V                      ; 3.06e-08 V                  ; 2.86 V             ; -0.0341 V          ; 0.364 V                             ; 0.046 V                             ; 1.17e-10 s                 ; 2.6e-10 s                  ; No                        ; Yes                       ;
; ~ALTERA_DCLK~ ; 2.5 V        ; 0 s                 ; 0 s                 ; 2.62 V                       ; 3.81e-08 V                   ; 2.72 V              ; -0.0542 V           ; 0.144 V                              ; 0.087 V                              ; 2.55e-10 s                  ; 2.14e-10 s                  ; Yes                        ; Yes                        ; 2.62 V                      ; 3.81e-08 V                  ; 2.72 V             ; -0.0542 V          ; 0.144 V                             ; 0.087 V                             ; 2.55e-10 s                 ; 2.14e-10 s                 ; Yes                       ; Yes                       ;
+---------------+--------------+---------------------+---------------------+------------------------------+------------------------------+---------------------+---------------------+--------------------------------------+--------------------------------------+-----------------------------+-----------------------------+----------------------------+----------------------------+-----------------------------+-----------------------------+--------------------+--------------------+-------------------------------------+-------------------------------------+----------------------------+----------------------------+---------------------------+---------------------------+


+-------------------------------------------------------------------+
; Setup Transfers                                                   ;
+------------+----------+----------+----------+----------+----------+
; From Clock ; To Clock ; RR Paths ; FR Paths ; RF Paths ; FF Paths ;
+------------+----------+----------+----------+----------+----------+
; CLK        ; CLK      ; 7        ; 0        ; 0        ; 0        ;
; FF0        ; CLK      ; 4        ; 4        ; 0        ; 0        ;
; FF1        ; CLK      ; 3        ; 3        ; 0        ; 0        ;
; FF2        ; CLK      ; 3        ; 3        ; 0        ; 0        ;
; FF3        ; CLK      ; 3        ; 3        ; 0        ; 0        ;
; inst6      ; CLK      ; 3        ; 6        ; 0        ; 0        ;
; FF1        ; FF0      ; 0        ; 0        ; 1        ; 1        ;
; FF2        ; FF1      ; 0        ; 0        ; 1        ; 1        ;
; FF3        ; FF2      ; 0        ; 0        ; 1        ; 1        ;
; inst6      ; FF3      ; 0        ; 0        ; 1        ; 1        ;
; inst6      ; inst6    ; 0        ; 0        ; 0        ; 1        ;
+------------+----------+----------+----------+----------+----------+
Entries labeled "false path" only account for clock-to-clock false paths and not path-based false paths. As a result, actual path counts may be lower than reported.


+-------------------------------------------------------------------+
; Hold Transfers                                                    ;
+------------+----------+----------+----------+----------+----------+
; From Clock ; To Clock ; RR Paths ; FR Paths ; RF Paths ; FF Paths ;
+------------+----------+----------+----------+----------+----------+
; CLK        ; CLK      ; 7        ; 0        ; 0        ; 0        ;
; FF0        ; CLK      ; 4        ; 4        ; 0        ; 0        ;
; FF1        ; CLK      ; 3        ; 3        ; 0        ; 0        ;
; FF2        ; CLK      ; 3        ; 3        ; 0        ; 0        ;
; FF3        ; CLK      ; 3        ; 3        ; 0        ; 0        ;
; inst6      ; CLK      ; 3        ; 6        ; 0        ; 0        ;
; FF1        ; FF0      ; 0        ; 0        ; 1        ; 1        ;
; FF2        ; FF1      ; 0        ; 0        ; 1        ; 1        ;
; FF3        ; FF2      ; 0        ; 0        ; 1        ; 1        ;
; inst6      ; FF3      ; 0        ; 0        ; 1        ; 1        ;
; inst6      ; inst6    ; 0        ; 0        ; 0        ; 1        ;
+------------+----------+----------+----------+----------+----------+
Entries labeled "false path" only account for clock-to-clock false paths and not path-based false paths. As a result, actual path counts may be lower than reported.


+-------------------------------------------------------------------+
; Recovery Transfers                                                ;
+------------+----------+----------+----------+----------+----------+
; From Clock ; To Clock ; RR Paths ; FR Paths ; RF Paths ; FF Paths ;
+------------+----------+----------+----------+----------+----------+
; FF0        ; CLK      ; 1        ; 1        ; 0        ; 0        ;
; FF1        ; CLK      ; 1        ; 1        ; 0        ; 0        ;
; FF2        ; CLK      ; 1        ; 1        ; 0        ; 0        ;
; FF3        ; CLK      ; 1        ; 1        ; 0        ; 0        ;
; inst6      ; CLK      ; 1        ; 2        ; 0        ; 0        ;
; FF0        ; FF0      ; 0        ; 0        ; 1        ; 1        ;
; FF1        ; FF0      ; 0        ; 0        ; 1        ; 1        ;
; FF2        ; FF0      ; 0        ; 0        ; 1        ; 1        ;
; FF3        ; FF0      ; 0        ; 0        ; 1        ; 1        ;
; inst6      ; FF0      ; 0        ; 0        ; 1        ; 2        ;
; FF0        ; FF1      ; 0        ; 0        ; 1        ; 1        ;
; FF1        ; FF1      ; 0        ; 0        ; 1        ; 1        ;
; FF2        ; FF1      ; 0        ; 0        ; 1        ; 1        ;
; FF3        ; FF1      ; 0        ; 0        ; 1        ; 1        ;
; inst6      ; FF1      ; 0        ; 0        ; 1        ; 2        ;
; FF0        ; FF2      ; 0        ; 0        ; 1        ; 1        ;
; FF1        ; FF2      ; 0        ; 0        ; 1        ; 1        ;
; FF2        ; FF2      ; 0        ; 0        ; 1        ; 1        ;
; FF3        ; FF2      ; 0        ; 0        ; 1        ; 1        ;
; inst6      ; FF2      ; 0        ; 0        ; 1        ; 2        ;
; FF0        ; FF3      ; 0        ; 0        ; 1        ; 1        ;
; FF1        ; FF3      ; 0        ; 0        ; 1        ; 1        ;
; FF2        ; FF3      ; 0        ; 0        ; 1        ; 1        ;
; FF3        ; FF3      ; 0        ; 0        ; 1        ; 1        ;
; inst6      ; FF3      ; 0        ; 0        ; 1        ; 2        ;
; FF0        ; inst6    ; 0        ; 0        ; 1        ; 1        ;
; FF1        ; inst6    ; 0        ; 0        ; 1        ; 1        ;
; FF2        ; inst6    ; 0        ; 0        ; 1        ; 1        ;
; FF3        ; inst6    ; 0        ; 0        ; 1        ; 1        ;
; inst6      ; inst6    ; 0        ; 0        ; 1        ; 2        ;
+------------+----------+----------+----------+----------+----------+
Entries labeled "false path" only account for clock-to-clock false paths and not path-based false paths. As a result, actual path counts may be lower than reported.


+-------------------------------------------------------------------+
; Removal Transfers                                                 ;
+------------+----------+----------+----------+----------+----------+
; From Clock ; To Clock ; RR Paths ; FR Paths ; RF Paths ; FF Paths ;
+------------+----------+----------+----------+----------+----------+
; FF0        ; CLK      ; 1        ; 1        ; 0        ; 0        ;
; FF1        ; CLK      ; 1        ; 1        ; 0        ; 0        ;
; FF2        ; CLK      ; 1        ; 1        ; 0        ; 0        ;
; FF3        ; CLK      ; 1        ; 1        ; 0        ; 0        ;
; inst6      ; CLK      ; 1        ; 2        ; 0        ; 0        ;
; FF0        ; FF0      ; 0        ; 0        ; 1        ; 1        ;
; FF1        ; FF0      ; 0        ; 0        ; 1        ; 1        ;
; FF2        ; FF0      ; 0        ; 0        ; 1        ; 1        ;
; FF3        ; FF0      ; 0        ; 0        ; 1        ; 1        ;
; inst6      ; FF0      ; 0        ; 0        ; 1        ; 2        ;
; FF0        ; FF1      ; 0        ; 0        ; 1        ; 1        ;
; FF1        ; FF1      ; 0        ; 0        ; 1        ; 1        ;
; FF2        ; FF1      ; 0        ; 0        ; 1        ; 1        ;
; FF3        ; FF1      ; 0        ; 0        ; 1        ; 1        ;
; inst6      ; FF1      ; 0        ; 0        ; 1        ; 2        ;
; FF0        ; FF2      ; 0        ; 0        ; 1        ; 1        ;
; FF1        ; FF2      ; 0        ; 0        ; 1        ; 1        ;
; FF2        ; FF2      ; 0        ; 0        ; 1        ; 1        ;
; FF3        ; FF2      ; 0        ; 0        ; 1        ; 1        ;
; inst6      ; FF2      ; 0        ; 0        ; 1        ; 2        ;
; FF0        ; FF3      ; 0        ; 0        ; 1        ; 1        ;
; FF1        ; FF3      ; 0        ; 0        ; 1        ; 1        ;
; FF2        ; FF3      ; 0        ; 0        ; 1        ; 1        ;
; FF3        ; FF3      ; 0        ; 0        ; 1        ; 1        ;
; inst6      ; FF3      ; 0        ; 0        ; 1        ; 2        ;
; FF0        ; inst6    ; 0        ; 0        ; 1        ; 1        ;
; FF1        ; inst6    ; 0        ; 0        ; 1        ; 1        ;
; FF2        ; inst6    ; 0        ; 0        ; 1        ; 1        ;
; FF3        ; inst6    ; 0        ; 0        ; 1        ; 1        ;
; inst6      ; inst6    ; 0        ; 0        ; 1        ; 2        ;
+------------+----------+----------+----------+----------+----------+
Entries labeled "false path" only account for clock-to-clock false paths and not path-based false paths. As a result, actual path counts may be lower than reported.


---------------
; Report TCCS ;
---------------
No dedicated SERDES Transmitter circuitry present in device or used in design


---------------
; Report RSKM ;
---------------
No non-DPA dedicated SERDES Receiver circuitry present in device or used in design


+------------------------------------------------+
; Unconstrained Paths                            ;
+---------------------------------+-------+------+
; Property                        ; Setup ; Hold ;
+---------------------------------+-------+------+
; Illegal Clocks                  ; 0     ; 0    ;
; Unconstrained Clocks            ; 0     ; 0    ;
; Unconstrained Input Ports       ; 0     ; 0    ;
; Unconstrained Input Port Paths  ; 0     ; 0    ;
; Unconstrained Output Ports      ; 19    ; 19   ;
; Unconstrained Output Port Paths ; 48    ; 48   ;
+---------------------------------+-------+------+


+------------------------------------+
; TimeQuest Timing Analyzer Messages ;
+------------------------------------+
Info: *******************************************************************
Info: Running Quartus II 64-Bit TimeQuest Timing Analyzer
    Info: Version 13.1.0 Build 162 10/23/2013 SJ Web Edition
    Info: Processing started: Mon Jun 16 16:43:54 2025
Info: Command: quartus_sta tp2 -c tp2
Info: qsta_default_script.tcl version: #1
Warning (20028): Parallel compilation is not licensed and has been disabled
Info (21076): High junction temperature operating condition is not set. Assuming a default value of '85'.
Info (21076): Low junction temperature operating condition is not set. Assuming a default value of '0'.
Critical Warning (332012): Synopsys Design Constraints File file not found: 'tp2.sdc'. A Synopsys Design Constraints File is required by the TimeQuest Timing Analyzer to get proper timing constraints. Without it, the Compiler will not properly optimize the design.
Info (332142): No user constrained base clocks found in the design. Calling "derive_clocks -period 1.0"
Info (332105): Deriving Clocks
    Info (332105): create_clock -period 1.000 -name CLK CLK
    Info (332105): create_clock -period 1.000 -name FF2 FF2
    Info (332105): create_clock -period 1.000 -name FF3 FF3
    Info (332105): create_clock -period 1.000 -name inst6 inst6
    Info (332105): create_clock -period 1.000 -name FF1 FF1
    Info (332105): create_clock -period 1.000 -name FF0 FF0
Info (332143): No user constrained clock uncertainty found in the design. Calling "derive_clock_uncertainty"
Info (332123): Deriving Clock Uncertainty. Please refer to report_sdc in TimeQuest to see clock uncertainties.
Info: Found TIMEQUEST_REPORT_SCRIPT_INCLUDE_DEFAULT_ANALYSIS = ON
Info: Analyzing Slow 1200mV 85C Model
Critical Warning (332148): Timing requirements not met
    Info (11105): For recommendations on closing timing, run Report Timing Closure Recommendations in the TimeQuest Timing Analyzer.
Info (332146): Worst-case setup slack is -0.298
    Info (332119):     Slack       End Point TNS Clock 
    Info (332119): ========= =================== =====================
    Info (332119):    -0.298              -0.710 CLK 
    Info (332119):    -0.067              -0.067 FF2 
    Info (332119):     0.081               0.000 FF3 
    Info (332119):     0.128               0.000 FF1 
    Info (332119):     0.317               0.000 inst6 
    Info (332119):     0.606               0.000 FF0 
Info (332146): Worst-case hold slack is -0.470
    Info (332119):     Slack       End Point TNS Clock 
    Info (332119): ========= =================== =====================
    Info (332119):    -0.470              -0.470 FF0 
    Info (332119):    -0.026              -0.039 CLK 
    Info (332119):     0.018               0.000 FF1 
    Info (332119):     0.069               0.000 FF3 
    Info (332119):     0.181               0.000 FF2 
    Info (332119):     0.384               0.000 inst6 
Info (332146): Worst-case recovery slack is -1.456
    Info (332119):     Slack       End Point TNS Clock 
    Info (332119): ========= =================== =====================
    Info (332119):    -1.456              -1.456 FF2 
    Info (332119):    -1.302              -1.302 inst6 
    Info (332119):    -1.293              -1.293 FF1 
    Info (332119):    -1.190              -1.190 FF3 
    Info (332119):    -0.687              -0.687 FF0 
    Info (332119):    -0.498              -0.498 CLK 
Info (332146): Worst-case removal slack is -1.149
    Info (332119):     Slack       End Point TNS Clock 
    Info (332119): ========= =================== =====================
    Info (332119):    -1.149              -1.149 CLK 
    Info (332119):    -0.312              -0.312 FF0 
    Info (332119):     0.212               0.000 FF3 
    Info (332119):     0.301               0.000 FF1 
    Info (332119):     0.301               0.000 inst6 
    Info (332119):     0.470               0.000 FF2 
Info (332146): Worst-case minimum pulse width slack is -3.000
    Info (332119):     Slack       End Point TNS Clock 
    Info (332119): ========= =================== =====================
    Info (332119):    -3.000              -7.000 CLK 
    Info (332119):    -1.000              -1.000 FF0 
    Info (332119):    -1.000              -1.000 FF1 
    Info (332119):    -1.000              -1.000 FF2 
    Info (332119):    -1.000              -1.000 FF3 
    Info (332119):    -1.000              -1.000 inst6 
Info: Analyzing Slow 1200mV 0C Model
Info (334003): Started post-fitting delay annotation
Info (334004): Delay annotation completed successfully
Info (332123): Deriving Clock Uncertainty. Please refer to report_sdc in TimeQuest to see clock uncertainties.
Critical Warning (332148): Timing requirements not met
    Info (11105): For recommendations on closing timing, run Report Timing Closure Recommendations in the TimeQuest Timing Analyzer.
Info (332146): Worst-case setup slack is -0.195
    Info (332119):     Slack       End Point TNS Clock 
    Info (332119): ========= =================== =====================
    Info (332119):    -0.195              -0.409 CLK 
    Info (332119):     0.000               0.000 FF2 
    Info (332119):     0.129               0.000 FF3 
    Info (332119):     0.168               0.000 FF1 
    Info (332119):     0.398               0.000 inst6 
    Info (332119):     0.594               0.000 FF0 
Info (332146): Worst-case hold slack is -0.411
    Info (332119):     Slack       End Point TNS Clock 
    Info (332119): ========= =================== =====================
    Info (332119):    -0.411              -0.411 FF0 
    Info (332119):     0.001               0.000 CLK 
    Info (332119):     0.023               0.000 FF1 
    Info (332119):     0.066               0.000 FF3 
    Info (332119):     0.161               0.000 FF2 
    Info (332119):     0.341               0.000 inst6 
Info (332146): Worst-case recovery slack is -1.226
    Info (332119):     Slack       End Point TNS Clock 
    Info (332119): ========= =================== =====================
    Info (332119):    -1.226              -1.226 FF2 
    Info (332119):    -1.083              -1.083 inst6 
    Info (332119):    -1.082              -1.082 FF1 
    Info (332119):    -0.977              -0.977 FF3 
    Info (332119):    -0.533              -0.533 FF0 
    Info (332119):    -0.398              -0.398 CLK 
Info (332146): Worst-case removal slack is -1.042
    Info (332119):     Slack       End Point TNS Clock 
    Info (332119): ========= =================== =====================
    Info (332119):    -1.042              -1.042 CLK 
    Info (332119):    -0.277              -0.277 FF0 
    Info (332119):     0.186               0.000 FF3 
    Info (332119):     0.265               0.000 inst6 
    Info (332119):     0.267               0.000 FF1 
    Info (332119):     0.418               0.000 FF2 
Info (332146): Worst-case minimum pulse width slack is -3.000
    Info (332119):     Slack       End Point TNS Clock 
    Info (332119): ========= =================== =====================
    Info (332119):    -3.000              -7.000 CLK 
    Info (332119):    -1.000              -1.000 FF0 
    Info (332119):    -1.000              -1.000 FF1 
    Info (332119):    -1.000              -1.000 FF2 
    Info (332119):    -1.000              -1.000 FF3 
    Info (332119):    -1.000              -1.000 inst6 
Info: Analyzing Fast 1200mV 0C Model
Info (332123): Deriving Clock Uncertainty. Please refer to report_sdc in TimeQuest to see clock uncertainties.
Critical Warning (332148): Timing requirements not met
    Info (11105): For recommendations on closing timing, run Report Timing Closure Recommendations in the TimeQuest Timing Analyzer.
Info (332146): Worst-case setup slack is -0.008
    Info (332119):     Slack       End Point TNS Clock 
    Info (332119): ========= =================== =====================
    Info (332119):    -0.008              -0.016 CLK 
    Info (332119):     0.198               0.000 FF2 
    Info (332119):     0.297               0.000 FF3 
    Info (332119):     0.325               0.000 FF1 
    Info (332119):     0.609               0.000 FF0 
    Info (332119):     0.624               0.000 inst6 
Info (332146): Worst-case hold slack is -0.309
    Info (332119):     Slack       End Point TNS Clock 
    Info (332119): ========= =================== =====================
    Info (332119):    -0.309              -0.309 FF0 
    Info (332119):    -0.095              -0.172 CLK 
    Info (332119):    -0.020              -0.020 FF1 
    Info (332119):     0.010               0.000 FF3 
    Info (332119):     0.084               0.000 FF2 
    Info (332119):     0.206               0.000 inst6 
Info (332146): Worst-case recovery slack is -0.461
    Info (332119):     Slack       End Point TNS Clock 
    Info (332119): ========= =================== =====================
    Info (332119):    -0.461              -0.461 FF2 
    Info (332119):    -0.379              -0.379 inst6 
    Info (332119):    -0.363              -0.363 FF1 
    Info (332119):    -0.316              -0.316 FF3 
    Info (332119):    -0.024              -0.024 CLK 
    Info (332119):    -0.016              -0.016 FF0 
Info (332146): Worst-case removal slack is -0.697
    Info (332119):     Slack       End Point TNS Clock 
    Info (332119): ========= =================== =====================
    Info (332119):    -0.697              -0.697 CLK 
    Info (332119):    -0.200              -0.200 FF0 
    Info (332119):     0.112               0.000 FF3 
    Info (332119):     0.162               0.000 FF1 
    Info (332119):     0.167               0.000 inst6 
    Info (332119):     0.264               0.000 FF2 
Info (332146): Worst-case minimum pulse width slack is -3.000
    Info (332119):     Slack       End Point TNS Clock 
    Info (332119): ========= =================== =====================
    Info (332119):    -3.000              -7.104 CLK 
    Info (332119):    -1.000              -1.000 FF0 
    Info (332119):    -1.000              -1.000 FF1 
    Info (332119):    -1.000              -1.000 FF2 
    Info (332119):    -1.000              -1.000 FF3 
    Info (332119):    -1.000              -1.000 inst6 
Info (332102): Design is not fully constrained for setup requirements
Info (332102): Design is not fully constrained for hold requirements
Info: Quartus II 64-Bit TimeQuest Timing Analyzer was successful. 0 errors, 5 warnings
    Info: Peak virtual memory: 4645 megabytes
    Info: Processing ended: Mon Jun 16 16:43:57 2025
    Info: Elapsed time: 00:00:03
    Info: Total CPU time (on all processors): 00:00:03


